timestamp,signal
10219,252
10229,268
10240,268
10250,292
10261,292
10271,314
10281,311
10293,325
10303,324
10313,332
10323,332
10281,311
10293,325
10303,324
10313,332
10323,332
10281,311
10293,325
10303,324
10313,332
10323,332
10345,339
10355,337
10366,344
10377,344
10387,350
10397,340
10408,349
10419,341
10429,353
10439,343
10450,354
10461,344
10471,353
10482,346
10492,350
10503,348
10513,349
10524,350
10534,345
10545,350
10556,345
10566,349
10576,343
10587,353
10598,343
10608,355
10618,344
10629,355
10640,347
10650,357
10660,351
10672,358
10683,356
10694,352
10706,357
10718,348
10729,359
10740,347
10752,353
10763,354
10775,346
10786,357
10798,347
10809,359
10820,352
10831,352
10844,355
10855,348
10866,359
10877,349
10889,354
10900,347
10912,345
10924,352
10935,342
10946,352
10957,344
10969,352
10981,346
10992,344
11003,349
11015,338
11026,349
11038,342
11049,348
11061,345
11072,338
11083,344
11095,335
11107,347
11118,337
11129,339
11141,339
11152,335
11163,341
11175,334
11187,343
11198,337
11209,340
11220,339
11232,330
11244,344
11255,333
11267,343
11278,335
11289,336
11300,339
11313,330
11324,341
11335,334
11346,339
11358,334
11370,334
11381,337
11393,327
11404,338
11415,330
11426,336
11439,334
11450,333
11461,336
11472,327
11484,337
11495,329
11507,332
11518,331
11530,326
11541,337
11552,329
11564,347
11576,350
11587,336
11598,322
11610,317
11621,356
11632,369
11644,310
11656,356
11667,333
11678,378
11689,288
11701,376
11713,340
11724,350
11736,305
11747,362
11758,337
11770,309
11782,356
11793,313
11804,325
11815,328
11827,348
11839,321
11850,308
11862,333
11873,285
11884,324
11895,326
11908,304
11919,309
11930,337
11941,312
11953,316
11964,300
11976,308
11987,303
11999,313
12010,310
12021,314
12033,300
12045,315
12056,313
12067,308
12079,318
12090,311
12102,320
12113,319
12125,320
12136,326
12147,319
12158,331
12171,324
12182,332
12193,327
12205,326
12216,329
12227,320
12239,331
12251,322
12262,328
12273,326
12284,323
12296,326
12308,322
12319,331
12331,324
12342,330
12353,328
12364,326
12377,332
12388,324
12399,335
12410,330
12422,331
12433,331
12445,328
12456,334
12468,328
12479,337
12490,330
12503,332
12514,334
12525,327
12536,338
12548,330
12559,336
12571,335
12582,332
12594,335
12605,331
12616,339
12627,332
12640,337
12651,334
12662,332
12674,337
12685,331
12696,340
12708,335
12720,338
12731,337
12742,333
12753,336
12765,329
12777,338
12788,331
12800,336
12811,336
12822,330
12834,340
12846,327
12857,340
12868,330
12879,339
12891,331
12903,329
12914,341
12925,333
12937,336
12948,334
12959,334
12972,332
12983,330
12994,340
13005,330
13017,340
13028,337
13040,341
13051,332
13063,334
13074,330
13085,364
13096,340
13109,337
13120,375
13131,331
13143,351
13154,362
13165,291
13177,393
13189,322
13200,321
13211,378
13222,316
13235,357
13246,325
13257,313
13268,326
13280,353
13291,298
13303,331
13315,342
13326,314
13337,336
13348,328
13360,325
13372,333
13383,335
13394,343
13406,290
13417,362
13428,321
13441,299
13452,344
13463,324
13474,327
13486,322
13497,336
13509,308
13520,323
13532,324
13543,323
13554,329
13566,327
13578,322
13589,332
13600,326
13612,338
13623,333
13635,339
13646,340
13658,336
13669,343
13680,332
13691,343
13704,337
13715,339
13726,339
13737,335
13749,341
13760,332
13772,341
13784,336
13795,339
13806,340
13817,331
13829,344
13841,334
13852,342
13863,338
13875,337
13886,340
13897,331
13910,340
13921,332
13932,337
13943,333
13955,334
13967,337
13978,331
13989,340
14001,331
14012,336
14023,337
14035,333
14047,341
14058,333
14069,341
14081,334
14092,336
14104,338
14115,332
14127,341
14138,333
14149,340
14160,335
14173,335
14184,338
14195,330
14206,340
14218,330
14229,339
14241,334
14253,335
14264,336
14275,329
14286,341
14299,329
14310,338
14321,332
14332,332
14344,337
14355,329
14367,340
14379,330
14390,338
14401,332
14412,331
14424,336
14436,329
14447,340
14458,331
14470,336
14481,335
14492,331
14504,335
14516,327
14527,341
14538,330
14550,333
14561,336
14573,330
14584,339
14596,328
14607,340
14618,331
14629,335
14642,338
14653,328
14664,346
14675,327
14687,338
14699,345
14710,324
14722,347
14733,328
14744,349
14755,358
14768,365
14779,368
14790,323
14801,332
14813,345
14824,348
14836,347
14848,337
14859,338
14870,351
14881,334
14893,369
14905,330
14916,320
14927,330
14939,332
14950,355
14961,289
14973,351
14985,345
14996,299
15007,334
15019,330
15031,337
15042,324
15053,319
15065,299
15076,338
15087,314
15099,312
15111,297
15122,349
15133,335
15144,318
15156,320
15168,309
15179,335
15191,322
15202,319
15213,320
15224,322
15237,323
15248,319
15259,325
15270,317
15282,325
15293,315
15305,318
15316,313
15328,295
15339,281
15350,258
15362,258
15374,239
15385,243
15396,239
15408,240
15419,260
15431,259
15442,288
15454,290
15465,305
15476,316
15488,317
15500,338
15511,332
15522,349
15534,349
15545,352
15556,361
15568,353
15580,367
15591,355
15602,367
15613,361
15625,363
15637,367
15648,359
15660,373
15671,361
15682,369
15693,364
15706,360
15717,366
15728,356
15739,371
15751,356
15763,364
15774,361
15785,353
15797,364
15808,351
15819,362
15832,357
15843,358
15854,357
15865,352
15877,360
15888,347
15900,360
15911,349
15923,351
15934,352
15945,344
15956,353
15969,343
15980,353
15991,345
16003,344
16014,350
16025,342
16037,351
16049,341
16060,350
16071,343
16082,339
16094,346
16106,338
16117,346
16129,338
16140,346
16151,342
16163,340
16175,346
16186,336
16197,346
16208,336
16220,342
16232,340
16243,337
16254,346
16266,335
16277,344
16288,336
16301,338
16312,340
16323,331
16334,345
16346,331
16357,341
16369,335
16380,333
16392,334
16403,328
16414,341
16425,330
16438,341
16449,335
16460,332
16472,338
16483,332
16495,344
16506,333
16518,337
16529,349
16540,327
16551,351
16564,362
16575,367
16586,322
16598,339
16609,371
16620,315
16632,354
16644,300
16655,356
16666,306
16677,357
16689,317
16701,303
16712,349
16723,292
16735,312
16746,347
16757,298
16770,334
16781,323
16792,334
16803,301
16815,332
16826,300
16838,341
16849,298
16861,319
16872,302
16883,344
16896,288
16907,289
16918,324
16929,341
16941,316
16952,304
16964,308
16975,295
16987,303
16998,342
17009,300
17020,309
17033,321
17044,303
17055,320
17067,315
17078,312
17089,323
17101,319
17113,330
17124,326
17135,332
17146,333
17158,331
17170,341
17181,332
17192,344
17204,337
17215,340
17227,341
17239,334
17250,347
17261,334
17272,347
17284,339
17296,340
17307,345
17318,336
17330,349
17341,338
17352,347
17364,341
17376,340
17387,346
17398,338
17410,349
17421,341
17433,345
17444,344
17456,340
17467,349
17478,338
17489,349
17502,339
17513,343
17524,344
17536,338
17547,346
17558,337
17570,347
17582,339
17593,340
17604,341
17615,336
17628,346
17639,336
17650,344
17661,338
17673,337
17684,343
17696,334
17708,345
17719,335
17730,344
17741,338
17753,335
17765,341
17776,330
17787,346
17799,333
17810,340
17821,338
17833,334
17845,340
17856,330
17867,343
17879,335
17890,338
17902,338
17913,333
17925,339
17936,332
17947,340
17959,335
17971,337
17982,338
17993,331
18004,343
18016,335
18028,337
18039,333
18051,335
18062,335
18073,328
18084,339
18097,327
18108,338
18119,330
18130,332
18142,337
18153,328
18165,340
18177,330
18188,337
18199,333
18210,330
18222,339
18234,327
18245,342
18256,337
18268,347
18279,352
18290,369
18302,361
18314,301
18325,369
18336,363
18348,330
18360,301
18371,375
18382,321
18394,300
18405,355
18416,327
18428,317
18440,357
18451,292
18462,353
18473,314
18485,310
18497,298
18508,317
18520,327
18531,294
18542,313
18553,317
18566,310
18577,345
18588,270
18599,327
18611,325
18622,307
18634,336
18646,334
18657,302
18668,309
18679,325
18692,293
18703,323
18714,311
18725,319
18737,324
18748,315
18760,327
18771,318
18783,334
18794,329
18805,332
18817,336
18829,330
18840,344
18851,334
18863,346
18874,339
18885,342
18897,341
18909,336
18920,349
18931,339
18942,350
18954,342
18966,343
18977,346
18989,338
19000,352
19011,339
19022,346
19035,343
19046,339
19057,346
19068,337
19080,349
19092,339
19103,346
19115,344
19126,340
19137,348
19148,338
19161,350
19172,340
19183,344
19194,346
19206,337
19217,348
19229,337
19240,347
19252,341
19263,342
19274,344
19286,337
19298,346
19309,335
19320,343
19332,340
19343,338
19354,344
19366,334
19378,347
19389,333
19400,342
19411,339
19424,337
19435,342
19446,334
19458,346
19469,335
19480,341
19492,340
19504,333
19515,340
19526,331
19537,343
19549,332
19561,338
19572,336
19584,332
19595,339
19606,329
19617,340
19630,332
19641,335
19652,337
19663,331
19675,342
19686,328
19698,341
19709,333
19721,332
19732,334
19743,327
19755,339
19767,325
19778,330
19789,321
19801,318
19812,319
19824,299
19835,297
19847,273
19858,273
19869,257
19880,250
19893,249
19904,230
19915,241
19927,229
19938,231
19949,230
19961,234
19973,242
19984,236
19995,221
20006,263
20018,244
20030,336
20041,161
20052,229
20064,274
20075,219
20086,287
20099,237
20110,241
20121,243
20132,283
20144,267
20156,241
20167,276
20178,284
20190,266
20201,296
20212,264
20225,270
20236,247
20247,307
20258,303
20270,292
20281,278
20293,290
20304,301
20316,316
20327,329
20338,297
20349,311
20362,326
20373,337
20384,335
20396,342
20407,349
20418,348
20430,367
20442,339
20453,391
20464,355
20475,371
20487,412
20499,334
20510,408
20521,353
20533,387
20544,377
20556,381
20568,386
20579,377
20590,396
20601,389
20613,401
20625,396
20636,389
20647,388
20659,367
20670,366
20681,342
20694,342
20705,324
20716,316
20727,319
20739,314
20750,331
20762,336
20773,355
20785,375
20796,385
20807,415
20818,421
20831,449
20842,450
20853,465
20865,470
20876,470
20888,478
20899,467
20911,478
20922,464
20933,458
20944,458
20957,443
20968,452
20979,437
20990,443
21002,434
21013,426
21025,427
21037,415
21048,424
21059,408
21070,414
21082,407
21094,402
21105,406
21116,391
21128,401
21139,388
21150,392
21163,385
21174,380
21185,385
21196,369
21208,381
21219,372
21231,371
21242,371
21254,364
21265,368
21276,354
21288,365
21300,355
21311,354
21322,357
21334,346
21345,355
21357,342
21368,350
21380,340
21391,341
21402,344
21413,334
21426,345
21437,333
21448,340
21459,332
21471,331
21482,336
21494,327
21506,335
21517,328
21528,338
21539,331
21551,327
21563,333
21574,318
21585,352
21597,311
21608,323
21620,318
21632,311
21643,331
21654,303
21665,311
21677,314
21689,313
21700,319
21711,310
21723,319
21734,312
21745,318
21757,311
21769,320
21780,346
21791,297
21803,348
21814,307
21826,396
21837,255
21849,368
21860,300
21871,353
21882,288
21895,305
21906,328
21917,301
21928,303
21940,346
21951,325
21963,309
21975,278
21986,332
21997,318
22008,289
22021,327
22032,279
22043,325
22054,297
22066,312
22077,284
22089,332
22100,289
22112,289
22123,339
22134,295
22146,297
22158,315
22169,290
22180,304
22192,328
22203,324
22214,275
22226,308
22238,326
22249,289
22260,333
22272,310
22283,306
22295,311
22306,290
22318,316
22329,325
22340,322
22352,293
22364,312
22375,311
22386,313
22397,318
22409,311
22421,323
22432,318
22444,328
22455,327
22466,328
22477,340
22490,332
22501,341
22512,335
22523,338
22535,337
22546,333
22558,344
22569,333
22581,348
22592,335
22603,341
22615,340
22627,335
22638,348
22649,336
22661,343
22672,339
22683,342
22695,341
22707,337
22718,347
22729,331
22740,344
22753,346
22764,336
22775,345
22787,332
22798,347
22809,330
22821,338
22833,338
22844,338
22855,334
22866,336
22878,339
22890,336
22901,335
22913,333
22924,336
22935,332
22946,342
22959,344
22970,342
22981,342
22992,342
23004,340
23015,347
23027,329
23038,354
23050,342
23061,348
23072,340
23085,341
23096,352
23107,338
23118,353
23130,346
23141,351
23153,354
23164,346
23176,357
23187,349
23198,361
23209,351
23222,356
23233,358
23244,355
23256,365
23267,353
23278,355
23290,351
23302,341
23313,330
23324,312
23335,312
23347,292
23359,290
23370,292
23382,302
23393,325
23404,324
23415,350
23428,344
23439,359
23450,360
23461,359
23473,375
23485,365
23496,377
23507,370
23519,375
23530,378
23541,383
23554,386
23565,372
23576,391
23587,391
23599,348
23610,376
23622,404
23633,384
23645,330
23656,383
23667,350
23678,403
23691,332
23702,383
23713,387
23725,344
23736,324
23747,381
23759,289
23771,370
23782,316
23793,342
23804,331
23817,308
23828,323
23839,352
23851,337
23862,301
23873,352
23885,320
23897,296
23908,330
23919,300
23930,360
23942,324
23954,304
23965,319
23976,293
23988,333
23999,299
24010,328
24023,293
24034,313
24045,300
24056,302
24068,312
24079,301
24091,314
24102,305
24114,312
24125,310
24136,314
24147,323
24160,315
24171,324
24182,318
24194,321
24205,322
24217,314
24228,322
24240,313
24251,324
24262,316
24273,317
24286,320
24297,311
24308,321
24320,309
24331,320
24342,309
24354,312
24366,315
24377,307
24388,319
24399,306
24411,316
24423,312
24434,311
24445,316
24457,308
24468,321
24479,311
24492,320
24503,317
24514,311
24525,322
24537,310
24549,321
24560,313
24571,313
24583,317
24594,309
24605,319
24617,309
24629,319
24640,310
24651,314
24663,317
24674,306
24686,323
24697,311
24709,319
24720,313
24731,311
24742,315
24755,306
24766,321
24777,313
24788,323
24800,314
24811,313
24823,320
24835,311
24846,323
24857,308
24868,321
24880,317
24892,315
24903,324
24914,315
24926,327
24937,320
24949,324
24961,324
24972,321
24983,327
24994,320
25006,329
25018,323
25029,319
25040,331
25052,316
25063,325
25074,315
25086,330
25098,317
25109,324
25120,323
25132,313
25143,329
25155,322
25166,326
25178,320
25189,322
25200,330
25211,319
25224,331
25235,323
25246,330
25257,329
25269,323
25281,335
25292,325
25304,331
25315,342
25326,332
25337,331
25350,345
25361,398
25372,248
25383,383
25395,292
25406,324
25418,357
25430,304
25441,345
25452,321
25463,312
25475,310
25487,338
25498,314
25509,361
25521,299
25532,331
25543,322
25555,332
25567,310
25578,338
25589,320
25601,333
25612,284
25624,320
25635,343
25647,299
25658,323
25669,296
25681,320
25693,332
25704,314
25715,307
25726,311
25738,348
25750,290
25761,346
25773,294
25784,318
25795,336
25806,316
25819,369
25830,296
25841,329
25852,319
25864,352
25875,335
25887,305
25899,323
25910,335
25921,334
25932,308
25944,333
25956,329
25967,324
25978,338
25990,328
26001,337
26013,334
26024,336
26036,341
26047,336
26058,353
26070,341
26082,354
26093,350
26104,345
26116,352
26127,343
26138,357
26150,345
26162,354
26173,350
26184,345
26195,357
26207,343
26219,353
26230,348
26242,350
26253,350
26264,346
26275,355
26288,343
26299,356
26310,346
26321,349
26333,350
26344,344
26356,355
26368,344
26379,354
26390,347
26401,345
26414,350
26425,340
26436,352
26447,342
26459,350
26470,346
26482,345
26493,349
26505,338
26516,353
26527,340
26539,348
26551,341
26562,343
26573,347
26585,335
26596,349
26607,337
26619,342
26631,339
26642,337
26653,344
26664,334
26676,346
26688,335
26699,338
26711,340
26722,335
26733,344
26745,332
26757,343
26768,334
26779,337
26790,337
26802,331
26814,342
26825,329
26836,342
26848,335
26859,335
26870,337
26883,331
26894,344
26905,332
26916,339
26928,335
26939,331
26951,339
26962,328
26974,340
26985,330
26996,336
27008,334
27020,329
27031,338
27042,326
27054,340
27065,331
27076,335
27088,335
27100,331
27111,339
27122,327
27133,338
27146,332
27157,336
27168,345
27180,325
27191,349
27202,316
27214,331
27226,318
27237,389
27248,309
27259,358
27271,297
27283,351
27294,326
27305,333
27317,300
27328,332
27339,348
27352,302
27363,326
27374,338
27385,306
27397,329
27408,311
27420,298
27431,351
27443,295
27454,338
27465,320
27478,331
27489,329
27500,282
27511,331
27523,343
27534,292
27546,356
27557,300
27569,333
27580,323
27591,319
27602,322
27615,320
27626,319
27637,305
27649,333
27660,324
27671,316
27683,328
27695,310
27706,356
27717,287
27728,337
27740,306
27752,332
27763,324
27774,345
27786,312
27797,328
27808,340
27821,314
27832,341
27843,337
27854,328
27866,321
27878,328
27889,336
27900,327
27912,332
27923,329
27934,322
27947,327
27958,299
27969,284
27980,263
27992,258
28003,254
28015,247
28026,258
28038,248
28049,265
28060,266
28071,280
28084,299
28095,301
28106,325
28118,320
28129,339
28140,335
28152,345
28164,350
28175,347
28186,363
28197,357
28210,363
28221,365
28232,360
28243,370
28255,359
28266,375
28278,366
28290,370
28301,372
28312,360
28323,374
28335,361
28347,373
28358,364
28369,369
28381,370
28392,367
28403,377
28416,364
28427,373
28438,365
28449,365
28461,370
28472,361
28484,372
28495,361
28507,368
28518,365
28529,361
28540,366
28553,355
28564,368
28575,356
28587,362
28598,360
28610,354
28621,361
28633,350
28644,361
28655,352
28666,354
28679,352
28690,346
28701,352
28712,340
28724,351
28735,341
28747,343
28759,343
28770,336
28781,343
28792,335
28804,341
28816,340
28827,335
28838,341
28850,330
28861,342
28872,335
28884,343
28896,332
28907,333
28918,338
28930,326
28942,342
28953,327
28964,339
28976,329
28987,338
28998,340
29010,330
29022,346
29033,327
29044,341
29056,345
29067,336
29079,347
29090,349
29102,358
29113,336
29124,356
29135,344
29148,348
29159,342
29170,314
29181,328
29193,305
29204,317
29216,281
29228,304
29239,285
29250,288
29261,288
29273,282
29285,270
29296,283
29307,285
29319,303
29330,281
29342,339
29353,298
29365,261
29376,301
29387,281
29399,255
29411,318
29422,267
29433,281
29445,295
29456,274
29467,262
29479,290
29491,318
29502,214
29513,322
29524,237
29536,345
29548,244
29559,355
29571,269
29582,331
29593,249
29604,306
29617,262
29628,298
29639,286
29650,325
29662,295
29674,281
29685,279
29697,342
29708,253
29719,336
29730,321
29743,284
29754,336
29765,289
29776,298
29788,327
29799,315
29811,339
29822,282
29834,390
29845,303
29856,303
29868,354
29880,314
29891,330
29902,314
29914,371
29925,302
29936,348
29948,315
29960,303
29971,327
29982,341
29993,307
30005,277
30017,322
30028,263
30040,294
30051,289
30062,280
30074,291
30086,280
30097,287
30108,282
30119,282
30131,290
30143,283
30154,301
30166,288
30177,305
30188,302
30199,313
30212,334
30223,339
30234,368
30245,372
30257,395
30268,404
30280,416
30291,442
30303,442
30314,467
30325,460
30337,471
30349,472
30360,466
30371,479
30383,465
30394,474
30406,461
30417,461
30429,456
30440,446
30451,454
30462,437
30475,445
30486,434
30497,429
30509,432
30520,416
30531,428
30543,411
30555,422
30566,412
30577,406
30588,410
30600,394
30612,407
30623,388
30635,394
30646,388
30657,385
30668,388
30681,373
30692,386
30703,374
30714,378
30726,370
30737,363
30749,373
30760,357
30772,367
30783,360
30794,359
30807,357
30818,351
30829,358
30840,346
30852,353
30863,347
30875,347
30886,347
30898,338
30909,346
30920,335
30931,344
30944,336
30955,337
30966,340
30978,329
30989,341
31000,326
31012,335
31024,329
31035,329
31046,332
31057,325
31069,335
31081,325
31092,329
31104,327
31115,324
31126,330
31138,319
31150,331
31161,320
31172,325
31183,320
31195,324
31207,322
31218,315
31229,335
31241,322
31252,330
31263,356
31276,348
31287,314
31298,351
31309,284
31321,290
31332,385
31344,268
31355,336
31367,301
31378,325
31389,296
31400,328
31413,300
31424,297
31435,335
31447,285
31458,330
31469,289
31481,317
31493,274
31504,310
31515,339
31526,283
31539,313
31550,310
31561,318
31572,296
31584,319
31595,348
31607,273
31619,334
31630,291
31641,328
31652,295
31664,310
31676,319
31687,299
31698,315
31710,325
31721,296
31732,328
31745,323
31756,300
31767,339
31778,300
31790,326
31801,320
31813,306
31824,329
31836,320
31847,332
31858,326
31870,325
31882,340
31893,326
31904,344
31916,336
31927,343
31939,343
31950,340
31962,352
31973,338
31984,352
31995,344
32008,349
32019,345
32030,340
32041,350
32053,337
32064,354
32076,342
32088,344
32099,347
32110,338
32121,348
32133,337
32145,347
32156,342
32167,339
32179,347
32190,333
32201,347
32214,333
32225,342
32236,337
32247,336
32259,342
32271,330
32282,342
32293,331
32305,336
32316,333
32327,331
32339,336
32351,325
32362,340
32373,328
32385,334
32396,336
32408,330
32419,337
32431,320
32442,337
32453,329
32464,329
32477,328
32488,326
32499,332
32510,322
32522,331
32533,325
32545,325
32557,329
32568,319
32579,334
32590,319
32603,331
32614,325
32625,321
32636,328
32648,319
32659,332
32671,320
32683,326
32694,324
32705,318
32716,325
32728,316
32740,327
32751,319
32762,324
32774,321
32785,318
32796,325
32808,317
32820,331
32831,314
32842,325
32854,322
32865,319
32877,328
32888,316
32900,326
32911,321
32922,321
32933,324
32946,315
32957,325
32968,310
32979,329
32991,317
33003,312
33014,321
33026,310
33037,330
33048,316
33059,318
33072,322
33083,312
33094,328
33105,307
33117,337
33128,314
33140,325
33152,328
33163,320
33174,329
33185,322
33197,334
33209,320
33220,332
33231,353
33243,302
33254,333
33265,323
33277,316
33289,311
33300,311
33311,291
33323,353
33335,308
33346,334
33357,351
33369,246
33380,351
33391,314
33403,291
33415,302
33426,353
33437,304
33448,282
33460,288
33472,340
33483,322
33495,300
33506,297
33517,365
33528,280
33541,348
33552,334
33563,305
33574,312
33586,342
33597,297
33609,341
33620,279
33632,363
33643,281
33654,328
33666,349
33678,326
33689,337
33700,325
33712,303
33723,353
33735,311
33746,329
33758,304
33769,319
33780,342
33792,319
33804,346
33815,324
33826,326
33838,337
33849,332
33860,318
33872,333
33884,364
33895,295
33906,343
33917,323
33929,331
33941,330
33952,341
33964,330
33975,342
33986,339
33997,335
34010,351
34021,338
34032,353
34043,346
34055,351
34067,351
34078,351
34089,362
34101,352
34112,366
34123,357
34136,359
34147,358
34158,355
34169,364
34181,354
34192,362
34204,359
34215,356
34227,360
34238,352
34249,363
34260,352
34273,359
34284,352
34295,350
34307,358
34318,349
34329,360
34341,347
34353,354
34364,349
34375,347
34386,353
34398,341
34410,356
34421,345
34433,349
34444,346
34455,343
34467,349
34479,340
34490,352
34501,343
34512,346
34524,346
34536,335
34547,354
34558,333
34570,349
34581,339
34592,342
34605,344
34616,334
34627,344
34638,336
34650,347
34661,339
34673,336
34684,343
34696,333
34707,344
34718,334
34729,340
34742,337
34753,334
34764,340
34776,329
34787,340
34799,333
34810,337
34822,335
34833,330
34844,340
34855,328
34868,340
34879,330
34890,329
34902,332
34913,328
34924,339
34936,328
34948,340
34959,330
34970,333
34981,333
34993,326
35005,338
35016,330
35027,336
35039,331
35050,331
35061,349
35074,306
35085,350
35096,332
35107,348
35119,302
35130,324
35142,298
35153,293
35165,360
35176,238
35187,353
35200,285
35211,285
35222,296
35233,286
35245,310
35256,285
35268,267
35279,304
35291,268
35302,293
35313,258
35324,282
35337,289
35348,309
35359,296
35371,300
35382,323
35393,296
35405,294
35417,332
35428,299
35439,301
35450,343
35462,293
35474,294
35485,331
35496,312
35508,327
35519,311
35531,295
35543,315
35554,324
35565,322
35576,338
35588,306
35600,326
35611,320
35622,307
35634,363
35645,303
35656,347
35668,337
35680,312
35691,352
35702,323
35714,319
35725,343
35737,332
35748,333
35760,343
35771,332
35782,341
35793,330
35806,327
35817,318
35828,296
35840,301
35851,283
35862,293
35874,289
35886,293
35897,304
35908,307
35919,330
35932,330
35943,343
35954,350
35965,352
35977,361
35988,355
36000,372
36012,364
36023,372
36034,370
36045,371
36057,379
36069,368
36080,384
36091,371
36103,377
36114,377
36125,370
36137,384
36149,367
36160,382
36171,368
36183,369
36194,370
36206,365
36217,371
36229,359
36240,369
36251,363
36263,363
36275,364
36286,358
36297,369
36308,357
36320,367
36332,360
36343,360
36355,363
36366,351
36377,364
36388,349
36401,356
36412,354
36423,350
36434,356
36446,351
36457,363
36469,358
36481,362
36492,363
36503,355
36514,365
36526,353
36538,363
36549,353
36560,356
36572,356
36583,348
36594,361
36606,348
36618,358
36629,347
36640,348
36652,352
36664,342
36675,352
36686,341
36698,351
36709,344
36720,341
36732,346
36744,339
36755,347
36766,336
36777,345
36789,338
36801,332
36812,342
36824,329
36835,341
36846,335
36857,334
36870,335
36881,327
36892,337
36903,324
36915,342
36926,325
36938,329
36950,326
36961,362
36972,349
36983,344
36996,306
37007,353
37018,324
37029,328
37041,311
37052,321
37064,319
37075,310
37087,323
37098,283
37109,328
37121,280
37133,341
37144,298
37155,308
37167,305
37178,306
37189,312
37201,316
37213,304
37224,295
37235,306
37246,322
37258,289
37270,327
37281,293
37293,321
37304,293
37315,335
37326,312
37339,352
37350,275
37361,334
37372,307
37384,346
37396,303
37407,302
37419,312
37430,344
37441,308
37452,330
37465,315
37476,322
37487,318
37498,324
37510,338
37521,302
37533,326
37544,323
37556,315
37567,328
37578,342
37590,326
37602,309
37613,375
37624,272
37636,334
37647,328
37658,325
37670,336
37682,330
37693,329
37704,326
37715,325
37728,337
37739,323
37750,340
37762,338
37773,340
37784,346
37796,337
37808,354
37819,338
37830,357
37841,345
37853,352
37865,355
37876,346
37888,360
37899,350
37910,360
37921,348
37934,349
37945,355
37956,348
37967,357
37979,348
37990,354
38002,353
38013,347
38025,355
38036,342
38047,356
38059,350
38071,348
38082,349
38093,342
38105,356
38116,343
38128,352
38139,344
38151,347
38162,345
38173,345
38184,350
38197,340
38208,350
38219,343
38231,343
38242,346
38253,336
38265,347
38277,335
38288,346
38299,338
38310,338
38322,344
38334,329
38345,347
38356,333
38368,339
38379,336
38390,333
38403,342
38414,328
38425,343
38436,331
38448,338
38460,333
38471,331
38482,338
38494,325
38505,343
38516,326
38529,336
38540,335
38551,331
38562,337
38574,331
38585,339
38597,331
38608,335
38620,336
38631,329
38642,343
38653,329
38666,337
38677,334
38688,331
38700,338
38711,326
38722,338
38734,331
38746,340
38757,333
38768,333
38779,340
38791,324
38803,341
38814,328
38825,338
38837,335
38848,329
38860,336
38872,328
38883,338
38894,319
38905,336
38917,329
38929,327
38940,336
38951,336
38963,320
38974,326
38985,335
38998,329
39009,327
39020,337
39031,324
39043,335
39054,330
39066,333
39077,330
39089,328
39100,336
39111,331
39122,334
39135,331
39146,335
39157,338
39169,330
39180,358
39192,309
39203,355
39215,324
39226,335
39237,361
39248,315
39261,315
39272,339
39283,346
39294,347
39306,307
39317,368
39329,302
39341,333
39352,299
39363,326
39374,318
39386,275
39398,356
39409,288
39420,328
39432,316
39443,328
39454,327
39467,309
39478,322
39489,314
39500,332
39512,355
39523,292
39535,363
39546,270
39558,338
39569,308
39580,348
39592,316
39604,316
39615,348
39626,310
39638,326
39649,333
39661,335
39672,328
39684,332
39695,325
39706,321
39717,332
39730,336
39741,325
39752,331
39763,337
39775,313
39786,343
39798,321
39810,357
39821,306
39832,347
39843,320
39855,341
39867,330
39878,342
39889,338
39901,339
39912,343
39924,340
39936,355
39947,344
39958,352
39969,348
39981,350
39993,359
40004,350
40015,364
40027,351
40038,363
40049,358
40061,355
40073,361
40084,351
40095,364
40107,349
40118,358
40130,354
40141,350
40153,359
40164,344
40175,360
40186,347
40199,351
40210,349
40221,344
40232,351
40244,342
40255,354
40267,343
40279,342
40290,345
40301,339
40312,349
40325,338
40336,343
40347,340
40358,338
40370,342
40381,331
40393,343
40404,335
40416,341
40427,334
40438,333
40450,340
40462,330
40473,342
40484,331
40496,335
40507,332
40518,329
40530,333
40542,326
40553,335
40564,327
40576,332
40587,328
40599,321
40610,334
40622,323
40633,333
40644,324
40656,330
40668,330
40679,322
40690,332
40701,323
40713,332
40725,324
40736,325
40748,328
40759,322
40770,335
40781,319
40794,332
40805,324
40816,327
40827,325
40839,322
40850,333
40862,323
40873,332
40885,325
40896,324
40907,329
40919,324
40931,335
40942,321
40953,327
40965,325
40976,320
40987,331
40999,321
41011,330
41022,324
41033,327
41044,326
41057,321
41068,331
41079,321
41091,339
41102,327
41113,320
41125,328
41137,319
41148,353
41159,354
41170,326
41182,283
41194,371
41205,275
41217,310
41228,336
41239,305
41250,334
41263,313
41274,294
41285,334
41296,307
41308,326
41319,286
41331,317
41342,291
41354,316
41365,297
41376,312
41389,340
41400,297
41411,328
41422,305
41434,280
41445,355
41457,324
41468,299
41480,350
41491,286
41502,349
41513,309
41526,317
41537,327
41548,293
41560,316
41571,307
41582,345
41594,300
41606,340
41617,289
41628,337
41639,318
41651,321
41663,326
41674,320
41686,337
41697,317
41708,327
41719,331
41732,327
41743,339
41754,321
41765,341
41777,335
41789,338
41800,338
41811,338
41823,348
41834,336
41845,353
41858,345
41869,352
41880,351
41891,345
41903,356
41914,345
41926,356
41937,349
41949,351
41960,352
41971,343
41982,356
41995,341
42006,353
42017,346
42029,344
42040,350
42051,341
42063,352
42075,342
42086,347
42097,344
42108,342
42121,346
42132,336
42143,350
42155,338
42166,347
42177,343
42189,340
42201,349
42212,336
42223,347
42234,341
42246,346
42258,342
42269,340
42280,348
42292,334
42303,348
42314,337
42327,343
42338,342
42349,336
42360,347
42372,333
42383,343
42395,337
42406,338
42418,338
42429,332
42440,340
42451,332
42464,340
42475,335
42486,334
42498,340
42509,330
42521,343
42532,331
42544,339
42555,334
42566,330
42577,336
42590,327
42601,341
42612,328
42624,334
42635,333
42646,329
42658,336
42670,329
42681,340
42692,330
42703,336
42715,336
42727,327
42738,339
42749,327
42761,340
42772,328
42783,334
42796,335
42807,327
42818,337
42829,327
42841,334
42853,331
42864,330
42875,333
42887,329
42898,339
42909,329
42921,338
42933,329
42944,330
42955,336
42967,327
42978,340
42990,327
43001,337
43013,332
43024,330
43035,332
43046,327
43059,334
43070,325
43081,342
43092,330
43104,316
43115,339
43127,313
43139,331
43150,329
43161,306
43172,309
43184,263
43196,269
43207,249
43218,240
43230,262
43241,244
43253,293
43265,222
43276,319
43287,219
43298,321
43310,317
43322,341
43333,298
43344,380
43356,326
43367,322
43378,324
43390,376
43402,295
43413,342
43424,362
43436,350
43447,317
43459,382
43470,321
43482,360
43493,347
43504,322
43515,372
43528,332
43539,353
43550,334
43561,343
43573,347
43585,335
43596,344
43608,376
43619,333
43630,347
43641,353
43654,333
43665,326
43676,336
43687,352
43699,347
43710,333
43722,348
43734,331
43745,382
43756,302
43767,366
43779,331
43791,362
43802,318
43813,361
43825,336
43836,332
43847,350
43859,339
43871,323
43882,345
43893,350
43905,343
43916,331
43928,359
43939,345
43951,337
43962,335
43973,353
43985,344
43997,346
44008,346
44019,345
44030,354
44042,345
44054,360
44065,348
44077,352
44088,358
44099,348
44110,363
44123,350
44134,359
44145,351
44156,349
44168,357
44179,345
44191,361
44203,347
44214,355
44225,351
44236,347
44248,355
44260,344
44271,356
44282,346
44294,351
44305,345
44317,345
44328,350
44340,342
44351,354
44362,343
44374,350
44386,342
44397,339
44408,350
44420,336
44431,347
44442,341
44454,338
44466,340
44477,334
44488,343
44499,332
44511,343
44523,333
44534,337
44546,341
44557,330
44568,345
44579,330
44592,341
44603,335
44614,337
44625,337
44637,329
44648,340
44660,329
44672,338
44683,332
44694,334
44705,334
44718,331
44729,337
44740,329
44751,328
44763,333
44774,324
44786,338
44797,327
44809,339
44820,328
44831,334
44843,333
44855,325
44866,338
44877,326
44889,337
44900,329
44911,329
44923,332
44935,323
44946,335
44957,326
44968,335
44980,325
44992,326
45003,329
45015,325
45026,333
45037,327
45049,334
45061,334
45072,328
45083,331
45094,326
45106,332
45118,325
45129,336
45140,331
45152,313
45163,373
45174,307
45187,323
45198,328
45209,280
45220,352
45232,254
45243,296
45255,261
45266,230
45278,265
45289,229
45300,234
45312,229
45324,285
45335,217
45346,294
45358,290
45369,286
45380,330
45392,299
45404,310
45415,332
45426,337
45437,311
45450,308
45461,367
45472,330
45484,332
45495,332
45506,324
45518,319
45530,332
45541,335
45552,342
45563,342
45575,320
45587,351
45598,334
45609,309
45621,365
45632,338
45643,325
45656,358
45667,320
45678,339
45689,339
45701,356
45712,317
45724,367
45735,317
45747,342
45758,351
45769,332
45782,349
45793,335
45804,344
45815,332
45827,321
45838,301
45850,280
45861,288
45873,277
45884,278
45895,280
45906,275
45919,285
45930,275
45941,298
45953,296
45964,308
45975,321
45987,325
45999,342
46010,342
46021,363
46032,359
46044,373
46056,377
46067,376
46078,391
46090,390
46101,401
46112,403
46125,410
46136,416
46147,413
46158,424
46170,416
46182,428
46193,417
46204,415
46216,416
46227,403
46238,414
46251,400
46262,405
46273,397
46284,393
46296,396
46307,387
46319,390
46330,382
46342,389
46353,389
46364,389
46375,391
46388,377
46399,390
46410,377
46422,378
46433,374
46444,367
46456,371
46468,361
46479,372
46490,360
46501,362
46514,362
46525,353
46536,362
46547,347
46559,359
46570,345
46582,347
46594,343
46605,340
46616,351
46627,339
46639,347
46651,342
46662,337
46673,342
46685,331
46696,344
46707,330
46720,338
46731,334
46742,331
46753,334
46765,326
46776,338
46788,326
46799,336
46811,328
46822,327
46833,333
46844,322
46857,333
46868,321
46879,325
46891,327
46902,319
46914,331
46925,318
46937,331
46948,321
46959,325
46970,326
46983,318
46994,330
47005,321
47016,328
47028,318
47039,317
47051,324
47063,314
47074,326
47085,314
47096,325
47108,314
47120,318
47131,334
47142,304
47154,326
47165,307
47176,323
47188,315
47200,303
47211,320
47222,303
47234,360
47246,318
47257,277
47268,349
47280,252
47291,316
47302,322
47314,282
47326,328
47337,266
47348,337
47360,312
47371,338
47383,291
47394,320
47406,349
47417,284
47428,326
47439,332
47452,318
47463,306
47474,334
47485,297
47497,324
47508,360
47520,307
47532,321
47543,354
47554,299
47565,306
47577,360
47589,307
47600,295
47611,354
47623,318
47634,315
47646,305
47657,331
47669,327
47680,311
47691,304
47703,300
47715,334
47726,299
47737,301
47749,315
47760,304
47771,316
47783,325
47795,303
47806,315
47817,312
47828,314
47840,314
47852,328
47863,338
47875,288
47886,334
47897,308
47908,332
47921,308
47932,328
47943,326
47954,326
47966,332
47978,326
47989,338
48001,331
48012,341
48023,339
48034,337
48047,345
48058,339
48069,349
48080,336
48092,335
48103,329
48115,327
48126,339
48138,325
48149,342
48160,335
48172,339
48184,342
48195,334
48206,346
48218,336
48229,347
48240,341
48252,342
48264,345
48275,335
48286,349
48297,337
48309,344
48321,339
48332,339
48344,341
48355,332
48366,345
48378,323
48390,322
48401,309
48412,305
48423,310
48435,305
48447,319
48458,314
48470,321
48481,320
48492,321
48503,329
48516,320
48527,332
48538,327
48549,332
48561,331
48572,326
48584,337
48595,326
48607,339
48618,328
48629,328
48641,329
48653,322
48664,336
48675,323
48687,337
48698,330
48710,330
48721,335
48733,328
48744,340
48755,330
48766,339
48779,337
48790,332
48801,339
48813,332
48824,344
48835,332
48847,340
48859,339
48870,331
48881,339
48892,324
48904,339
48916,332
48927,327
48939,323
48950,319
48961,331
48972,323
48985,338
48996,326
49007,331
49018,335
49030,327
49041,340
49053,331
49064,335
49076,338
49087,329
49098,343
49111,323
49122,333
49133,357
49144,352
49156,327
49167,294
49179,349
49190,340
49202,328
49213,344
49224,334
49235,322
49248,335
49259,324
49270,288
49282,340
49293,340
49304,311
49316,341
49328,311
49339,350
49350,303
49361,325
49373,364
49385,283
49396,349
49408,320
49419,346
49430,328
49442,307
49454,355
49465,349
49476,280
49487,365
49499,302
49511,363
49522,318
49533,306
49545,356
49556,317
49567,313
49580,353
49591,307
49602,331
49613,335
49625,318
49636,354
49648,312
49659,316
49671,340
49682,318
49693,320
49704,338
49717,336
49728,306
49739,362
49751,309
49762,327
49773,336
49785,336
49797,332
49808,332
49819,321
49830,355
49843,306
49854,360
49865,325
49876,348
49888,319
49899,343
49911,332
49923,341
49934,342
49945,336
49956,352
49968,338
49980,353
49991,348
50002,347
50014,358
50025,347
50036,361
50049,352
50060,360
50071,359
50082,355
50094,360
50105,350
50117,360
50128,352
50140,357
50151,356
50162,350
50174,357
50186,348
50197,361
50208,347
50220,352
50231,352
50243,341
50254,348
50266,334
50277,335
50288,322
50299,310
50312,298
50323,279
50334,292
50345,272
50357,283
50368,282
50380,284
50392,292
50403,290
50414,311
50425,304
50437,323
50449,322
50460,323
50471,335
50483,330
50494,348
50505,340
50518,350
50529,349
50540,347
50551,357
50563,349
50575,360
50586,354
50597,362
50609,362
50620,360
50631,367
50643,358
50655,367
50666,361
50677,363
50689,359
50700,356
50712,367
50723,356
50735,361
50746,356
50757,356
50768,358
50781,350
50792,363
50803,351
50814,357
50826,353
50837,350
50849,354
50861,344
50872,354
50883,342
50894,350
50907,345
50918,342
50929,347
50940,335
50952,350
50963,338
50975,346
50987,341
50998,335
51009,346
51020,334
51032,348
51044,337
51055,337
51066,340
51078,333
51089,340
51100,331
51112,344
51124,335
51135,332
51146,339
51158,329
51169,342
51181,332
51192,338
51204,333
51215,333
51226,339
51237,341
51250,346
51261,323
51272,347
51283,316
51295,323
51307,358
51318,293
51330,331
51341,332
51352,300
51363,383
51376,307
51387,317
51398,315
51409,333
51421,325
51432,307
51444,326
51456,313
51467,325
51478,338
51489,312
51501,320
51513,325
51524,319
51535,303
51547,329
51558,328
51569,329
51581,315
51593,344
51604,298
51615,309
51627,332
51639,292
51650,339
51661,320
51673,318
51684,328
51695,324
51707,325
51719,310
51730,331
51741,344
51752,303
51764,344
51776,311
51787,318
51799,335
51810,313
51821,365
51832,312
51845,340
51856,305
51867,337
51878,311
51890,345
51901,316
51913,314
51924,332
51936,327
51947,334
51958,339
51970,312
51982,322
51993,336
52004,327
52016,320
52027,338
52039,326
52050,330
52062,344
52073,316
52084,342
52096,327
52108,336
52119,339
52130,339
52142,345
52153,336
52164,354
52176,343
52188,344
52199,350
52210,346
52221,352
52233,344
52245,355
52256,346
52268,354
52279,349
52290,344
52301,357
52314,345
52325,354
52336,342
52347,350
52359,348
52371,341
52382,353
52393,339
52405,350
52416,347
52427,343
52440,349
52451,337
52462,353
52473,341
52485,348
52496,345
52508,340
52519,348
52531,338
52542,349
52553,339
52564,349
52577,340
52588,337
52599,347
52611,338
52622,349
52633,339
52645,342
52657,348
52668,335
52679,350
52690,339
52702,350
52714,343
52725,344
52737,349
52748,340
52759,354
52771,341
52783,350
52794,349
52805,345
52816,351
52828,341
52840,356
52851,345
52862,351
52874,347
52885,348
52896,353
52909,345
52920,360
52931,346
52942,352
52954,352
52965,350
52977,359
52988,347
53000,359
53011,348
53022,352
53033,350
53046,349
53057,356
53068,347
53080,355
53091,350
53103,352
53114,353
53126,343
53137,358
53148,343
53159,352
53172,350
53183,345
53194,347
53206,347
53217,349
53228,340
53240,346
53252,347
53263,341
53274,352
53285,332
53297,356
53309,359
53320,341
53331,358
53343,324
53354,364
53365,325
53378,309
53389,351
53400,350
53411,323
53423,317
53434,338
53446,347
53457,297
53469,342
53480,291
53491,364
53504,308
53515,333
53526,316
53537,345
53549,278
53560,319
53572,323
53583,289
53595,358
53606,298
53617,322
53628,311
53641,298
53652,348
53663,319
53675,324
53686,285
53697,321
53709,326
53721,291
53732,306
53743,297
53754,349
53766,324
53778,292
53789,336
53800,295
53812,314
53823,333
53835,308
53847,315
53858,320
53869,322
53880,303
53892,323
53904,314
53915,330
53926,314
53938,318
53949,331
53960,307
53972,323
53984,312
53995,328
54006,322
54018,321
54029,331
54041,322
54052,334
54064,323
54075,335
54086,335
54097,327
54110,335
54121,324
54132,338
54144,330
54155,334
54166,334
54178,327
54190,336
54201,326
54212,336
54223,328
54236,330
54247,333
54258,327
54269,338
54281,323
54292,335
54304,330
54316,329
54327,331
54338,327
54349,336
54361,323
54373,335
54384,327
54395,326
54407,333
54418,324
54429,335
54441,327
54453,334
54464,329
54475,325
54487,332
54498,323
54510,339
54521,327
54533,332
54544,332
54555,325
54567,335
54579,322
54590,332
54601,324
54612,323
54624,321
54636,304
54647,312
54659,293
54670,308
54681,296
54692,294
54705,298
54716,287
54727,299
54738,285
54750,297
54761,289
54773,287
54785,296
54796,284
54807,302
54818,292
54830,298
54842,299
54853,298
54864,306
54876,298
54887,313
54898,301
54910,305
54922,301
54933,293
54944,295
54956,265
54968,262
54979,243
54990,247
55002,248
55013,247
55024,268
55036,269
55048,297
55059,303
55070,320
55081,335
55093,335
55105,355
55116,353
55128,367
55139,362
55150,366
55161,368
55174,356
55185,362
55196,349
55207,358
55219,353
55230,350
55242,356
55254,346
55265,358
55276,348
55287,351
55300,350
55311,348
55322,357
55333,349
55345,362
55356,351
55368,356
55379,357
55391,346
55402,363
55413,344
55425,351
55437,352
55448,334
55459,307
55471,326
55482,371
55493,229
55505,344
55517,260
55528,317
55539,369
55550,359
55562,338
55574,378
55585,360
55597,361
55608,361
55619,387
55630,353
55643,447
55654,304
55665,391
55676,355
55688,412
55700,340
55711,360
55723,380
55734,370
55745,361
55756,363
55769,362
55780,365
55791,364
55802,366
55814,356
55825,365
55837,360
55848,354
55860,372
55871,333
55882,387
55894,340
55906,344
55917,357
55928,329
55940,372
55951,327
55962,353
55974,336
55986,349
55997,336
56008,373
56019,307
56032,360
56043,321
56054,390
56066,289
56077,356
56088,354
56100,316
56112,344
56123,349
56134,326
56145,337
56157,343
56169,333
56180,346
56192,337
56203,341
56214,341
56225,339
56238,346
56249,337
56260,350
56271,342
56283,344
56294,346
56306,340
56317,352
56329,338
56340,352
56351,340
56363,339
56375,347
56386,337
56397,348
56409,338
56420,345
56432,337
56443,335
56455,342
56466,334
56477,343
56488,337
56501,339
56512,337
56523,334
56535,344
56546,327
56557,345
56569,333
56581,334
56592,336
56603,329
56614,341
56626,324
56638,340
56649,329
56660,332
56672,335
56683,325
56694,337
56707,329
56718,335
56729,327
56740,331
56752,330
56764,327
56775,337
56786,323
56798,336
56809,329
56820,327
56833,335
56844,325
56855,335
56866,324
56878,333
56889,326
56901,326
56912,332
56924,325
56935,335
56946,326
56957,332
56970,328
56981,324
56992,333
57004,323
57015,333
57026,326
57038,327
57050,330
57061,320
57072,336
57083,320
57095,333
57107,326
57118,327
57129,331
57141,322
57152,333
57164,326
57176,332
57187,325
57198,323
57209,332
57221,319
57233,336
57244,322
57255,333
57267,327
57278,326
57289,332
57302,324
57313,334
57324,327
57335,329
57347,329
57358,326
57370,335
57381,324
57393,332
57404,329
57415,322
57426,337
57439,321
57450,334
57461,321
57473,338
57484,325
57496,331
57507,333
57519,327
57530,335
57541,333
57552,346
57565,318
57576,332
57587,337
57598,333
57610,376
57621,294
57633,353
57645,288
57656,372
57667,306
57678,313
57690,359
57702,311
57713,332
57724,332
57736,341
57747,305
57758,308
57771,313
57782,356
57793,274
57804,359
57816,278
57827,351
57839,296
57850,308
57862,331
57873,350
57884,283
57896,335
57908,307
57919,315
57930,333
57942,310
57953,318
57965,286
57976,330
57988,319
57999,314
58010,351
58021,329
58034,306
58045,324
58056,332
58067,339
58079,315
58090,326
58102,336
58114,301
58125,340
58136,309
58147,362
58159,297
58171,346
58182,311
58193,329
58205,317
58216,329
58228,334
58240,314
58251,337
58262,324
58273,341
58285,331
58297,322
58308,330
58319,331
58331,335
58342,326
58353,321
58365,340
58377,333
58388,323
58399,354
58411,311
58422,349
58434,311
58445,344
58457,331
58468,342
58479,339
58490,338
58503,346
58514,336
58525,352
58536,342
58548,350
58559,354
58571,346
58583,355
58594,345
58605,359
58616,350
58629,353
58640,353
58651,347
58662,357
58674,346
58685,357
58697,352
58708,352
58720,350
58731,345
58742,357
58754,346
58766,352
58777,349
58788,347
58800,353
58811,343
58822,352
58834,342
58846,352
58857,346
58868,340
58880,350
58891,339
58903,348
58914,339
58926,349
58937,340
58948,340
58960,349
58972,335
58983,347
58994,337
59005,342
59017,339
59029,338
59040,345
59052,333
59063,344
59074,336
59085,341
59098,337
59109,332
59120,346
59131,331
59143,340
59154,334
59166,329
59177,336
59189,331
59200,341
59211,329
59223,337
59235,332
59246,332
59257,336
59269,328
59280,338
59291,330
59303,335
59315,331
59326,328
59337,334
59348,325
59361,337
59372,326
59383,336
59395,330
59406,326
59417,336
59429,324
59441,336
59452,327
59463,333
59474,331
59486,328
59498,336
59509,326
59521,339
59532,328
59543,328
59554,334
59567,333
59578,333
59589,343
59600,330
59612,335
59623,314
59635,377
59646,305
59658,290
59669,361
59680,302
59693,315
59704,301
59715,320
59726,335
59738,326
59749,309
59761,333
59772,271
59784,344
59795,307
59806,299
59817,356
59830,291
59841,316
59852,327
59864,308
59875,331
59886,315
59898,356
59910,281
59921,333
59932,327
59943,291
59955,324
59967,325
59978,339
59990,316
60001,306
60012,324
60023,352
60036,312
60047,298
60058,355
60069,306
60081,340
60093,315
60104,327
60115,328
60127,333
60138,326
60149,327
60162,316
60173,314
60184,323
60195,351
60207,308
60218,342
60230,342
60241,322
60253,337
60264,317
60275,329
60286,325
60299,334
60310,336
60321,327
60333,341
60344,333
60355,345
60367,340
60379,346
60390,347
60401,341
60412,354
60425,342
60436,352
60447,348
60459,348
60470,355
60481,343
60493,355
60505,343
60516,352
60527,346
60538,348
60550,354
60562,342
60573,357
60584,346
60596,353
60607,349
60618,344
60631,349
60642,341
60653,353
60664,345
60676,349
60687,344
60699,341
60710,353
60722,340
60733,352
60744,340
60755,342
60768,342
60779,338
60790,350
60802,336
60813,346
60825,336
60836,339
60848,343
60859,331
60870,346
60881,333
60894,342
60905,336
60916,335
60928,341
60939,331
60950,344
60962,331
60974,337
60985,333
60996,329
61007,337
61019,325
61031,336
61042,326
61053,329
61065,330
61076,320
61087,323
61100,300
61111,288
61122,262
61133,264
61145,261
61157,256
61168,273
61179,268
61191,288
61202,294
61213,303
61225,313
61237,314
61248,332
61259,322
61271,339
61282,333
61294,341
61305,346
61317,338
61328,353
61339,348
61350,354
61363,352
61374,352
61385,359
61396,349
61408,360
61419,353
61431,358
61443,357
61454,351
61465,360
61476,350
61488,363
61500,351
61511,354
61522,354
61534,348
61545,356
61557,341
61569,358
61580,346
61591,349
61602,351
61614,333
61626,348
61637,356
61648,356
61660,349
61671,309
61682,429
61694,277
61706,350
61717,341
61728,332
61740,332
61751,344
61763,337
61774,335
61786,336
61797,365
61808,319
61819,334
61832,338
61843,348
61854,321
61865,329
61877,364
61889,331
61900,311
61912,353
61923,341
61934,292
61945,344
61958,318
61969,326
61980,326
61991,329
62003,334
62014,327
62026,336
62038,331
62049,328
62060,311
62071,318
62083,341
62095,334
62106,312
62117,340
62129,319
62140,335
62151,319
62163,338
62175,339
62186,322
62197,321
62209,319
62220,341
62232,322
62243,330
62255,326
62266,325
62277,342
62289,314
62301,331
62312,326
62323,336
62334,331
62346,336
62358,335
62369,332
62381,343
62392,330
62403,343
62414,338
62427,338
62438,345
62449,336
62460,349
62472,336
62483,344
62495,338
62507,339
62518,342
62529,337
62540,349
62552,336
62564,341
62575,340
62586,338
62598,342
62609,333
62621,345
62632,336
62644,340
62655,337
62666,331
62678,344
62690,329
62701,344
62712,337
62724,338
62735,338
62746,333
62758,341
62770,330
62781,343
62792,330
62803,334
62815,338
62827,327
62838,339
62850,332
62861,340
62872,329
62883,333
62896,339
62907,329
62918,342
62929,327
62941,340
62952,329
62964,334
62976,335
62987,322
62998,336
63009,332
63022,333
63033,333
63044,326
63055,338
63067,326
63078,340
63090,329
63101,336
63113,329
63124,330
63135,335
63147,330
63159,335
63170,329
63181,330
63193,335
63204,327
63215,342
63227,323
63239,340
63250,329
63261,329
63272,334
63284,327
63296,337
63307,327
63319,337
63330,329
63341,332
63353,336
63365,328
63376,336
63387,330
63398,330
63410,336
63422,338
63433,334
63444,323
63456,324
63467,334
63478,334
63491,334
63502,315
63513,348
63524,319
63536,331
63547,334
63559,320
63570,335
63582,317
63593,346
63604,320
63616,348
63628,332
63639,335
63650,329
63662,326
63673,357
63684,291
63696,310
63708,342
63719,368
63730,293
63741,330
63754,337
63765,312
63776,327
63788,328
63799,354
63810,292
63822,353
63834,330
63845,316
63856,320
63867,307
63879,330
63891,340
63902,318
63913,329
63925,321
63936,371
63947,275
63960,358
63971,306
63982,293
63993,389
64005,277
64016,348
64028,317
64039,317
64051,326
64062,321
64073,349
64086,306
64097,323
64108,336
64119,346
64131,328
64142,319
64154,312
64165,329
64177,315
64188,332
64199,325
64210,337
64223,322
64234,319
64245,356
64257,301
64268,348
64279,305
64291,330
64303,329
64314,331
64325,379
64336,276
64348,355
64360,318
64371,342
64382,307
64394,324
64405,332
64416,327
64429,332
64440,328
64451,340
64462,336
64474,335
64486,336
64497,336
64508,348
64520,334
64531,345
64542,344
64555,343
64566,347
64577,344
64588,351
64600,346
64611,350
64623,348
64634,345
64646,353
64657,344
64668,355
64679,347
64692,353
64703,348
64714,347
64726,351
64737,343
64748,352
64760,345
64772,348
64783,350
64794,342
64805,352
64818,339
64829,349
64840,343
64851,342
64863,347
64874,335
64886,349
64898,339
64909,345
64920,339
64931,337
64943,341
64955,336
64966,348
64977,335
64989,342
65000,340
65011,339
65024,340
65035,335
65046,347
65057,337
65069,343
65080,340
65092,335
65103,342
65115,331
65126,343
65137,335
65148,340
65161,338
65172,332
65183,341
65195,332
65206,340
65218,332
65229,331
65241,335
65252,322
65263,331
65274,317
65287,322
65298,310
65309,297
65320,290
65332,257
65343,264
65355,242
65367,245
65378,243
65389,241
65400,254
65412,246
65424,271
65435,270
65446,288
65458,294
65469,300
65480,313
65492,308
65504,327
65515,322
65526,329
65538,331
65550,329
65561,347
65572,335
65584,349
65595,343
65606,345
65618,348
65630,337
65641,355
65652,344
65664,338
65675,341
65687,311
65698,302
65710,301
65721,287
65732,234
65743,280
65756,181
65767,258
65778,241
65789,229
65801,278
65812,238
65824,255
65836,273
65847,263
65858,251
65869,270
65881,284
65893,309
65904,289
65915,313
65927,301
65938,328
65950,322
65961,307
65973,338
65984,328
65995,333
66007,329
66019,340
66030,329
66041,348
66053,341
66064,318
66075,327
66087,289
66099,322
66110,322
66121,306
66132,333
66144,295
66156,322
66167,297
66179,322
66190,307
66201,316
66212,348
66225,309
66236,321
66247,305
66258,341
66270,327
66282,328
66293,327
66305,329
66316,345
66327,318
66338,327
66351,331
66362,332
66373,333
66384,332
66396,337
66407,326
66419,342
66430,331
66442,333
66453,338
66464,327
66476,344
66488,329
66499,339
66510,338
66522,340
66533,343
66544,336
66556,352
66568,336
66579,349
66590,343
66601,346
66613,350
66625,344
66636,356
66648,352
66659,355
66670,360
66682,359
66694,367
66705,357
66716,373
66727,365
66739,375
66751,379
66762,380
66774,400
66785,405
66796,423
66807,428
66820,435
66831,449
66842,448
66853,464
66865,460
66876,469
66888,467
66899,455
66911,459
66922,441
66933,458
66945,441
66957,442
66968,437
66979,429
66991,432
67002,422
67014,427
67025,418
67037,424
67048,413
67059,407
67070,413
67083,395
67094,407
67105,396
67117,397
67128,395
67139,382
67151,396
67163,376
67174,387
67185,375
67196,375
67208,376
67220,365
67231,373
67243,364
67254,368
67265,370
67276,369
67289,373
67300,364
67311,373
67322,359
67334,365
67345,355
67357,354
67368,358
67380,340
67391,356
67402,348
67415,347
67426,338
67437,338
67448,342
67460,330
67471,340
67483,328
67494,332
67506,335
67517,323
67528,337
67539,327
67552,336
67563,329
67574,331
67586,320
67597,333
67608,326
67620,321
67632,345
67643,328
67654,340
67665,309
67677,310
67689,301
67700,343
67712,285
67723,348
67734,285
67746,289
67758,320
67769,296
67780,322
67791,276
67803,312
67815,305
67826,295
67837,284
67849,314
67860,289
67871,316
67884,299
67895,333
67906,269
67917,281
67929,347
67940,267
67952,327
67963,296
67975,330
67986,291
67997,290
68008,293
68021,338
68032,314
68043,307
68055,260
68066,372
68077,257
68089,340
68101,285
68112,292
68123,303
68134,304
68147,281
68158,363
68169,248
68180,317
68192,309
68203,290
68215,312
68227,300
68238,299
68249,331
68260,282
68272,328
68284,328
68295,282
68306,323
68318,303
68329,318
68340,308
68353,318
68364,326
68375,314
68386,301
68398,314
68409,316
68421,323
68432,329
68444,323
68455,315
68466,319
68478,323
68490,327
68501,325
68512,326
68524,340
68535,329
68547,341
68558,336
68570,336
68581,344
68592,332
68603,348
68616,337
68627,344
68638,341
68649,336
68661,346
68672,334
68684,345
68696,336
68707,342
68718,340
68729,335
68741,343
68753,329
68764,341
68775,326
68787,328
68798,323
68809,310
68822,316
68833,299
68844,296
68855,278
68867,267
68879,273
68890,272
68901,294
68913,299
68924,319
68935,325
68947,336
68959,348
68970,349
68981,365
68993,363
69004,375
69016,374
69027,369
69039,374
69050,364
69061,373
69072,363
69085,366
69096,365
69107,362
69118,369
69130,355
69141,373
69153,366
69165,373
69176,376
69187,369
69198,377
69211,364
69222,375
69233,366
69244,367
69256,368
69267,359
69279,368
69291,356
69302,365
69313,356
69324,357
69336,358
69348,352
69359,356
69370,343
69382,353
69393,348
69404,345
69416,349
69428,340
69439,349
69450,339
69462,346
69473,342
69485,337
69496,345
69508,333
69519,347
69530,333
69541,338
69554,338
69565,331
69576,340
69587,332
69599,333
69611,328
69622,339
69634,334
69645,324
69656,344
69667,332
69680,352
69691,348
69702,326
69713,338
69725,320
69736,327
69748,342
69760,330
69771,333
69782,344
69793,316
69805,332
69817,314
69828,315
69839,313
69851,323
69862,350
69873,261
69885,325
69897,323
69908,320
69919,299
69931,330
69943,324
69954,318
69965,321
69977,323
69988,358
69999,280
70011,342
70023,310
70034,336
70045,279
70056,349
70068,304
70080,331
70091,335
70103,277
70114,333
70125,297
70136,360
70149,289
70160,341
70171,330
70182,306
70194,320
70205,324
70217,306
70228,322
70240,303
70251,360
70262,292
70274,354
70286,297
70297,337
70308,334
70320,317
70331,320
70343,335
70354,329
70366,309
70377,354
70388,309
70400,345
70412,305
70423,330
70434,325
70446,332
70457,336
70468,337
70480,307
70492,340
70503,326
70514,352
70525,324
70537,337
70549,339
70560,329
70572,345
70583,336
70594,344
70605,342
70618,341
70629,346
70640,337
70651,350
70663,340
70675,346
70686,344
70697,342
70709,350
70720,338
70731,349
70744,339
70755,344
70766,342
70777,336
70789,348
70800,336
70812,349
70823,336
70835,342
70846,343
70857,332
70868,349
70881,332
70892,348
70903,338
70915,337
70926,338
70937,330
70949,347
70961,330
70972,345
70983,334
70994,335
71006,344
71018,331
71029,343
71041,331
71052,339
71063,332
71075,332
71087,340
71098,329
71109,342
71120,331
71132,340
71144,334
71155,335
71166,335
71178,325
71189,339
71200,332
71213,336
71224,331
71235,326
71246,337
71258,328
71269,335
71281,329
71292,332
71304,331
71315,324
71326,337
71337,323
71350,333
71361,329
71372,331
71384,330
71395,322
71407,333
71418,322
71430,331
71441,324
71452,325
71463,331
71476,320
71487,334
71498,323
71510,329
71521,328
71532,324
71544,334
71556,323
71567,338
71578,325
71589,330
71601,332
71613,325
71624,333
71635,323
71647,334
71658,327
71669,329
71682,332
71693,325
71704,336
71715,328
71727,331
71738,333
71750,337
71761,343
71773,331
71784,354
71795,323
71808,339
71819,342
71830,352
71841,369
71853,348
71864,342
71876,371
71887,343
71899,336
71910,337
71921,326
71932,308
71945,387
71956,301
71967,340
71979,333
71990,362
72001,315
72013,336
72025,344
72036,339
72047,347
72058,313
72070,356
72082,309
72093,344
72104,368
72116,339
72127,327
72139,355
72151,312
72162,373
72173,302
72184,342
72196,368
72208,294
72219,356
72230,314
72242,338
72253,332
72264,363
72276,327
72288,384
72299,306
72310,344
72322,301
72333,345
72345,367
72356,317
72368,326
72379,348
72390,357
72401,311
72414,396
72425,281
72436,349
72448,322
72459,339
72470,332
72482,336
72494,329
72505,352
72516,300
72527,348
72540,320
72551,328
72562,341
72573,346
72585,333
72596,320
72608,328
72620,340
72631,330
72642,339
72653,336
72665,335
72677,340
72688,336
72699,344
72711,341
72722,347
72733,344
72745,339
72757,348
72768,339
72779,355
72791,344
72802,346
72814,346
72825,337
72837,347
72848,337
72859,351
72871,338
72883,342
72894,341
72905,337
72916,343
72928,332
72940,338
72951,334
72963,335
72974,337
72985,328
72996,341
73009,328
73020,337
73031,332
73042,329
73054,335
73065,325
73077,339
73089,329
73100,336
73111,330
73122,330
73134,334
73146,326
73157,337
73168,325
73180,333
73191,331
73202,326
73214,334
73226,324
73237,333
73248,327
73260,329
73272,332
73283,322
73294,333
73306,323
73317,334
73328,328
73340,328
73352,328
73363,325
73374,336
73385,326
73397,333
73409,328
73420,329
73432,329
73443,321
73454,336
73465,322
73478,327
73489,324
73500,319
73511,325
73523,311
73534,309
73546,289
73558,277
73569,260
73580,246
73591,246
73604,229
73615,238
73626,225
73637,234
73649,235
73660,225
73672,238
73683,233
73695,243
73706,238
73717,241
73729,243
73741,241
73752,252
73763,245
73775,262
73786,254
73797,261
73809,266
73821,254
73832,282
73843,261
73854,288
73866,285
73878,314
73889,273
73901,276
73912,277
73923,307
73934,257
73947,290
73958,312
73969,245
73980,270
73992,306
74004,340
74015,267
74027,280
74038,302
74049,294
74060,281
74073,345
74084,264
74095,335
74106,309
74118,293
74129,329
74141,287
74152,335
74164,336
74175,288
74186,353
74198,315
74210,337
74221,336
74232,303
74244,367
74255,300
74266,375
74278,306
74290,359
74301,341
74312,325
74323,356
74336,348
74347,342
74358,339
74370,400
74381,325
74392,360
74404,347
74416,382
74427,334
74438,353
74449,363
74461,362
74473,348
74484,352
74496,356
74507,363
74518,359
74529,384
74542,336
74553,358
74564,383
74575,330
74587,390
74598,334
74610,363
74621,385
74633,342
74644,374
74655,362
74667,365
74679,352
74690,380
74701,365
74713,338
74724,376
74736,355
74747,370
74759,340
74770,363
74781,362
74792,358
74805,370
74816,361
74827,363
74839,360
74850,362
74861,363
74873,360
74885,369
74896,360
74907,371
74918,363
74930,359
74942,363
74953,355
74964,371
74976,352
74987,362
74998,357
75011,353
75022,359
75033,348
75044,360
75056,350
75068,356
75079,354
75090,350
75102,358
75113,350
75124,362
75137,347
75148,356
75159,353
75170,346
75182,355
75193,346
75205,354
75216,349
75228,350
75239,352
75250,344
75261,357
75274,343
75285,354
75296,347
75308,348
75319,349
75330,342
75342,352
75354,341
75365,350
75376,345
75387,338
75399,346
75411,338
75422,350
75433,337
75445,345
75456,343
75468,338
75480,342
75491,335
75502,349
75513,336
75525,346
75537,340
75548,338
75559,342
75571,334
75582,345
75593,337
75606,339
75617,341
75628,335
75639,343
75651,335
75662,343
75674,337
75685,332
75697,339
75708,331
75719,344
75730,333
75743,342
75754,338
75765,336
75777,339
75788,332
75800,344
75811,332
75823,341
75834,330
75845,336
75856,341
75869,326
75880,343
75891,332
75902,345
75914,336
75925,338
75937,344
75949,336
75960,350
75971,338
75982,344
75994,338
76006,341
76017,344
76028,343
76040,340
76051,333
76062,338
76075,349
76086,336
76097,350
76108,327
76120,358
76131,279
76143,382
76154,285
76166,319
76177,340
76188,307
76200,357
76212,323
76223,358
76234,403
76246,355
76257,366
76269,408
76280,367
76292,416
76303,344
76314,396
76325,377
76338,388
76349,377
76360,368
76371,397
76383,332
76394,404
76406,324
76418,385
76429,354
76440,368
76451,354
76463,362
76475,376
76486,335
76497,334
76509,338
76520,325
76532,317
76544,290
76555,289
76566,280
76577,280
76589,275
76601,274
76612,279
76623,258
76635,330
76646,274
76657,319
76669,316
76681,330
76692,334
76703,344
76715,345
76726,344
76738,355
76749,368
76761,369
76772,371
76783,362
76794,384
76807,370
76818,395
76829,369
76840,363
76852,379
76863,358
76875,385
76887,347
76898,369
76909,362
76920,370
76933,346
76944,342
76955,382
76966,330
76978,357
76989,374
77001,321
77012,363
77024,337
77035,348
77046,354
77058,348
77070,353
77081,350
77092,354
77104,348
77115,348
77126,346
77138,347
77150,351
77161,342
77172,351
77184,343
77195,346
77207,347
77218,339
77230,351
77241,335
77252,347
77264,337
77276,341
77287,341
77298,333
77309,342
77321,334
77333,342
77344,333
77356,331
77367,339
77378,326
77389,337
77402,330
77413,336
77424,332
77435,331
77447,335
77458,323
77470,334
77481,324
77493,332
77504,326
77515,321
77527,331
77539,317
77550,329
77561,318
77573,324
77584,324
77595,316
77607,325
77619,318
77630,326
77641,318
77652,317
77665,318
77676,314
77687,325
77699,315
77710,324
77721,319
77733,316
77745,321
77756,314
77767,326
77778,312
77790,324
77802,317
77813,314
77825,321
77836,313
77847,323
77858,312
77871,321
77882,319
77893,313
77904,320
77916,311
77927,324
77939,318
77950,320
77962,321
77973,317
77984,324
77997,314
78008,323
78019,318
78030,320
78042,320
78053,317
78065,323
78076,316
78088,323
78099,318
78110,319
78121,321
78134,316
78145,323
78156,319
78168,330
78179,324
78190,322
78202,332
78214,315
78225,327
78236,330
78247,316
78259,326
78271,327
78282,331
78294,323
78305,331
78316,325
78327,334
78340,329
78351,323
78362,354
78373,310
78385,345
78397,341
78408,294
78419,355
78431,340
78442,310
78453,306
78466,343
78477,326
78488,332
78499,312
78511,310
78522,342
78534,351
78545,332
78557,311
78568,358
78579,292
78590,343
78603,305
78614,318
78625,353
78637,300
78648,338
78659,316
78671,336
78683,297
78694,351
78705,298
78716,337
78729,320
78740,319
78751,334
78763,315
78774,346
78785,301
78797,360
78809,301
78820,314
78831,331
78842,333
78854,356
78866,282
78877,334
78888,327
78900,349
78911,291
78922,362
78935,317
78946,316
78957,327
78968,343
78980,311
78991,327
79003,326
79014,342
79026,336
79037,310
79048,331
79059,331
79072,350
79083,320
79094,341
79106,317
79117,339
79129,324
79140,320
79152,343
79163,318
79174,353
79185,315
79198,329
79209,348
79220,332
79232,320
79243,331
79254,336
79266,333
79278,345
79289,317
79300,348
79311,325
79323,335
79335,327
79346,335
79357,338
79369,334
79380,344
79391,336
79404,338
79415,345
79426,334
79437,348
79449,339
79461,346
79472,345
79483,338
79495,347
79506,342
79517,351
79529,342
79541,348
79552,346
79563,339
79575,352
79586,337
79598,352
79609,341
79621,343
79632,345
79643,337
79654,348
79667,336
79678,346
79689,338
79700,339
79712,342
79723,332
79735,345
79747,336
79758,339
79769,340
79780,336
79792,341
79804,330
79815,343
79826,333
79838,339
79849,338
79861,331
79873,339
79884,328
79895,343
79906,331
79918,338
79930,336
79941,329
79952,339
79964,329
79975,340
79986,333
79998,330
80010,336
80021,326
80032,341
80044,327
80055,337
80067,330
80078,329
80090,336
80101,326
80112,335
80123,326
80136,334
80147,333
80158,329
80169,332
80181,324
80193,336
80204,326
80216,336
80227,331
80238,332
80249,335
80262,325
80273,340
80284,327
80295,334
80307,331
80318,327
80330,335
80342,327
80353,335
80364,325
80375,329
80387,328
80399,326
80410,336
80421,324
80433,337
80444,330
80455,329
80467,333
80479,326
80490,336
80501,327
80513,342
80524,347
80536,343
80547,343
80559,348
80570,293
80581,331
80593,316
80605,329
80616,339
80627,312
80638,288
80650,340
80662,316
80673,312
80685,337
80696,307
80707,325
80718,317
80731,319
80742,301
80753,359
80764,320
80776,318
80787,317
80799,372
80811,291
80822,356
80833,330
80844,286
80856,344
80868,328
80879,310
80890,339
80902,335
80913,326
80925,336
80936,319
80948,325
80959,322
80970,349
80982,298
80994,339
81005,338
81016,319
81028,339
81039,327
81050,335
81062,329
81074,332
81085,336
81096,323
81107,333
81119,324
81131,333
81142,311
81154,307
81165,307
81176,274
81187,282
81200,276
81211,269
81222,295
81233,301
81245,276
81256,320
81268,330
81280,317
81291,314
81302,334
81313,331
81326,343
81337,322
81348,343
81359,348
81371,342
81382,342
81394,337
81405,356
81417,336
81428,339
81439,349
81451,345
81463,336
81474,360
81485,348
81497,343
81508,355
81519,351
81531,353
81543,354
81554,350
81565,358
81576,357
81588,355
81600,352
81611,347
81623,361
81634,349
81645,361
81657,357
81669,353
81680,358
81691,351
81702,362
81714,352
81726,358
81737,353
81748,350
81760,356
81771,347
81782,359
81795,348
81806,357
81817,349
81828,347
81840,355
81851,342
81863,358
81874,344
81886,351
81897,350
81908,342
81920,355
81932,342
81943,350
81954,346
81966,344
81977,348
81988,336
82000,346
82012,339
82023,346
82034,340
82045,341
82058,345
82069,337
82080,347
82092,337
82103,345
82114,338
82126,337
82138,342
82149,333
82160,344
82171,334
82183,339
82195,333
82206,334
82217,338
82229,332
82240,340
82251,336
82264,340
82275,340
82286,328
82297,342
82309,330
82320,341
82332,332
82343,333
82355,338
82366,330
82377,339
82390,332
82401,341
82412,335
82423,334
82435,338
82446,330
82458,335
82469,329
82481,342
82492,328
82503,331
82514,337
82527,327
82538,340
82549,328
82561,324
82572,330
82583,326
82595,328
82607,332
82618,329
82629,335
82640,347
82652,329
82664,340
82675,352
82686,345
82698,371
82709,303
82720,346
82733,294
82744,335
82755,376
82766,295
82778,331
82790,351
82801,302
82812,352
82824,330
82835,335
82846,333
82859,298
82870,387
82881,282
82892,361
82904,288
82915,343
82927,352
82938,309
82950,316
82961,349
82972,316
82983,327
82996,331
83007,340
83018,331
83030,305
83041,338
83052,320
83064,325
83076,331
83087,316
83098,350
83109,304
83122,341
83133,318
83144,333
83155,314
83167,322
83178,338
83190,308
83202,320
83213,351
83224,307
83235,321
83247,357
83259,318
83270,328
83281,326
83293,332
83304,350
83315,315
83328,334
83339,338
83350,329
83361,325
83373,339
83384,318
83396,356
83407,335
83419,333
83430,330
83441,339
83452,346
83465,320
83476,340
83487,330
83499,337
83510,339
83522,317
83533,345
83545,331
83556,331
83567,336
83578,323
83591,342
83602,335
83613,346
83624,333
83636,338
83647,340
83659,330
83671,350
83682,336
83693,344
83704,339
83716,339
83728,349
83739,336
83750,352
83762,337
83773,347
83784,345
83796,336
83808,348
83819,334
83830,348
83842,336
83854,348
83865,340
83876,336
83888,346
83899,331
83910,348
83922,337
83934,339
83945,342
83956,335
83968,346
83979,334
83991,344
84002,340
84014,336
84025,340
84036,332
84047,346
84060,332
84071,343
84082,333
84093,333
84105,340
84116,328
84128,344
84140,332
84151,336
84162,333
84173,331
84185,337
84197,328
84208,341
84219,328
84231,334
84242,332
84254,328
84265,336
84277,326
84288,338
84299,325
84311,335
84323,331
84334,324
84345,334
84357,324
84368,334
84379,324
84391,331
84403,329
84414,323
84425,335
84436,325
84448,337
84460,327
84471,327
84483,331
84494,323
84505,336
84516,319
84529,332
84540,328
84551,325
84562,333
84574,320
84586,334
84597,320
84609,330
84620,332
84631,336
84642,350
84655,345
84666,357
84677,354
84688,365
84700,379
84711,356
84723,382
84734,385
84746,389
84757,370
84768,351
84780,416
84792,376
84803,369
84814,341
84826,394
84837,350
84848,385
84860,334
84872,349
84883,365
84894,359
84905,330
84917,363
84929,352
84940,333
84952,370
84963,319
84974,342
84986,368
84998,334
85009,352
85020,324
85031,349
85043,352
85055,324
85066,359
85078,316
85089,343
85100,334
85111,326
85124,360
85135,312
85146,346
85157,330
85169,314
85180,352
85192,320
85203,361
85215,333
85226,311
85237,342
85249,347
85261,327
85272,339
85283,320
85295,329
85306,334
85318,328
85329,327
85341,333
85352,339
85363,310
85374,339
85387,342
85398,319
85409,343
85421,328
85432,342
85443,355
85455,330
85467,317
85478,351
85489,317
85500,345
85512,334
85524,350
85535,316
85547,343
85558,327
85569,322
85580,334
85593,331
85604,332
85615,334
85626,327
85638,341
85649,331
85661,341
85672,336
85684,336
85695,344
85706,335
85719,347
85730,339
85741,344
85752,340
85764,340
85775,345
85787,333
85798,346
85810,337
85821,342
85832,339
85843,335
85856,342
85867,328
85878,332
85890,312
85901,291
85912,271
85924,236
85936,225
85947,203
85958,196
85969,180
85981,175
85993,173
86004,165
86016,184
86027,180
86038,202
86050,208
86062,219
86073,232
86084,236
86095,262
86107,263
86119,284
86130,286
86141,290
86153,309
86164,313
86175,322
86188,327
86199,332
86210,337
86221,333
86233,342
86244,339
86256,352
86267,340
86279,346
86290,351
86301,342
86312,352
86325,345
86336,349
86347,350
86359,349
86370,354
86381,341
86393,357
86405,349
86416,356
86427,353
86438,354
86451,356
86462,347
86473,360
86484,347
86496,359
86507,349
86519,348
86531,352
86542,354
86553,351
86564,352
86576,349
86588,352
86599,350
86610,355
86622,352
86633,344
86644,350
86657,372
86668,362
86679,352
86690,359
86702,360
86713,393
86725,274
86736,385
86748,335
86759,345
86770,339
86782,373
86794,341
86805,334
86816,342
86828,373
86839,371
86851,309
86862,345
86874,360
86885,346
86896,327
86907,360
86920,332
86931,329
86942,335
86953,349
86965,320
86976,354
86988,328
87000,364
87011,308
87022,351
87033,331
87045,352
87057,316
87068,359
87079,314
87091,352
87102,314
87113,367
87126,333
87137,316
87148,339
87159,328
87171,324
87183,340
87194,338
87205,325
87217,352
87228,329
87239,346
87251,327
87263,350
87274,309
87285,332
87297,338
87308,350
87320,310
87331,349
87343,321
87354,334
87365,350
87376,310
87389,348
87400,336
87411,342
87422,321
87434,340
87445,335
87457,339
87469,330
87480,347
87491,329
87502,342
87515,336
87526,338
87537,336
87548,342
87560,341
87571,341
87583,347
87595,333
87606,347
87617,336
87628,350
87640,345
87652,335
87663,347
87674,338
87686,351
87697,341
87708,345
87720,345
87732,338
87743,349
87754,341
87766,348
87777,341
87789,346
87800,341
87812,340
87823,345
87834,335
87845,351
87858,339
87869,341
87880,342
87891,337
87903,347
87915,336
87926,343
87938,340
87949,338
87960,338
87971,335
87984,345
87995,333
88006,344
88017,335
88029,336
88040,340
88052,327
88064,345
88075,333
88086,339
88097,338
88109,333
88121,338
88132,326
88143,341
88155,333
88166,338
88177,336
88189,328
88201,342
88212,328
88223,340
88235,330
88247,332
88258,332
88269,328
88281,337
88292,325
88303,337
88315,330
88327,333
88338,331
88349,322
88360,335
88372,329
88384,335
88395,326
88407,332
88418,335
88429,323
88440,340
88453,324
88464,328
88475,322
88486,336
88498,334
88509,327
88521,355
88532,309
88544,361
88555,305
88566,284
88578,349
88590,334
88601,296
88612,313
88624,334
88635,324
88647,292
88658,323
88670,292
88681,335
88692,296
88704,322
88716,328
88727,294
88738,360
88750,294
88761,317
88772,320
88784,327
88796,292
88807,338
88818,301
88829,345
88841,358
88853,366
88864,321
88876,379
88887,342
88898,382
88909,331
88922,381
88933,378
88944,377
88955,378
88967,380
88979,398
88990,370
89001,395
89013,380
89024,368
89035,380
89048,384
89059,368
89070,366
89081,363
89093,374
89104,357
89116,370
89127,364
89139,358
89150,364
89161,369
89172,365
89185,352
89196,364
89207,359
89219,356
89230,350
89241,353
89253,363
89265,350
89276,352
89287,348
89298,352
89310,356
89322,346
89333,362
89345,333
89356,353
89367,341
89379,345
89391,347
89402,344
89413,350
89424,338
89436,352
89448,342
89459,346
89470,346
89482,342
89493,352
89504,340
89517,347
89528,342
89539,340
89550,340
89562,333
89573,343
89585,334
89596,340
89608,335
89619,336
89630,339
89641,333
89654,341
89665,331
89676,337
89688,331
89699,329
89711,336
89722,326
89734,338
89745,329
89756,333
89767,333
89780,325
89791,334
89802,324
89814,334
89825,325
89836,329
89848,327
89860,322
89871,331
89882,319
89893,330
89905,324
89917,324
89928,325
89939,319
89951,329
89962,318
89973,330
89986,318
89997,321
90008,322
90019,318
90031,326
90042,317
90054,325
90065,322
90077,322
90088,327
90099,316
90112,329
90123,318
90134,325
90145,323
90157,321
90168,329
90180,318
90191,333
90203,319
90214,327
90225,325
90236,321
90249,329
90260,319
90271,331
90283,322
90294,324
90305,325
90317,322
90329,329
90340,317
90351,329
90362,327
90374,321
90386,326
90397,321
90408,337
90420,312
90431,330
90443,315
90455,314
90466,300
90477,268
90488,275
90500,236
90512,253
90523,171
90534,178
90546,167
90557,172
90568,145
90580,151
90592,191
90603,155
90614,213
90626,184
90637,188
90649,263
90660,196
90672,270
90683,265
90694,263
90705,275
90718,270
90729,283
90740,283
90752,319
90763,300
90774,282
90786,322
90798,310
90809,311
90820,302
90831,328
90844,328
90855,301
90866,327
90877,326
90889,335
90900,326
90912,324
90924,355
90935,347
90946,304
90957,361
90969,351
90981,351
90992,366
91003,375
91015,344
91026,369
91037,368
91049,349
91061,352
91072,366
91083,387
91095,333
91106,363
91118,365
91129,358
91141,375
91152,357
91163,380
91175,374
91187,397
91198,381
91209,392
91220,403
91232,395
91244,410
91255,413
91267,416
91278,406
91289,401
91300,410
91313,397
91324,414
91335,400
91346,407
91358,400
91369,396
91381,402
91393,390
91404,402
91415,396
91426,402
91438,397
91450,388
91461,399
91472,384
91484,394
91495,385
91506,385
91518,384
91530,376
91541,382
91552,373
91564,377
91576,372
91587,373
91598,376
91610,369
91621,378
91632,366
91644,373
91656,365
91667,361
91678,365
91689,355
91701,366
91713,355
91724,361
91736,355
91747,352
91758,357
91769,344
91782,355
91793,346
91804,348
91815,346
91827,343
91838,350
91850,343
91862,352
91873,342
91884,342
91895,344
91908,338
91919,344
91930,335
91941,345
91953,339
91964,337
91976,339
91987,328
91999,340
92010,328
92021,336
92033,330
92045,329
92056,334
92067,324
92079,335
92090,326
92101,330
92113,327
92125,324
92136,326
92147,317
92158,331
92170,320
92182,327
92193,326
92205,322
92216,332
92227,317
92238,325
92251,318
92262,322
92273,323
92284,320
92296,322
92308,319
92319,332
92331,324
92342,323
92353,328
92364,306
92377,339
92388,353
92399,334
92410,275
92422,327
92433,330
92445,295
92456,281
92468,380
92479,247
92490,351
92502,286
92514,340
92525,297
92536,330
92548,302
92559,287
92570,322
92582,282
92594,372
92605,289
92616,305
92627,318
92640,297
92651,316
92662,349
92674,277
92685,314
92696,333
92708,309
92720,324
92731,310
92742,324
92753,303
92765,327
92777,316
92788,328
92800,317
92811,313
92822,334
92833,311
92846,326
92857,343
92868,316
92879,307
92891,336
92902,336
92914,344
92925,311
92937,331
92948,345
92959,312
92971,343
92983,314
92994,341
93005,338
93017,327
93028,322
93040,333
93051,347
93063,328
93074,337
93085,344
93096,334
93109,323
93120,333
93131,341
93143,335
93154,342
93165,335
93177,338
93189,340
93200,335
93211,347
93222,341
93234,348
93246,344
93257,344
93268,350
93280,341
93291,350
93302,343
93315,349
93326,346
93337,343
93348,354
93360,341
93372,353
93383,341
93394,343
93406,344
93417,340
93428,347
93441,340
93452,349
93463,341
93474,344
93486,344
93497,338
93509,349
93520,334
93532,348
93543,340
93554,341
93565,342
93578,335
93589,346
93600,334
93612,345
93623,334
93634,333
93646,335
93658,328
93669,339
93680,330
93691,337
93703,336
93715,333
93726,339
93737,328
93749,340
93760,330
93772,335
93784,336
93795,330
93806,338
93817,324
93829,330
93841,305
93852,291
93863,271
93875,247
93886,241
93897,217
93910,218
93921,200
93932,201
93943,208
93955,200
93966,222
93978,221
93989,243
94001,241
94012,254
94023,266
94034,268
94047,284
94058,284
94069,300
94081,303
94092,309
94104,310
94115,315
94127,328
94138,367
94149,373
94160,299
94173,404
94184,295
94195,391
94206,334
94218,369
94229,295
94241,411
94253,306
94264,408
94275,317
94286,380
94298,385
94310,289
94321,369
94332,322
94344,461
94355,293
94366,347
94379,356
94390,368
94401,362
94412,336
94424,389
94435,339
94447,374
94458,315
94470,395
94481,331
94492,351
94504,330
94516,348
94527,346
94538,357
94550,344
94561,359
94573,339
94584,381
94596,324
94607,350
94618,356
94629,394
94642,310
94653,329
94664,377
94675,301
94687,354
94698,350
94710,335
94722,319
94733,394
94744,334
94755,343
94767,336
94779,359
94790,301
94801,358
94813,335
94824,353
94836,339
94848,338
94859,353
94870,330
94881,328
94893,344
94905,337
94916,357
94927,334
94939,342
94950,343
94961,358
94973,352
94985,361
94996,355
95007,352
95019,355
95030,344
95042,365
95053,351
95065,349
95076,359
95087,346
95098,359
95111,349
95122,356
95133,346
95144,349
95156,357
95167,354
95179,358
95191,353
95202,353
95213,352
95224,345
95237,353
95248,340
95259,346
95270,350
95282,355
95293,342
95305,345
95316,352
95328,340
95339,351
95350,344
95362,349
95374,346
95385,338
95396,349
95408,339
95419,349
95430,332
95442,343
95454,340
95465,339
95476,344
95488,332
95499,344
95511,330
95522,332
95534,332
95545,324
95556,338
95568,327
95580,338
95591,326
95602,334
95613,334
95625,318
95637,338
95648,326
95660,335
95671,327
95682,329
95693,325
95706,324
95717,327
95728,323
95739,324
95751,323
95762,325
95774,326
95785,323
95797,341
95808,324
95819,350
95831,314
95843,338
95854,332
95865,408
95877,337
95888,261
95899,311
95911,375
95923,281
95934,296
95945,359
95956,261
95969,305
95980,316
95991,306
96003,277
96014,336
96025,292
96037,315
96049,318
96060,315
96071,304
96082,303
96094,318
96106,334
96117,295
96129,353
96140,310
96151,320
96162,318
96175,329
96186,333
96197,324
96208,348
96220,340
96231,304
96243,359
96254,313
96266,352
96277,308
96288,340
96301,315
96312,346
96323,331
96334,316
96346,363
96357,306
96369,367
96380,287
96392,343
96403,342
96414,316
96425,339
96438,321
96449,337
96460,324
96472,342
96483,326
96494,333
96506,323
96518,331
96529,343
96540,321
96551,340
96563,344
96575,341
96586,340
96598,346
96609,352
96620,336
96631,342
96644,345
96655,351
96666,340
96677,339
96689,357
96701,326
96712,343
96723,365
96735,325
96746,344
96757,329
96770,356
96781,339
96792,340
96803,347
96815,335
96826,354
96838,338
96849,350
96861,339
96872,348
96883,337
96894,347
96907,345
96918,333
96929,353
96941,338
96952,343
96963,342
96975,338
96987,339
96998,337
97009,342
97020,338
97033,338
97044,336
97055,331
97067,342
97078,332
97089,344
97101,336
97113,343
97124,338
97135,333
97146,342
97158,332
97170,340
97181,334
97192,336
97204,339
97215,329
97226,342
97239,333
97250,341
97261,336
97272,334
97284,339
97295,329
97307,344
97318,332
97330,339
97341,337
97352,332
97363,343
97376,330
97387,342
97398,333
97410,338
97421,337
97433,328
97444,342
97456,328
97467,343
97478,329
97489,335
97502,335
97513,329
97524,343
97536,326
97547,339
97558,334
97570,334
97582,341
97593,326
97604,342
97615,328
97627,341
97639,335
97650,332
97661,338
97673,330
97684,342
97695,326
97708,347
97719,337
97730,336
97741,340
97753,333
97765,374
97776,304
97787,369
97799,287
97810,324
97821,348
97833,325
97845,311
97856,321
97867,327
97879,333
97890,289
97902,352
97913,320
97925,308
97936,355
97947,304
97958,321
97971,333
97982,305
97993,314
98004,328
98016,356
98027,288
98039,335
98051,318
98062,350
98073,277
98084,335
98096,340
98108,325
98119,329
98130,320
98142,328
98153,318
98165,334
98177,354
98188,325
98199,324
98210,307
98222,341
98234,324
98245,326
98256,365
98268,291
98279,349
98290,312
98302,354
98314,316
98325,340
98336,331
98348,313
98359,339
98371,331
98382,332
98394,326
98405,346
98416,332
98427,321
98440,344
98451,339
98462,326
98473,340
98485,334
98497,339
98508,328
98520,344
98531,330
98542,338
98553,341
98566,336
98577,348
98588,337
98599,351
98611,341
98622,351
98634,353
98646,342
98657,358
98668,344
98679,359
98691,350
98703,351
98714,354
98725,349
98737,361
98748,347
98759,361
98771,354
98783,354
98794,358
98805,348
98817,363
98828,351
98840,360
98851,355
98863,352
98874,361
98885,348
98897,360
98909,348
98920,357
98931,355
98942,351
98954,357
98966,349
98977,357
98989,348
99000,354
99011,353
99022,344
99035,355
99046,343
99057,355
99068,347
99080,349
99091,347
99103,342
99115,354
99126,341
99137,350
99148,342
99160,343
99172,344
99183,331
99194,344
99206,324
99217,332
99229,308
99240,287
99252,276
99263,261
99274,269
99286,257
99298,271
99309,278
99320,287
99332,294
99343,296
99354,318
99366,311
99378,320
99389,327
99400,324
99411,336
99423,331
99435,340
99446,337
99458,335
99469,346
99480,328
99491,358
99504,341
99515,353
99526,354
99537,369
99549,368
99560,369
99572,328
99584,392
99595,323
99606,377
99617,320
99630,380
99641,344
99652,328
99663,367
99675,335
99686,365
99698,347
99709,334
99721,328
99732,347
99743,352
99755,347
99767,343
99778,320
99789,356
99801,329
99812,372
99823,310
99835,330
99847,330
99858,337
99869,300
99880,325
99892,342
99904,321
99915,316
99927,352
99938,287
99949,338
99961,351
99973,316
99984,301
99995,335
100006,319
100019,313
100032,338
100044,307
100057,320
100069,331
100081,311
100094,327
100107,325
100119,324
100131,322
100144,315
100156,322
100169,336
100182,309
100194,336
100206,321
100218,331
100232,337
100244,307
100256,318
100269,336
100281,317
100294,318
100306,342
100319,321
100331,324
100343,318
100356,327
100369,330
100381,324
100393,325
100406,337
100418,324
100431,329
100444,333
100456,324
100468,336
100481,330
100494,328
100506,341
100518,331
100531,336
100543,338
100555,329
100569,341
100581,333
100593,328
100605,343
100618,331
100631,338
100643,337
100656,331
100668,341
100680,337
100694,328
100706,339
100718,332
100730,336
100743,338
100755,324
100768,340
100781,334
100793,330
100805,336
100817,331
100831,332
100843,338
100855,327
100868,335
100880,331
100893,328
100905,340
100918,332
100930,333
100942,339
100955,332
100968,343
100980,340
100993,328
101005,343
101017,332
101030,331
101043,341
101055,330
101067,335
101080,332
101093,321
101105,336
101117,329
101130,324
101142,333
101154,323
101168,325
101180,329
101192,324
101204,334
101217,326
101230,326
101242,339
101255,323
101267,322
101279,334
101293,318
101305,334
101317,323
101329,316
101342,334
101354,322
101367,331
101380,338
101392,325
101404,322
101416,332
101430,331
101442,357
101454,376
101467,268
101479,336
101492,321
101505,318
101517,318
101529,301
101541,327
101554,301
101567,322
101579,349
101592,320
101604,334
101616,318
101629,305
101642,331
101654,321
101666,339
101679,307
101692,331
101704,330
101716,334
101729,319
101741,317
101753,326
101767,314
101779,350
101791,295
101804,323
101816,322
101829,323
101841,361
101854,301
101866,334
101878,346
101892,293
101904,339
101916,328
101928,313
101941,333
101953,344
101966,307
101979,355
101991,312
102003,346
102016,326
102029,330
102041,321
102053,348
102066,321
102078,337
102091,324
102104,343
102116,341
102128,318
102140,341
102153,339
102166,337
102178,333
102191,336
102203,339
102215,345
102228,320
102241,337
102253,341
102265,326
102278,342
102291,339
102303,339
102316,346
102328,330
102340,339
102352,335
102366,334
102378,349
102390,342
102403,338
102415,342
102428,336
102440,341
102453,344
102465,337
102477,348
102491,345
102503,337
102515,350
102528,342
102540,345
102552,348
102565,337
102578,347
102590,344
102602,339
102615,348
102628,341
102640,339
102652,349
102665,335
102677,343
102690,342
102703,333
102715,345
102727,337
102739,335
102752,342
102765,333
102777,339
102790,341
102802,331
102814,346
102828,337
102840,336
102852,343
102864,337
102877,337
102890,341
102902,332
102915,343
102927,336
102939,332
102951,343
102965,334
102977,337
102989,340
103002,334
103014,341
103027,336
103040,331
103052,341
103064,331
103076,334
103090,335
103102,332
103114,337
103127,339
103139,328
103151,339
103164,331
103177,335
103189,336
103201,335
103214,333
103227,333
103239,325
103251,336
103264,328
103276,328
103289,341
103302,324
103314,335
103326,332
103339,326
103351,340
103364,336
103376,321
103389,354
103401,323
103413,340
103427,329
103439,324
103451,339
103463,342
103476,339
103489,318
103501,317
103514,311
103526,322
103538,313
103550,320
103564,331
103576,336
103588,311
103601,358
103613,285
103626,361
103639,301
103651,330
103663,329
103675,326
103689,319
103701,341
103713,320
103726,334
103738,302
103750,347
103763,307
103776,324
103788,326
103800,310
103813,340
103826,320
103838,317
103851,354
103863,334
103875,299
103888,342
103901,330
103913,311
103925,342
103938,324
103950,317
103963,339
103975,317
103988,340
104000,322
104012,335
104026,337
104038,319
104050,330
104062,326
104075,322
104088,332
104100,339
104113,322
104125,338
104137,328
104150,331
104163,333
104175,328
104187,339
104200,338
104212,329
104225,342
104238,333
104250,334
104262,343
104274,332
104288,341
104300,339
104312,336
104325,344
104337,336
104349,332
104363,343
104375,333
104387,341
104399,342
104412,329
104425,343
104437,335
104450,332
104462,343
104474,332
104487,341
104500,343
104512,331
104524,344
104537,331
104549,330
104562,343
104574,331
104587,338
104599,337
104611,331
104625,337
104637,334
104649,326
104662,341
104674,328
104687,334
104699,335
104712,332
104724,338
104736,338
104749,323
104762,340
104774,330
104786,332
104799,334
104811,334
104824,334
104837,332
104849,329
104861,340
104873,334
104887,329
104899,340
104911,321
104924,331
104936,332
104948,328
104962,338
104974,329
104986,328
104998,336
105011,324
105024,333
105036,334
105049,326
105061,338
105073,327
105086,327
105099,336
105111,323
105123,331
105136,333
105148,320
105161,335
105174,329
105186,328
105198,336
105210,325
105224,332
105236,332
105248,333
105261,329
105273,334
105286,329
105298,329
105311,346
105323,310
105335,355
105348,320
105361,349
105373,330
105385,307
105398,337
105410,343
105423,344
105436,313
105448,347
105460,348
105473,314
105486,308
105498,341
105510,307
105523,317
105535,327
105547,342
105561,316
105573,328
105585,312
105597,326
105610,333
105623,315
105635,326
105648,320
105660,318
105672,340
105686,323
105698,344
105710,332
105722,324
105735,337
105747,333
105760,331
105773,329
105785,318
105797,344
105809,323
105823,336
105835,321
105847,326
105860,350
105872,311
105885,335
105897,335
105910,330
105922,324
105934,336
105947,332
105960,332
105972,336
105985,329
105997,340
106009,337
106022,330
106035,342
106047,332
106059,334
106072,342
106085,333
106097,341
106109,339
106122,328
106134,346
106146,344
106160,332
106172,340
106184,336
106196,338
106209,345
106222,330
106234,348
106247,338
106259,333
106271,347
106285,336
106297,339
106309,338
106321,333
106334,341
106346,338
106359,330
106372,346
106384,332
106396,334
106408,342
106422,328
106434,339
106446,336
106459,330
106471,340
106484,334
106497,333
106509,339
106521,326
106533,342
106546,332
106559,327
106571,343
106584,333
106596,336
106608,336
106621,331
106634,334
106646,335
106658,325
106671,338
106684,329
106696,333
106708,341
106721,329
106733,335
106745,335
106759,327
106771,339
106783,334
106796,329
106808,340
106821,329
106833,329
106846,335
106858,327
106870,336
106884,332
106896,331
106908,339
106920,331
106933,334
106945,334
106958,325
106971,338
106983,334
106995,329
107008,341
107021,333
107033,335
107045,335
107058,326
107070,340
107083,334
107096,325
107108,340
107120,332
107132,328
107145,338
107158,325
107170,336
107183,334
107195,328
107207,337
107220,332
107233,329
107245,339
107257,325
107270,335
107283,337
107295,324
107308,333
107320,337
107332,326
107344,342
107358,323
107370,335
107382,360
107395,299
107407,353
107420,321
107432,309
107445,354
107457,323
107469,320
107483,332
107495,327
107507,311
107520,341
107532,316
107544,348
107557,322
107570,327
107582,337
107594,340
107607,324
107620,344
107632,308
107644,337
107657,328
107669,344
107682,317
107695,331
107707,325
107719,335
107731,323
107744,334
107757,327
107769,322
107782,345
107794,327
107806,334
107820,330
107832,335
107844,326
107856,332
107869,329
107882,336
107894,321
107907,337
107919,339
107931,328
107943,336
107957,336
107969,331
107981,339
107994,330
108006,338
108019,339
108032,327
108044,341
108056,335
108068,335
108082,342
108094,330
108106,337
108119,338
108131,328
108143,340
108156,336
108169,331
108181,342
108193,332
108206,335
108219,340
108231,331
108243,338
108256,335
108268,331
108281,341
108294,331
108306,333
108318,341
108331,329
108343,335
108356,338
108368,329
108381,343
108393,337
108405,331
108419,340
108431,327
108443,339
108455,336
108468,325
108481,341
108493,332
108506,331
108518,341
108530,330
108542,339
108556,338
108568,329
108580,339
108593,332
108605,328
108618,339
108631,334
108643,331
108655,340
108667,327
108681,340
108693,340
108705,327
108718,339
108730,330
108742,334
108755,341
108768,326
108780,337
108792,336
108805,327
108818,341
108830,325
108843,333
108855,338
108867,322
108880,336
108893,331
108905,327
108917,339
108930,331
108942,332
108955,340
108967,328
108980,334
108992,334
109004,329
109018,336
109030,332
109042,329
109054,343
109067,325
109080,335
109092,331
109105,326
109117,338
109129,334
109142,336
109155,334
109167,328
109179,334
109192,336
109204,324
109217,339
109230,331
109242,326
109254,343
109266,339
109280,317
109292,338
109304,324
109317,343
109329,334
109341,331
109355,338
109367,336
109379,333
109391,335
109404,328
109417,347
109429,336
109442,331
109454,343
109466,326
109479,312
109492,371
109504,294
109516,337
109529,346
109541,294
109554,346
109566,351
109579,304
109591,401
109603,343
109617,307
109629,326
109641,335
109654,357
109666,321
109679,367
109691,298
109704,376
109716,321
109728,359
109741,308
109754,356
109766,335
109778,335
109791,330
109803,356
109816,338
109829,328
109841,354
109853,337
109865,357
109879,304
109891,377
109903,339
109916,349
109928,358
109940,320
109954,360
109966,326
109978,367
109990,341
110003,337
110016,343
110028,360
110041,353
110053,341
110065,353
110078,327
110091,356
110103,346
110115,350
110128,362
110140,344
110153,352
110166,347
110178,346
110190,358
110202,348
110216,352
110228,357
110240,352
110253,355
110265,354
110278,346
110290,352
110303,350
110315,346
110327,358
110340,341
110353,347
110365,346
110377,336
110390,351
110402,344
110415,334
110428,346
110440,342
110452,338
110465,345
110478,335
110490,338
110502,342
110515,326
110527,352
110539,331
110553,330
110565,344
110577,334
110589,339
110602,336
110615,330
110627,341
110640,333
110652,329
110664,339
110678,328
110690,336
110702,332
110714,326
110727,337
110739,332
110752,326
110765,339
110777,325
110789,331
110801,332
110815,325
110827,333
110839,331
110852,321
110864,334
110877,323
110889,328
110902,334
110914,320
110926,326
110939,321
110952,319
110964,331
110977,324
110989,318
111001,329
111014,316
111027,325
111039,325
111051,316
111064,330
111077,318
111089,318
111101,329
111114,318
111126,327
111138,320
111152,316
111164,329
111176,320
111188,316
111201,325
111214,319
111226,324
111239,326
111251,308
111263,322
111277,336
111289,313
111301,343
111313,313
111326,308
111338,363
111351,265
111364,309
111376,327
111388,264
111400,304
111414,327
111426,288
111438,324
111451,291
111463,360
111476,280
111489,334
111501,306
111513,296
111525,325
111538,341
111551,299
111563,298
111576,351
111588,317
111600,314
111613,328
111626,303
111638,338
111650,290
111663,321
111676,332
111688,298
111700,324
111713,316
111725,319
111737,328
111751,329
111763,304
111775,340
111788,310
111800,342
111813,319
111825,324
111838,336
111850,318
111862,334
111876,331
111888,325
111900,338
111912,329
111925,331
111937,340
111950,334
111963,335
111975,344
111987,325
112000,347
112013,335
112025,331
112037,342
112050,332
112062,333
112075,340
112088,331
112100,340
112112,335
112124,331
112137,345
112150,334
112162,337
112175,340
112187,331
112199,337
112212,339
112225,329
112237,346
112249,332
112262,332
112275,339
112287,332
112300,342
112312,336
112324,331
112336,339
112350,336
112362,330
112374,342
112387,333
112399,339
112412,336
112424,331
112437,342
112449,334
112461,334
112475,339
112487,332
112499,336
112512,337
112524,330
112536,337
112549,336
112562,329
112574,340
112586,332
112599,335
112612,339
112624,327
112636,339
112649,336
112661,332
112674,341
112687,331
112699,331
112711,339
112723,328
112736,336
112749,335
112761,327
112774,346
112786,330
112798,331
112812,340
112824,328
112836,340
112848,333
112861,326
112874,342
112886,333
112899,334
112911,340
112923,328
112935,338
112949,336
112961,329
112973,340
112986,334
112998,329
113011,344
113024,327
113036,338
113048,338
113060,329
113074,341
113086,339
113098,325
113111,339
113123,331
113135,339
113148,352
113161,329
113173,356
113185,304
113198,336
113211,318
113223,325
113235,336
113248,321
113260,328
113273,325
113286,336
113298,309
113310,346
113323,317
113335,328
113348,333
113360,323
113373,315
113385,337
113397,332
113411,334
113423,320
113435,337
113447,352
113460,306
113473,333
113485,350
113498,293
113510,350
113522,320
113534,330
113548,343
113560,311
113572,336
113585,331
113597,326
113610,346
113623,329
113635,321
113647,336
113659,320
113673,342
113685,326
113697,324
113710,333
113722,341
113734,321
113747,339
113760,328
113772,329
113784,335
113797,330
113810,336
113822,336
113835,331
113847,337
113859,333
113872,331
113885,336
113897,317
113909,321
113922,302
113934,273
113947,271
113959,256
113972,254
113984,270
113996,271
114010,292
114022,307
114034,300
114046,328
114059,323
114072,328
114084,338
114097,335
114109,346
114121,344
114134,342
114147,352
114159,347
114171,346
114184,356
114196,348
114209,349
114222,354
114234,350
114246,356
114258,354
114272,347
114284,362
114296,346
114309,354
114321,352
114333,348
114347,357
114359,349
114371,346
114383,357
114396,348
114409,346
114421,350
114434,340
114446,348
114458,348
114471,339
114484,352
114496,345
114508,344
114521,352
114533,338
114546,346
114558,344
114571,335
114583,349
114595,339
114609,338
114621,346
114633,336
114646,344
114658,342
114671,334
114683,346
114696,338
114708,340
114720,342
114733,334
114746,338
114758,340
114770,331
114783,341
114795,335
114808,340
114821,341
114833,341
114845,336
114857,350
114871,321
114883,331
114895,352
114908,341
114920,343
114932,296
114946,331
114958,325
114970,348
114982,316
114995,332
115008,304
115020,347
115033,320
115045,345
115057,312
115070,331
115083,325
115095,313
115107,320
115120,326
115132,344
115145,306
115158,336
115170,336
115182,317
115194,344
115208,309
115220,362
115232,321
115245,312
115257,333
115270,324
115282,332
115295,330
115307,318
115319,324
115332,340
115345,315
115357,326
115369,323
115382,322
115394,341
115407,323
115420,330
115432,329
115444,333
115457,330
115470,329
115482,331
115494,334
115507,325
115519,342
115531,336
115545,330
115557,331
115569,330
115581,338
115594,336
115607,325
115619,336
115632,338
115644,328
115656,341
115670,331
115682,329
115694,341
115706,330
115719,337
115731,340
115744,328
115757,344
115769,335
115781,326
115793,343
115807,332
115819,340
115831,336
115844,334
115856,342
115869,339
115881,330
115894,339
115906,332
115918,335
115931,338
115944,331
115956,336
115969,335
115981,330
115993,342
116006,332
116019,334
116031,336
116043,325
116056,338
116069,336
116081,326
116093,339
116106,332
116118,338
116130,340
116144,329
116156,344
116168,336
116180,333
116193,342
116206,336
116218,331
116231,340
116243,328
116255,340
116269,337
116281,329
116293,344
116305,331
116318,335
116330,338
116343,330
116356,334
116368,335
116380,328
116392,339
116406,334
116418,326
116430,340
116443,330
116455,336
116468,338
116481,327
116493,340
116505,331
116517,326
116530,338
116543,332
116555,332
116568,336
116580,326
116592,338
116605,336
116618,328
116630,337
116642,330
116655,336
116668,323
116680,337
116692,333
116705,329
116717,329
116729,344
116743,317
116755,353
116767,341
116780,299
116792,339
116805,295
116817,345
116830,306
116842,338
116854,353
116868,294
116880,367
116892,337
116904,316
116917,338
116929,334
116942,317
116955,320
116967,394
116979,271
116992,338
117005,320
117017,305
117029,341
117042,325
117054,335
117067,320
117080,355
117092,303
117104,330
117116,343
117129,299
117142,334
117154,335
117167,310
117179,338
117191,310
117204,333
117217,350
117229,313
117241,335
117254,338
117267,313
117279,336
117292,336
117304,330
117316,332
117328,334
117342,335
117354,326
117366,336
117379,325
117391,341
117404,326
117416,329
117429,340
117441,332
117453,329
117467,340
117479,332
117491,332
117504,343
117516,332
117528,333
117541,338
117554,335
117566,345
117578,337
117591,331
117604,343
117616,335
117628,341
117641,340
117653,333
117666,344
117679,337
117691,336
117703,347
117715,337
117728,340
117741,341
117753,333
117766,344
117778,339
117790,337
117804,342
117816,337
117828,338
117840,346
117853,330
117866,343
117878,340
117891,330
117903,345
117915,336
117927,333
117941,339
117953,336
117965,340
117978,340
117990,332
118003,342
118016,335
118028,331
118040,340
118052,332
118066,342
118078,336
118090,330
118103,341
118115,334
118127,334
118140,341
118153,328
118165,340
118177,339
118190,331
118203,340
118215,335
118227,329
118240,339
118252,326
118265,337
118278,338
118290,328
118302,342
118315,332
118327,330
118340,341
118352,328
118365,332
118377,342
118389,327
118403,337
118415,332
118427,329
118439,338
118452,324
118465,333
118477,338
118490,324
118502,339
118514,333
118526,329
118540,337
118552,329
118564,332
118577,336
118589,327
118602,343
118615,332
118627,344
118639,351
118651,320
118665,332
118677,348
118689,292
118702,357
118714,306
118726,356
118739,263
118752,393
118764,288
118776,335
118789,343
118802,329
118814,311
118827,337
118839,313
118851,354
118864,335
118877,309
118889,315
118901,334
118914,331
118926,341
118939,330
118951,332
118964,325
118976,332
118988,318
119002,342
119014,318
119026,309
119038,329
119051,324
119064,354
119076,302
119089,354
119101,319
119113,341
119126,334
119139,313
119151,341
119163,347
119176,342
119188,312
119201,343
119214,351
119226,321
119238,344
119250,332
119264,325
119276,346
119288,336
119301,339
119313,344
119325,337
119339,342
119351,345
119363,336
119375,351
119388,347
119401,341
119413,354
119426,344
119438,349
119450,349
119463,344
119476,353
119488,351
119500,344
119513,357
119525,338
119538,347
119550,347
119563,338
119575,352
119587,341
119601,338
119613,351
119625,342
119638,339
119650,351
119663,344
119675,342
119688,343
119700,339
119712,353
119725,335
119738,338
119750,349
119762,332
119775,343
119787,340
119800,330
119813,351
119825,332
119837,334
119849,337
119863,333
119875,338
119887,335
119900,324
119912,344
119924,329
119938,328
119950,339
119962,324
119974,332
119987,332
120000,321
120012,337
120025,325
120037,323
120049,334
120062,319
120075,331
120087,324
120099,320
120112,328
120124,330
120137,317
120150,334
120162,325
120174,326
120186,350
120200,321
120212,340
120224,332
120237,332
120249,351
120262,328
120274,343
120287,352
120299,335
120311,348
120324,346
120337,339
120349,351
120361,332
120374,346
120386,344
120399,330
120412,349
120424,339
120436,332
120449,342
120462,344
120474,333
120486,334
120499,336
120511,336
120523,337
120537,322
120549,336
120561,328
120573,340
120586,312
120599,324
120611,320
120624,321
120636,322
120648,334
120662,319
120674,332
120686,397
120698,195
120711,304
120723,253
120736,242
120749,264
120761,234
120773,305
120785,217
120799,205
120811,257
120823,289
120836,188
120848,324
120861,185
120873,286
120886,287
120898,236
120910,278
120923,289
120936,267
120948,329
120961,262
120973,280
120985,318
120998,260
121011,328
121023,274
121035,283
121048,296
121061,314
121073,267
121085,307
121098,326
121110,300
121122,305
121136,270
121148,345
121160,291
121172,318
121185,340
121198,315
121210,329
121223,302
121235,337
121247,344
121261,326
121273,322
121285,325
121297,337
121310,330
121322,338
121335,336
121348,347
121360,330
121372,332
121384,353
121398,342
121410,346
121422,346
121435,341
121447,351
121460,353
121473,350
121485,354
121497,349
121509,344
121522,358
121535,342
121547,323
121560,311
121572,289
121584,300
121597,292
121610,296
121622,302
121634,306
121647,324
121660,349
121672,358
121684,392
121697,406
121709,411
121721,436
121735,436
121747,438
121759,450
121772,437
121784,444
121797,440
121809,429
121822,435
121834,428
121846,422
121860,424
121872,412
121884,414
121896,414
121909,400
121921,415
121934,401
121947,395
121959,404
121971,396
121984,391
121997,392
122009,380
122021,389
122034,382
122046,378
122059,384
122072,372
122084,368
122096,375
122108,358
122121,370
122134,362
122146,356
122159,369
122171,352
122183,355
122196,356
122209,347
122221,350
122233,350
122246,340
122259,348
122271,341
122284,336
122296,345
122308,332
122320,342
122334,334
122346,328
122358,342
122371,325
122383,331
122396,336
122408,325
122421,335
122433,330
122445,326
122459,333
122471,318
122483,317
122496,329
122508,314
122520,346
122533,315
122546,337
122558,304
122570,345
122583,292
122596,336
122608,272
122620,337
122633,274
122645,315
122658,310
122671,300
122683,322
122695,308
122707,330
122720,302
122733,305
122745,346
122758,268
122770,357
122782,280
122796,319
122808,304
122820,329
122832,306
122845,322
122858,318
122870,308
122883,285
122895,336
122907,286
122919,317
122933,307
122945,316
122957,325
122970,304
122982,330
122995,298
123008,316
123020,310
123032,318
123044,315
123058,310
123070,331
123082,307
123095,318
123107,310
123119,313
123132,332
123145,318
123157,333
123169,317
123182,342
123195,308
123207,325
123219,323
123232,322
123244,316
123257,324
123270,333
123282,321
123294,329
123307,333
123319,319
123332,336
123344,328
123357,329
123369,333
123381,328
123395,337
123407,337
123419,327
123431,342
123444,332
123457,335
123469,338
123482,332
123494,338
123506,335
123518,329
123532,343
123544,335
123556,334
123569,342
123581,333
123594,338
123607,340
123619,333
123631,345
123643,337
123657,334
123669,343
123681,332
123694,341
123706,341
123718,333
123731,343
123744,336
123756,333
123768,343
123781,335
123794,334
123806,344
123819,327
123831,343
123843,334
123856,330
123869,346
123881,332
123893,333
123906,337
123918,327
123931,337
123943,335
123956,329
123968,337
123980,330
123994,336
124006,335
124018,331
124030,340
124043,334
124056,329
124068,340
124081,337
124093,328
124105,340
124118,327
124131,338
124143,337
124155,326
124168,340
124180,331
124193,328
124206,335
124218,330
124230,336
124242,334
124256,327
124268,336
124280,331
124293,327
124305,339
124317,327
124331,336
124343,336
124355,326
124367,340
124380,330
124393,333
124405,338
124418,332
124430,329
124442,339
124455,321
124468,336
124480,333
124492,325
124505,334
124517,333
124530,323
124542,341
124555,325
124567,329
124579,356
124593,304
124605,343
124617,292
124630,336
124642,243
124655,315
124667,248
124680,306
124692,236
124704,332
124717,320
124730,319
124742,320
124754,335
124767,318
124779,311
124792,378
124805,290
124817,358
124829,307
124841,355
124855,322
124867,333
124879,366
124892,296
124904,362
124916,328
124930,336
124942,328
124954,312
124966,339
124979,345
124992,326
125004,366
125017,327
125029,303
125041,374
125054,309
125067,329
125079,347
125091,328
125104,354
125116,334
125129,332
125142,373
125154,308
125166,345
125178,356
125192,319
125204,363
125216,307
125229,335
125241,351
125254,318
125266,345
125279,345
125291,317
125303,343
125316,340
125329,339
125341,345
125353,341
125366,339
125378,352
125391,335
125404,347
125416,346
125428,344
125441,350
125454,345
125466,347
125478,350
125491,344
125503,349
125515,350
125529,338
125541,352
125553,343
125565,346
125578,352
125591,342
125603,344
125616,348
125628,338
125640,349
125654,342
125666,339
125678,349
125690,336
125703,340
125715,345
125728,336
125741,347
125753,342
125765,332
125777,346
125791,335
125803,338
125815,341
125828,331
125840,342
125853,336
125865,334
125878,338
125890,336
125902,330
125915,340
125928,327
125940,336
125953,332
125965,327
125977,338
125990,334
126003,332
126015,337
126027,327
126040,333
126053,336
126065,324
126077,341
126090,330
126102,325
126114,337
126128,324
126140,333
126152,335
126164,323
126177,338
126190,331
126202,325
126215,336
126227,328
126239,331
126253,336
126265,327
126277,336
126289,332
126302,329
126314,337
126327,327
126340,335
126352,331
126364,323
126376,334
126390,336
126402,326
126414,334
126427,323
126439,322
126452,332
126465,331
126477,333
126489,332
126501,326
126514,337
126527,321
126539,335
126552,325
126564,336
126576,344
126589,339
126602,318
126614,383
126626,302
126639,321
126652,358
126664,293
126676,328
126689,330
126701,365
126713,292
126727,334
126739,323
126751,331
126764,339
126776,286
126789,329
126801,334
126814,325
126826,309
126838,323
126852,352
126864,304
126876,308
126888,350
126901,315
126913,343
126926,329
126939,304
126951,321
126963,318
126976,314
126989,326
127001,324
127013,317
127026,353
127038,291
127051,361
127064,301
127076,314
127088,339
127100,322
127113,298
127126,355
127138,316
127151,304
127163,352
127175,323
127188,328
127201,311
127213,347
127225,329
127238,294
127251,349
127263,348
127276,317
127288,336
127300,319
127312,333
127326,332
127338,332
127350,352
127363,340
127375,321
127388,346
127400,323
127413,322
127425,345
127437,324
127451,337
127463,338
127475,335
127488,338
127500,336
127512,340
127525,342
127538,324
127550,336
127562,315
127575,288
127588,280
127600,266
127612,260
127625,268
127637,256
127650,266
127663,269
127675,273
127687,290
127699,295
127712,303
127725,317
127737,314
127750,336
127762,337
127774,340
127788,357
127800,353
127812,354
127824,364
127837,359
127850,363
127862,368
127875,355
127887,374
127899,366
127911,368
127925,373
127937,360
127949,368
127962,367
127974,358
127987,367
128000,368
128012,366
128024,373
128036,362
128050,366
128062,365
128074,355
128087,366
128099,360
128111,358
128124,369
128137,356
128149,361
128161,361
128174,352
128187,362
128199,358
128211,353
128224,362
128236,347
128249,355
128262,356
128274,344
128286,361
128299,354
128311,345
128324,360
128336,346
128349,348
128361,357
128373,344
128387,354
128399,352
128411,347
128423,357
128436,343
128449,345
128461,351
128474,343
128486,349
128498,350
128510,339
128524,350
128536,344
128548,342
128561,352
128573,338
128586,346
128599,347
128611,338
128623,352
128635,339
128649,344
128661,343
128673,336
128686,346
128698,343
128710,343
128723,366
128736,317
128748,372
128760,334
128773,353
128786,372
128798,299
128811,384
128823,294
128835,363
128848,287
128861,338
128873,320
128885,320
128898,330
128910,315
128923,311
128935,358
128948,279
128960,347
128972,303
128986,343
128998,279
129010,327
129022,337
129035,289
129048,360
129060,310
129073,327
129085,321
129097,320
129110,327
129123,331
129135,315
129147,355
129160,331
129172,356
129185,324
129198,345
129210,340
129222,325
129234,326
129248,332
129260,352
129272,319
129285,328
129297,334
129309,322
129323,351
129335,310
129347,331
129359,329
129372,346
129385,306
129397,348
129410,325
129422,341
129434,323
129447,336
129460,323
129472,332
129484,326
129497,339
129509,336
129522,329
129534,334
129547,324
129559,334
129571,324
129585,312
129597,314
129609,284
129622,276
129634,274
129647,259
129659,262
129672,258
129684,251
129696,273
129709,271
129722,278
129734,297
129746,296
129759,315
129771,322
129784,315
129797,335
129809,329
129821,332
129833,347
129847,339
129859,349
129871,350
129884,343
129896,352
129908,350
129922,347
129934,359
129946,350
129958,353
129971,362
129984,348
129996,363
130009,353
130021,351
130033,364
130046,352
130059,353
130071,360
130083,349
130096,355
130108,355
130121,347
130134,358
130146,348
130158,350
130170,351
130184,344
130196,354
130208,353
130221,336
130233,355
130246,341
130258,343
130271,348
130283,336
130295,346
130308,342
130321,334
130333,350
130345,338
130358,339
130370,345
130383,335
130396,344
130408,341
130420,331
130433,344
130446,334
130458,333
130470,339
130483,332
130495,340
130507,335
130521,328
130533,347
130545,335
130557,331
130570,343
130583,331
130595,338
130608,342
130620,325
130632,341
130646,332
130658,330
130670,338
130682,327
130695,334
130707,336
130720,325
130733,339
130745,331
130757,328
130769,338
130783,326
130795,331
130807,346
130820,328
130832,361
130845,376
130857,269
130870,342
130882,384
130894,292
130907,332
130920,310
130932,329
130945,302
130957,315
130969,353
130982,266
130995,291
131007,325
131019,343
131032,271
131045,319
131057,316
131069,318
131082,307
131094,327
131106,327
131120,302
131132,321
131144,343
131156,302
131169,351
131182,311
131194,354
131207,318
131219,345
131231,306
131245,343
131257,304
131269,348
131281,314
131294,333
131306,350
131319,347
131332,318
131344,349
131356,305
131368,366
131382,308
131394,344
131406,349
131419,321
131431,339
131444,360
131457,311
131469,327
131481,357
131493,254
131506,306
131519,288
131531,270
131544,291
131556,271
131568,273
131581,267
131594,276
131606,285
131618,268
131631,278
131644,283
131656,279
131668,295
131681,292
131693,292
131705,312
131719,292
131731,308
131743,317
131756,295
131768,313
131781,322
131793,306
131806,324
131818,312
131830,323
131844,333
131856,307
131868,325
131880,328
131893,324
131905,339
131918,330
131931,320
131943,322
131955,298
131968,294
131981,271
131993,257
132005,267
132018,269
132030,273
132043,301
132056,309
132068,335
132080,357
132092,363
132105,391
132118,397
132130,402
132143,420
132155,415
132167,422
132180,422
132193,412
132205,417
132217,414
132230,404
132243,413
132255,403
132268,402
132280,403
132292,390
132304,397
132318,392
132330,381
132342,393
132355,381
132367,377
132380,383
132392,372
132405,379
132417,375
132429,368
132443,376
132455,365
132467,362
132480,370
132492,357
132504,364
132517,357
132530,355
132542,361
132554,353
132567,353
132580,359
132592,350
132604,352
132617,351
132629,342
132642,355
132655,342
132667,347
132679,352
132691,340
132704,348
132717,345
132729,337
132742,347
132754,339
132766,337
132780,348
132792,336
132804,339
132816,337
132829,330
132842,341
132854,334
132867,329
132879,338
132891,330
132903,339
132917,335
132929,322
132941,346
132954,323
132966,342
132979,330
132992,356
133004,336
133016,328
133028,294
133042,365
133054,310
133066,321
133079,342
133091,293
133103,318
133116,336
133129,313
133141,334
133153,299
133166,322
133179,322
133191,320
133203,313
133216,320
133228,318
133241,329
133254,293
133266,326
133278,308
133291,327
133303,340
133316,320
133328,308
133341,326
133353,326
133365,309
133379,328
133391,320
133403,314
133415,343
133428,303
133441,314
133453,327
133466,318
133478,325
133490,318
133502,325
133516,326
133528,316
133540,320
133553,323
133565,315
133578,330
133591,324
133603,314
133615,336
133627,322
133641,322
133653,334
133665,320
133678,331
133690,332
133702,323
133715,338
133728,327
133740,328
133752,338
133765,326
133778,338
133790,331
133803,332
133815,337
133827,333
133840,330
133853,339
133865,330
133877,337
133890,338
133902,328
133915,338
133927,335
133940,333
133952,342
133964,330
133978,334
133990,333
134002,331
134014,339
134027,336
134040,331
134052,340
134065,333
134077,331
134089,339
134102,329
134115,340
134127,332
134139,330
134152,339
134164,330
134177,329
134190,336
134202,327
134214,336
134226,330
134240,328
134252,338
134264,333
134277,331
134289,338
134301,329
134315,337
134327,331
134339,327
134351,340
134364,328
134377,332
134389,337
134402,331
134414,335
134426,335
134439,326
134452,340
134464,331
134476,330
134489,336
134501,326
134514,333
134526,332
134539,325
134551,334
134563,333
134577,328
134589,339
134601,332
134614,333
134626,332
134639,324
134651,341
134664,332
134676,326
134688,339
134701,327
134714,333
134726,337
134738,326
134751,338
134763,332
134776,330
134789,339
134801,329
134813,333
134825,333
134839,331
134851,336
134863,333
134876,331
134888,339
134900,336
134914,331
134926,336
134938,328
134950,338
134963,338
134976,338
134988,354
135001,335
135013,361
135025,379
135038,306
135051,324
135063,348
135075,284
135088,369
135100,342
135113,285
135126,376
135138,305
135150,328
135162,336
135176,310
135188,302
135200,373
135213,316
135225,289
135238,343
135250,312
135263,339
135275,293
135287,353
135300,312
135313,302
135325,348
135337,324
135350,340
135362,289
135375,329
135388,322
135400,315
135412,334
135425,321
135438,341
135450,336
135462,320
135475,329
135487,358
135499,330
135513,318
135525,328
135537,334
135549,330
135562,315
135575,339
135587,308
135600,325
135612,336
135624,322
135638,327
135650,333
135662,336
135674,329
135687,334
135699,334
135712,325
135725,340
135737,332
135749,335
135761,345
135775,339
135787,340
135799,344
135812,339
135824,346
135837,342
135849,336
135862,350
135874,338
135886,344
135899,344
135912,337
135924,345
135937,340
135949,341
135961,346
135974,338
135987,341
135999,348
136011,337
136024,342
136037,340
136049,336
136061,346
136074,337
136086,339
136098,341
136112,332
136124,344
136136,339
136148,331
136161,344
136174,335
136186,337
136199,342
136211,332
136223,342
136237,339
136249,332
136261,343
136273,334
136286,339
136298,341
136311,330
136324,342
136336,338
136348,331
136360,340
136374,333
136386,331
136398,337
136411,331
136423,344
136436,336
136449,328
136461,342
136473,334
136485,331
136498,341
136511,326
136523,333
136536,334
136548,332
136560,335
136573,333
136586,329
136598,339
136610,330
136623,333
136636,336
136648,327
136660,338
136673,327
136685,323
136697,321
136711,307
136723,291
136735,276
136748,249
136760,261
136773,260
136785,273
136798,302
136810,298
136822,314
136836,324
136848,316
136860,336
136872,332
136885,335
136897,351
136910,357
136923,385
136935,297
136947,378
136960,328
136973,360
136985,307
136997,385
137010,343
137022,340
137035,347
137048,372
137060,316
137072,361
137084,322
137097,373
137110,309
137122,325
137135,345
137147,326
137159,331
137172,336
137185,315
137197,352
137209,314
137222,350
137235,326
137247,340
137260,324
137272,342
137284,325
137296,333
137310,351
137322,316
137334,343
137347,324
137359,339
137372,334
137384,326
137397,349
137409,323
137421,339
137435,338
137447,334
137459,339
137472,348
137484,327
137496,346
137509,336
137522,336
137534,356
137546,331
137559,334
137572,346
137584,346
137596,338
137609,336
137621,340
137634,340
137647,346
137659,340
137671,340
137683,331
137696,343
137709,338
137721,338
137734,344
137746,335
137758,338
137772,347
137784,331
137796,342
137808,341
137821,332
137834,346
137846,336
137859,330
137871,346
137883,335
137895,338
137909,337
137921,333
137933,342
137946,342
137958,333
137971,341
137984,333
137996,336
138008,339
138020,329
138034,342
138046,339
138058,329
138071,342
138083,333
138095,333
138108,340
138121,327
138133,339
138145,337
138158,327
138171,344
138183,330
138195,333
138208,341
138220,325
138233,334
138246,335
138258,327
138270,336
138283,330
138295,331
138308,337
138320,330
138333,336
138345,328
138357,327
138371,338
138383,334
138395,330
138407,342
138420,326
138433,333
138445,336
138458,329
138470,338
138482,329
138494,330
138508,341
138520,330
138532,334
138545,337
138557,328
138570,340
138583,328
138595,329
138607,339
138619,329
138633,333
138645,336
138657,328
138670,338
138682,331
138694,328
138707,341
138720,330
138732,333
138744,335
138757,329
138770,337
138782,332
138795,329
138807,338
138819,330
138832,327
138845,334
138857,325
138869,334
138882,332
138894,325
138907,347
138919,327
138932,344
138944,326
138956,328
138970,347
138982,315
138994,393
139006,305
139019,316
139032,328
139044,339
139057,297
139069,374
139081,298
139094,327
139107,285
139119,320
139131,304
139144,372
139156,272
139169,316
139182,337
139194,311
139206,318
139218,298
139232,314
139244,310
139256,303
139269,309
139281,352
139293,284
139307,330
139319,329
139331,320
139343,320
139356,314
139369,338
139381,304
139394,332
139406,348
139418,307
139431,328
139444,357
139456,303
139468,334
139481,347
139493,309
139506,350
139518,304
139531,339
139543,339
139555,329
139569,325
139581,341
139593,332
139606,334
139618,340
139631,320
139643,348
139656,320
139668,334
139680,345
139693,331
139706,342
139718,338
139730,338
139743,345
139755,343
139768,339
139781,346
139793,339
139805,342
139817,346
139831,339
139843,351
139855,346
139868,337
139880,352
139892,340
139906,345
139918,348
139930,337
139942,349
139955,346
139968,339
139980,350
139993,338
140005,341
140017,346
140030,338
140043,345
140055,343
140067,334
140080,345
140092,333
140105,335
140118,344
140130,332
140142,344
140154,336
140168,333
140180,344
140192,336
140205,333
140217,340
140230,333
140242,340
140255,339
140267,329
140279,343
140292,334
140305,332
140317,344
140329,329
140342,342
140354,336
140367,330
140380,340
140392,334
140404,331
140417,337
140430,330
140442,334
140454,336
140467,328
140479,339
140491,332
140505,331
140517,337
140529,329
140541,333
140554,338
140567,326
140579,334
140592,335
140604,333
140616,336
140630,332
140642,332
140654,339
140666,327
140679,339
140691,334
140704,328
140717,339
140729,329
140741,330
140753,336
140767,325
140779,338
140791,335
140804,324
140816,336
140829,333
140841,331
140854,340
140866,330
140878,331
140891,335
140904,323
140916,341
140929,331
140941,333
140953,337
140966,349
140979,323
140991,347
141003,317
141016,342
141029,332
141041,333
141053,341
141066,325
141078,322
141090,313
141104,321
141116,321
141128,337
141140,309
141153,336
141166,310
141178,324
141191,346
141203,303
141215,337
141229,348
141241,318
141253,308
141265,339
141278,317
141290,323
141303,324
141316,326
141328,314
141340,337
141352,325
141366,312
141378,321
141390,326
141403,328
141415,335
141428,317
141441,323
141453,334
141465,315
141477,335
141490,319
141503,326
141515,339
141528,338
141540,312
141552,335
141565,331
141578,334
141590,324
141602,333
141615,332
141628,339
141640,325
141652,341
141665,332
141677,333
141689,346
141703,331
141715,343
141727,345
141740,334
141752,346
141765,340
141777,340
141790,349
141802,340
141814,340
141828,345
141840,334
141852,350
141864,344
141877,338
141889,347
141902,342
141915,336
141927,349
141939,333
141952,348
141965,341
141977,337
141989,347
142002,338
142014,340
142027,340
142040,332
142052,330
142064,324
142076,308
142089,302
142102,264
142114,246
142127,254
142139,241
142151,247
142164,258
142177,263
142189,287
142201,295
142214,304
142227,324
142239,325
142252,338
142264,343
142276,339
142288,355
142302,353
142314,350
142326,363
142339,355
142351,361
142364,367
142376,357
142389,366
142401,363
142413,352
142427,369
142439,354
142451,358
142464,360
142476,355
142488,360
142501,358
142514,352
142526,356
142538,354
142551,354
142564,352
142576,350
142588,351
142601,355
142613,342
142626,359
142639,353
142651,341
142663,350
142675,338
142688,348
142701,347
142713,338
142726,352
142738,342
142750,338
142764,347
142776,337
142788,344
142800,343
142813,337
142826,340
142838,339
142851,336
142863,342
142875,339
142887,340
142901,341
142913,330
142925,345
142938,339
142950,333
142963,344
142976,336
142988,341
143000,339
143012,343
143026,350
143038,328
143050,368
143063,340
143075,282
143087,365
143100,327
143113,301
143125,346
143137,330
143150,314
143163,328
143175,322
143187,306
143200,329
143212,332
143225,331
143238,303
143250,336
143262,311
143275,317
143287,324
143300,320
143312,323
143325,344
143337,338
143349,307
143363,346
143375,312
143387,315
143399,360
143412,322
143425,332
143437,309
143450,317
143462,324
143474,329
143486,335
143500,336
143512,332
143524,311
143537,345
143549,329
143562,323
143575,339
143587,318
143599,345
143611,330
143625,318
143637,338
143649,336
143662,321
143674,331
143686,330
143699,349
143712,324
143724,332
143736,338
143749,328
143762,340
143774,339
143787,331
143799,347
143811,335
143824,339
143837,343
143849,338
143861,343
143874,345
143886,336
143899,348
143911,343
143924,340
143936,349
143948,334
143962,347
143974,344
143986,338
143998,346
144011,341
144024,342
144036,349
144049,342
144061,343
144073,343
144086,338
144099,352
144111,342
144123,338
144136,345
144148,340
144161,345
144174,347
144186,336
144198,343
144210,346
144224,332
144236,347
144248,334
144261,338
144273,341
144285,334
144299,344
144311,338
144323,340
144335,347
144348,340
144361,332
144373,343
144386,331
144398,339
144410,334
144423,328
144436,341
144448,331
144460,332
144473,340
144485,334
144498,337
144510,340
144523,328
144535,342
144547,332
144561,330
144573,339
144585,329
144598,335
144610,339
144623,324
144635,341
144648,331
144660,331
144672,339
144685,328
144698,335
144710,330
144722,329
144735,337
144747,331
144760,329
144773,336
144785,325
144797,329
144809,336
144823,322
144835,336
144847,333
144860,323
144872,338
144884,327
144898,327
144910,336
144922,325
144934,331
144947,332
144960,322
144972,333
144985,329
144997,325
145009,331
145022,325
145035,331
145047,334
145059,325
145072,336
145084,328
145097,330
145110,358
145122,326
145134,307
145146,315
145160,432
145172,271
145184,334
145197,304
145209,336
145222,289
145234,335
145247,312
145259,316
145271,337
145284,301
145297,323
145309,310
145321,323
145334,319
145346,322
145359,335
145372,328
145384,330
145396,314
145409,297
145422,335
145434,344
145446,297
145459,326
145471,311
145483,317
145497,342
145509,304
145521,319
145533,357
145546,320
145559,325
145571,325
145584,329
145596,328
145608,313
145622,314
145634,349
145646,316
145658,320
145671,336
145683,313
145696,336
145709,321
145721,324
145733,336
145745,326
145759,328
145771,337
145783,335
145796,327
145808,341
145821,338
145833,337
145846,344
145858,338
145870,347
145883,345
145896,338
145908,349
145921,349
145933,339
145945,354
145958,342
145971,347
145983,352
145995,339
146008,351
146021,349
146033,339
146045,353
146058,340
146070,348
146082,347
146096,345
146108,345
146120,345
146132,332
146145,352
146158,338
146170,340
146183,348
146195,334
146207,344
146221,341
146233,336
146245,344
146257,336
146270,339
146282,341
146295,334
146308,340
146320,341
146332,329
146344,344
146358,337
146370,334
146382,343
146395,334
146407,340
146420,337
146433,331
146445,342
146457,338
146469,331
146482,343
146495,327
146507,338
146520,337
146532,326
146544,337
146557,338
146570,330
146582,340
146594,329
146607,336
146620,336
146632,327
146644,337
146657,330
146669,329
146681,337
146695,329
146707,331
146719,334
146732,327
146744,329
146757,332
146769,323
146782,339
146794,327
146806,326
146820,333
146832,324
146844,333
146856,331
146869,326
146881,339
146894,327
146907,329
146919,337
146931,326
146944,335
146957,330
146969,326
146981,338
146994,328
147006,329
147019,336
147032,327
147044,332
147056,336
147068,332
147081,335
147094,337
147106,313
147119,327
147131,329
147143,344
147156,329
147169,380
147181,272
147193,372
147206,298
147219,357
147231,306
147244,367
147256,298
147268,342
147280,340
147294,318
147306,324
147318,348
147331,298
147343,345
147356,313
147368,319
147381,322
147393,359
147405,300
147419,337
147431,315
147443,322
147456,361
147468,300
147480,329
147493,322
147506,341
147518,333
147530,325
147543,338
147556,328
147568,322
147580,334
147593,333
147605,318
147618,340
147631,328
147643,328
147655,330
147667,331
147680,331
147693,333
147705,326
147718,339
147730,334
147742,335
147756,340
147768,331
147780,338
147792,340
147805,333
147818,343
147830,340
147843,332
147855,342
147867,337
147879,336
147893,340
147905,332
147917,344
147930,340
147942,333
147955,344
147968,336
147980,334
147992,341
148004,333
148018,338
148030,339
148042,331
148055,342
148067,337
148079,330
148092,341
148105,332
148117,337
148129,339
148142,330
148155,342
148167,334
148179,333
148192,342
148204,333
148217,336
148230,337
148242,332
148254,342
148267,337
148279,332
148292,341
148304,333
148317,331
148329,338
148341,331
148355,342
148367,334
148379,330
148391,340
148404,330
148417,333
148429,338
148442,329
148454,340
148466,334
148478,328
148492,343
148504,329
148516,335
148529,336
148541,330
148554,339
148567,334
148579,333
148591,338
148603,331
148617,333
148629,334
148641,328
148654,336
148666,334
148678,329
148691,341
148704,328
148716,330
148728,339
148741,328
148754,335
148766,338
148779,325
148791,336
148803,328
148816,329
148829,338
148841,328
148853,334
148866,335
148878,328
148891,342
148903,328
148916,324
148928,336
148940,320
148954,333
148966,331
148978,329
148990,336
149003,338
149016,329
149028,347
149041,325
149053,343
149065,350
149078,344
149091,323
149103,312
149115,325
149128,385
149140,289
149153,331
149166,370
149178,306
149190,337
149202,307
149216,333
149228,331
149240,337
149253,310
149265,334
149277,337
149291,310
149303,330
149315,321
149327,324
149340,323
149353,315
149365,344
149378,318
149390,318
149402,324
149415,327
149428,336
149440,318
149452,326
149465,333
149477,325
149490,320
149502,359
149515,302
149527,335
149539,325
149553,340
149565,332
149577,318
149590,330
149602,334
149615,332
149627,334
149640,337
149652,328
149664,342
149677,336
149690,336
149702,341
149714,334
149727,340
149739,339
149752,331
149765,348
149777,336
149789,339
149801,347
149815,339
149827,345
149839,342
149852,335
149864,347
149876,339
149890,340
149902,347
149914,337
149926,344
149939,342
149952,332
149964,351
149977,334
149989,339
150001,345
150014,336
150027,341
150039,343
150051,333
150064,344
150076,337
150089,336
150102,342
150114,334
150126,341
150138,336
150152,334
150164,342
150176,336
150189,332
150201,343
150214,337
150226,332
150239,342
150251,327
150263,341
150276,337
150289,329
150301,341
150313,333
150326,334
150338,339
150351,331
150364,337
150376,335
150388,332
150401,336
150414,330
150426,330
150438,340
150451,328
150463,339
150475,331
150489,329
150501,338
150513,327
150525,332
150538,340
150551,325
150563,336
150576,337
150588,324
150600,335
150614,329
150626,328
150638,336
150650,329
150663,333
150675,334
150688,326
150701,340
150713,328
150725,324
150737,338
150751,325
150763,331
150775,335
150788,328
150800,334
150813,333
150825,321
150838,337
150850,331
150862,326
150875,335
150888,327
150900,336
150913,331
150925,327
150937,336
150950,332
150963,334
150975,326
150987,339
151000,340
151013,324
151025,333
151037,338
151050,333
151062,352
151074,309
151088,332
151100,323
151112,349
151124,300
151137,351
151150,327
151162,301
151175,319
151187,329
151199,312
151213,335
151225,338
151237,332
151249,319
151262,331
151274,330
151287,314
151300,344
151312,329
151324,314
151336,325
151350,332
151362,318
151374,335
151387,330
151399,324
151412,334
151425,341
151437,312
151449,353
151461,315
151474,333
151487,336
151499,324
151512,333
151524,327
151536,340
151549,328
151562,327
151574,341
151586,333
151599,332
151612,342
151624,328
151636,342
151649,337
151661,328
151673,340
151687,331
151699,328
151711,335
151724,309
151736,300
151749,283
151761,258
151774,266
151786,256
151798,254
151812,275
151824,274
151836,292
151848,306
151861,312
151873,326
151886,328
151899,333
151911,347
151923,337
151936,347
151949,352
151961,349
151973,357
151986,354
151998,353
152011,364
152024,354
152036,357
152048,364
152060,354
152073,366
152086,361
152098,356
152111,368
152123,354
152135,358
152148,365
152161,352
152173,364
152185,361
152198,350
152211,364
152223,357
152236,350
152248,360
152260,351
152272,357
152286,354
152298,346
152310,359
152323,347
152335,351
152348,354
152360,346
152373,345
152385,351
152397,338
152411,351
152423,348
152435,338
152448,349
152460,338
152472,344
152485,342
152498,333
152510,342
152522,346
152535,329
152548,344
152560,336
152572,336
152585,340
152597,333
152610,343
152623,335
152635,330
152647,344
152659,334
152672,334
152685,342
152697,336
152710,334
152722,337
152734,329
152748,345
152760,330
152772,333
152784,336
152797,328
152810,339
152822,338
152835,325
152847,336
152859,336
152871,331
152885,339
152897,328
152909,341
152922,335
152934,317
152947,340
152960,343
152972,332
152984,340
152996,377
153010,320
153022,347
153034,317
153047,349
153059,319
153071,331
153084,323
153097,354
153109,297
153121,332
153134,317
153147,327
153159,321
153171,333
153184,314
153196,336
153209,311
153222,337
153234,336
153246,327
153259,350
153271,293
153284,359
153296,325
153309,306
153321,336
153333,335
153347,320
153359,333
153371,322
153383,335
153396,332
153409,325
153421,313
153434,342
153446,325
153458,336
153470,321
153484,339
153496,333
153508,331
153521,339
153533,330
153546,336
153559,333
153571,331
153583,340
153595,338
153609,331
153621,340
153633,336
153646,336
153658,342
153670,331
153683,343
153696,339
153708,336
153720,340
153733,340
153746,335
153758,342
153771,335
153783,340
153795,336
153808,334
153821,343
153833,334
153845,334
153858,341
153870,330
153883,345
153895,334
153908,332
153920,336
153932,332
153946,332
153958,340
153970,331
153982,340
153995,331
154008,329
154020,339
154033,329
154045,329
154057,336
154070,332
154083,332
154095,338
154107,327
154120,336
154132,334
154145,328
154158,335
154170,332
154182,333
154194,344
154208,325
154220,337
154232,334
154245,331
154257,339
154269,337
154283,328
154295,336
154307,331
154319,336
154332,334
154345,329
154357,338
154370,329
154382,332
154394,334
154407,331
154420,336
154432,332
154444,321
154457,333
154469,320
154482,311
154494,302
154507,274
154519,258
154531,249
154545,239
154557,254
154569,253
154582,262
154594,281
154607,285
154619,302
154632,312
154644,313
154656,330
154669,325
154682,326
154694,341
154706,336
154719,343
154731,349
154744,341
154757,354
154769,352
154781,350
154793,353
154807,349
154819,349
154831,354
154844,344
154856,359
154868,354
154882,343
154894,360
154906,353
154918,350
154931,359
154944,339
154956,356
154969,349
154981,359
154993,362
155006,338
155019,348
155031,354
155043,352
155056,326
155068,331
155081,367
155094,344
155106,337
155118,338
155130,352
155144,318
155156,400
155168,307
155181,361
155193,335
155206,348
155218,335
155231,354
155243,340
155255,311
155268,350
155281,334
155293,341
155305,334
155318,336
155330,342
155343,323
155356,343
155368,326
155380,338
155393,344
155406,324
155418,328
155430,336
155443,334
155455,338
155467,325
155481,348
155493,324
155505,330
155517,329
155530,342
155543,333
155555,320
155568,336
155580,333
155592,343
155606,334
155618,328
155630,343
155642,333
155655,336
155667,342
155680,331
155693,338
155705,339
155717,332
155729,343
155743,333
155755,337
155767,337
155780,335
155792,333
155805,340
155817,330
155830,339
155842,334
155854,333
155867,341
155880,332
155892,336
155905,335
155917,331
155929,342
155942,336
155955,330
155967,341
155979,335
155992,333
156005,340
156017,326
156029,339
156042,337
156054,326
156066,340
156080,330
156092,334
156104,338
156116,327
156129,337
156142,338
156154,326
156167,338
156179,330
156191,329
156205,337
156217,328
156229,334
156241,335
156254,324
156266,338
156279,326
156292,329
156304,337
156316,330
156328,335
156342,334
156354,326
156366,341
156379,338
156391,330
156404,341
156417,332
156429,338
156441,334
156453,329
156466,337
156479,334
156491,326
156504,339
156516,330
156528,333
156541,334
156554,332
156566,336
156578,326
156591,328
156604,338
156616,327
156628,331
156641,333
156653,331
156665,333
156679,327
156691,337
156703,331
156716,333
156728,325
156741,344
156753,335
156766,331
156778,339
156790,339
156804,321
156816,353
156828,265
156840,339
156853,315
156865,349
156878,330
156891,328
156903,314
156915,355
156928,288
156941,331
156953,322
156965,326
156978,325
156990,326
157003,337
157016,324
157028,328
157040,338
157052,322
157065,339
157078,330
157090,330
157103,340
157115,337
157127,329
157140,337
157153,317
157165,347
157177,324
157190,322
157203,344
157215,323
157228,328
157240,344
157252,326
157264,328
157278,338
157290,334
157302,329
157315,340
157327,324
157340,339
157352,326
157365,329
157377,339
157389,327
157403,338
157415,336
157427,323
157440,342
157452,330
157464,329
157477,339
157490,329
157502,335
157514,337
157527,327
157540,341
157552,333
157564,327
157577,341
157589,333
157602,336
157615,338
157627,326
157639,339
157651,334
157664,332
157677,341
157689,332
157702,336
157714,343
157726,330
157740,342
157752,335
157764,333
157776,338
157789,332
157802,329
157814,334
157827,313
157839,320
157851,297
157863,272
157877,265
157889,245
157901,242
157914,248
157926,244
157939,258
157952,265
157964,271
157976,285
157988,293
158002,297
158014,316
158026,318
158039,328
158051,330
158063,332
158076,350
158089,346
158101,347
158113,354
158126,350
158139,356
158151,361
158163,352
158176,364
158188,361
158201,355
158214,367
158226,353
158238,362
158251,367
158263,356
158276,365
158288,364
158301,357
158313,369
158325,362
158339,357
158351,360
158363,356
158375,363
158388,360
158401,353
158413,359
158426,354
158438,354
158450,359
158462,349
158476,356
158488,354
158500,348
158513,361
158525,349
158538,352
158551,358
158563,346
158575,355
158587,351
158601,346
158613,351
158625,348
158638,342
158650,351
158662,341
158675,348
158688,347
158700,341
158712,346
158725,341
158738,337
158750,349
158763,345
158775,344
158787,346
158800,334
158813,359
158825,391
158837,320
158850,333
158862,329
158875,352
158887,286
158900,326
158912,387
158924,270
158938,361
158950,368
158962,301
158974,340
158987,339
159000,304
159012,328
159025,318
159037,342
159049,304
159062,340
159075,346
159087,290
159099,341
159112,321
159124,324
159137,345
159150,311
159162,339
159174,281
159186,327
159200,333
159212,331
159224,318
159237,365
159249,304
159261,324
159275,332
159287,319
159299,342
159311,323
159324,327
159337,317
159349,328
159362,333
159374,312
159386,340
159399,327
159412,324
159424,340
159436,330
159449,331
159461,325
159474,329
159486,342
159499,332
159511,338
159523,340
159537,329
159549,343
159561,340
159574,330
159586,352
159599,334
159611,337
159624,347
159636,333
159648,344
159661,338
159674,340
159686,345
159698,338
159711,341
159723,348
159736,333
159749,343
159761,338
159773,333
159785,344
159799,341
159811,333
159823,341
159836,337
159848,334
159860,341
159874,328
159886,341
159898,337
159910,329
159923,344
159936,329
159948,336
159961,336
159973,328
159985,338
159998,336
160011,326
160023,341
160035,325
160048,332
160060,333
160073,329
160086,341
160098,337
160110,322
160122,343
160136,331
160148,328
160160,333
160173,327
160185,335
160198,330
160210,325
160223,335
160235,329
160247,327
160260,331
160273,325
160285,333
160297,334
160310,325
160322,334
160335,329
160348,327
160360,334
160372,327
160385,330
160398,333
160410,322
160422,336
160435,327
160447,325
160459,338
160473,329
160485,334
160497,334
160509,328
160522,336
160535,336
160547,324
160560,341
160572,328
160584,337
160598,332
160610,324
160622,334
160634,339
160647,329
160659,339
160672,337
160685,342
160697,336
160709,335
160721,360
160735,330
160747,381
160759,304
160772,360
160784,314
160797,331
160809,375
160822,277
160834,368
160846,327
160859,337
160872,281
160884,354
160897,285
160909,354
160921,334
160934,336
160947,320
160959,317
160971,341
160984,294
160997,362
161009,304
161021,310
161034,332
161046,301
161058,302
161072,358
161084,311
161096,318
161108,329
161121,354
161134,295
161146,322
161159,314
161171,306
161183,343
161197,340
161209,300
161221,318
161233,350
161246,300
161258,366
161271,328
161284,316
161296,325
161308,319
161320,332
161334,338
161346,313
161358,336
161371,331
161383,331
161396,338
161409,334
161421,333
161433,342
161445,337
161458,344
161471,345
161483,337
161496,350
161508,343
161520,341
161533,350
161546,338
161558,349
161570,343
161583,340
161596,349
161608,343
161620,339
161633,352
161645,335
161657,344
161671,342
161683,337
161695,347
161708,345
161720,339
161733,348
161745,339
161758,342
161770,348
161782,340
161796,349
161808,344
161820,335
161832,349
161845,338
161857,339
161870,346
161883,334
161895,345
161907,340
161920,336
161933,345
161945,334
161957,337
161970,343
161982,331
161995,339
162008,338
162020,325
162032,340
162044,335
162057,334
162070,336
162082,333
162095,339
162107,330
162119,330
162132,339
162145,330
162157,331
162169,340
162182,335
162195,328
162207,334
162220,329
162232,337
162244,330
162256,328
162270,340
162282,328
162294,333
162307,336
162319,327
162332,340
162344,336
162357,325
162369,338
162381,328
162395,333
162407,336
162419,329
162432,339
162444,336
162456,328
162469,340
162482,330
162494,332
162506,339
162519,325
162532,338
162544,333
162556,328
162569,341
162581,331
162594,328
162607,338
162619,331
162631,332
162643,334
162656,325
162669,337
162681,327
162694,331
162706,337
162718,328
162732,332
162744,335
162756,328
162768,339
162781,323
162794,323
162806,332
162819,328
162831,324
162843,332
162855,325
162869,335
162881,337
162893,325
162906,332
162918,329
162931,335
162944,334
162956,332
162968,336
162980,341
162994,326
163006,341
163018,342
163031,345
163043,332
163055,308
163068,357
163081,313
163093,369
163105,299
163118,348
163131,306
163143,326
163155,355
163168,317
163180,308
163193,320
163206,338
163218,332
163230,337
163243,322
163255,310
163268,312
163280,347
163293,316
163305,341
163317,312
163331,353
163343,296
163355,344
163367,316
163380,316
163393,305
163405,384
163418,285
163430,316
163442,343
163454,348
163468,297
163480,328
163492,328
163505,346
163517,322
163530,325
163543,335
163555,306
163567,335
163579,348
163593,324
163605,348
163617,331
163630,326
163642,339
163654,317
163667,329
163680,332
163692,330
163704,341
163717,339
163730,331
163742,340
163755,336
163767,333
163779,340
163792,322
163805,327
163817,310
163829,277
163842,278
163854,260
163867,253
163879,259
163892,258
163904,275
163916,291
163930,297
163942,320
163954,322
163966,326
163979,342
163992,334
164004,340
164017,349
164029,345
164041,357
164054,354
164067,347
164079,362
164091,352
164104,359
164116,364
164129,351
164142,364
164154,360
164166,356
164178,362
164192,353
164204,356
164216,359
164229,353
164241,357
164253,359
164267,349
164279,361
164291,353
164303,349
164316,358
164329,346
164341,353
164354,354
164366,341
164378,355
164391,347
164404,345
164416,351
164428,342
164441,346
164453,342
164466,331
164478,343
164491,336
164503,336
164515,348
164529,335
164541,345
164553,342
164566,337
164578,347
164591,341
164603,338
164616,349
164628,335
164640,342
164653,341
164666,333
164678,345
164690,337
164703,332
164715,343
164728,334
164741,337
164753,341
164765,329
164777,339
164791,339
164803,330
164815,343
164828,332
164840,334
164852,338
164866,330
164878,329
164890,330
164902,322
164915,336
164928,326
164940,327
164953,333
164965,327
164977,334
164990,338
165003,323
165015,340
165027,337
165040,331
165052,329
165065,338
165078,324
165090,337
165102,325
165114,341
165128,345
165140,346
165152,317
165165,328
165177,336
165190,324
165202,301
165215,322
165227,330
165239,327
165252,302
165265,321
165277,328
165289,340
165302,295
165314,335
165327,318
165340,321
165352,309
165364,332
165377,307
165390,320
165402,342
165414,332
165427,337
165439,276
165451,345
165465,338
165477,341
165489,326
165501,314
165514,342
165527,351
165539,306
165552,352
165564,328
165576,342
165590,332
165602,346
165614,326
165626,340
165639,332
165651,338
165664,352
165677,319
165689,347
165701,342
165713,348
165727,314
165739,315
165751,340
165764,340
165776,352
165789,329
165801,335
165814,331
165826,342
165838,333
165851,334
165864,336
165876,328
165889,340
165901,332
165913,339
165926,339
165939,335
165951,342
165963,339
165976,333
165989,346
166001,339
166013,339
166026,345
166038,333
166050,341
166064,342
166076,330
166088,342
166100,339
166113,334
166126,344
166138,333
166151,341
166163,337
166175,331
166189,346
166201,336
166213,335
166225,346
166238,335
166250,341
166263,339
166276,332
166288,345
166300,334
166312,337
166326,339
166338,335
166350,335
166363,338
166375,328
166388,339
166401,332
166413,329
166425,341
166437,329
166450,332
166463,337
166475,328
166488,338
166500,332
166512,328
166525,342
166538,325
166550,333
166562,337
166575,328
166588,335
166600,338
166612,328
166625,336
166637,333
166649,329
166663,339
166675,328
166687,336
166700,334
166712,322
166725,336
166737,328
166750,326
166762,335
166774,325
166788,332
166800,337
166812,326
166824,336
166837,329
166849,326
166862,334
166875,328
166887,331
166899,338
166912,324
166925,338
166937,333
166949,327
166962,337
166974,329
166987,332
167000,334
167012,328
167024,336
167036,329
167049,327
167062,334
167074,327
167087,329
167099,337
167111,326
167124,335
167137,329
167149,325
167161,338
167174,327
167187,327
167199,336
167212,329
167224,337
167236,345
167248,325
167262,332
167274,348
167286,320
167299,312
167311,338
167324,332
167336,316
167349,333
167361,306
167373,328
167387,268
167399,393
167411,271
167424,336
167436,326
167448,330
167461,310
167474,336
167486,316
167498,335
167511,335
167524,304
167536,330
167548,305
167561,363
167573,302
167586,338
167599,325
167611,335
167623,283
167635,342
167648,330
167661,325
167673,332
167686,320
167698,328
167710,327
167724,333
167736,336
167748,318
167760,326
167773,343
167786,325
167798,328
167811,330
167823,332
167835,337
167847,328
167861,334
167873,333
167885,316
167898,316
167910,288
167923,263
167936,258
167948,238
167960,243
167972,251
167986,242
167998,270
168010,282
168023,290
168035,314
168047,315
168060,332
168073,339
168085,337
168097,355
168110,353
168123,352
168135,366
168147,360
168160,365
168172,367
168185,361
168198,372
168210,367
168222,364
168235,374
168247,364
168260,365
168272,369
168285,359
168297,370
168309,360
168323,357
168335,369
168347,358
168359,358
168372,367
168385,351
168397,363
168410,360
168422,353
168434,368
168446,356
168460,352
168472,361
168484,348
168497,356
168509,347
168522,350
168535,355
168547,353
168559,340
168571,354
168585,347
168597,343
168609,347
168622,341
168634,347
168646,342
168659,339
168672,352
168684,337
168696,340
168709,343
168722,336
168734,343
168747,339
168759,334
168771,347
168784,335
168797,331
168809,337
168821,330
168834,343
168846,334
168859,329
168871,341
168884,333
168896,334
168908,337
168922,332
168934,338
168946,336
168958,330
168971,341
168984,332
168996,329
169009,339
169021,327
169033,334
169046,336
169059,325
169071,337
169083,330
169096,332
169108,335
169121,333
169134,334
169146,331
169158,326
169170,340
169184,334
169196,328
169208,336
169221,328
169233,332
169245,339
169259,326
169271,337
169283,332
169295,327
169308,340
169321,321
169333,334
169346,339
169358,307
169370,335
169383,338
169396,375
169408,337
169420,300
169433,306
169445,356
169458,331
169470,332
169483,295
169495,325
169507,336
169521,285
169533,327
169545,322
169558,312
169570,314
169583,350
169595,284
169608,314
169620,345
169632,302
169645,319
169658,306
169670,333
169682,326
169695,294
169707,331
169720,344
169733,325
169745,318
169757,319
169769,324
169783,318
169795,314
169807,333
169820,302
169832,326
169844,332
169858,330
169870,321
169882,330
169894,320
169907,336
169920,331
169932,329
169945,338
169957,326
169969,336
169982,337
169995,330
170007,340
170019,338
170032,333
170044,344
170057,336
170070,330
170082,346
170094,332
170106,348
170120,339
170132,332
170144,346
170157,344
170169,334
170182,347
170194,341
170207,335
170219,343
170231,330
170244,346
170257,337
170269,337
170281,343
170294,337
170306,340
170319,342
170332,334
170344,343
170356,343
170369,336
170382,346
170394,336
170406,339
170419,345
170431,331
170443,343
170457,339
170469,332
170481,341
170493,333
170506,337
170519,338
170531,333
170544,337
170556,335
170568,330
170582,343
170594,334
170606,332
170618,340
170631,333
170643,331
170656,337
170669,327
170681,341
170693,335
170705,331
170719,336
170731,325
170743,336
170756,334
170768,329
170781,336
170793,331
170806,335
170818,340
170830,328
170843,338
170856,334
170868,332
170881,340
170893,334
170905,327
170918,342
170931,324
170943,334
170955,335
170968,329
170981,343
170993,332
171005,326
171018,338
171030,328
171042,330
171056,336
171068,330
171080,337
171092,331
171105,322
171118,340
171130,332
171143,334
171155,336
171167,330
171181,336
171193,333
171205,329
171217,339
171230,329
171242,331
171255,336
171268,327
171280,339
171292,332
171304,329
171318,337
171330,330
171342,330
171355,335
171367,328
171380,334
171393,340
171405,324
171417,342
171429,328
171442,324
171455,335
171467,328
171480,335
171492,330
171504,333
171517,334
171530,338
171542,324
171554,360
171567,328
171580,325
171592,337
171604,408
171617,305
171629,278
171641,347
171655,321
171667,311
171679,326
171692,372
171704,292
171717,324
171729,351
171742,326
171754,364
171766,302
171780,348
171792,310
171804,326
171816,317
171829,306
171841,314
171854,344
171867,301
171879,321
171891,305
171904,324
171917,331
171929,282
171941,322
171954,357
171966,285
171979,337
171992,335
172004,320
172016,336
172028,310
172041,316
172054,337
172066,334
172079,324
172091,318
172103,343
172116,326
172129,322
172141,330
172153,332
172166,324
172179,328
172191,340
172204,333
172216,332
172228,344
172240,331
172254,346
172266,343
172278,338
172291,350
172303,344
172316,349
172328,352
172341,343
172353,352
172365,349
172379,340
172391,356
172403,344
172416,344
172428,352
172440,341
172453,351
172466,349
172478,340
172490,349
172503,342
172516,340
172528,350
172540,341
172553,344
172565,347
172578,336
172591,349
172603,342
172615,341
172627,350
172640,338
172653,342
172665,340
172678,333
172690,343
172702,341
172716,332
172728,345
172740,334
172752,340
172765,338
172778,332
172790,343
172803,336
172815,330
172827,340
172839,334
172853,334
172865,341
172877,333
172890,334
172902,334
172915,329
172928,339
172940,336
172952,331
172964,336
172978,329
172990,336
173002,335
173015,330
173027,341
173039,332
173052,333
173065,341
173077,328
173089,337
173102,333
173115,327
173127,339
173139,336
173152,325
173164,336
173177,329
173190,331
173202,336
173214,323
173227,338
173239,328
173252,329
173264,337
173277,329
173289,333
173301,333
173315,325
173327,337
173339,329
173351,326
173364,335
173377,328
173389,331
173402,336
173414,327
173426,332
173438,333
173452,327
173464,340
173476,324
173489,328
173501,336
173514,325
173527,333
173539,329
173551,324
173563,336
173577,326
173589,323
173601,335
173614,324
173626,332
173638,328
173651,323
173664,338
173676,324
173688,326
173701,338
173714,309
173726,332
173739,326
173751,320
173763,328
173776,320
173789,324
173801,338
173813,330
173826,340
173838,336
173851,316
173863,320
173876,333
173888,321
173900,350
173914,290
173926,368
173938,304
173950,321
173963,302
173976,324
173988,320
174001,328
174013,310
174025,362
174038,292
174051,331
174063,340
174075,313
174088,326
174100,337
174113,331
174126,304
174138,346
174150,317
174162,311
174176,338
174188,309
174200,367
174213,291
174225,331
174237,346
174251,317
174263,337
174275,331
174287,336
174300,332
174313,326
174325,313
174338,338
174350,323
174362,329
174375,340
174388,327
174400,327
174412,338
174425,332
174437,343
174450,324
174462,334
174475,339
174487,332
174499,345
174513,335
174525,333
174537,348
174550,333
174562,341
174575,342
174587,336
174600,344
174612,342
174624,336
174637,348
174650,341
174662,339
174674,349
174687,336
174699,346
174712,339
174725,338
174737,349
174749,339
174761,339
174775,347
174787,331
174799,330
174812,323
174824,290
174836,277
174850,253
174862,243
174874,257
174886,249
174899,269
174912,282
174924,289
174937,311
174949,314
174961,318
174974,334
174987,329
174999,339
175011,338
175024,340
175036,353
175049,348
175062,350
175074,360
175086,350
175098,351
175112,359
175124,349
175136,361
175149,360
175161,350
175174,358
175186,351
175199,356
175211,356
175223,352
175236,356
175249,353
175261,347
175273,360
175286,349
175298,348
175311,356
175324,344
175336,355
175348,351
175361,345
175374,355
175386,345
175398,343
175411,352
175423,344
175435,349
175449,350
175461,341
175473,353
175485,340
175498,344
175511,351
175523,337
175536,341
175548,346
175560,339
175574,349
175586,340
175598,334
175610,344
175623,338
175635,343
175648,338
175661,338
175673,340
175685,340
175697,332
175711,342
175723,335
175735,336
175748,339
175760,332
175773,343
175785,337
175798,334
175810,340
175822,333
175835,330
175848,338
175860,336
175873,329
175885,362
175897,322
175910,363
175923,327
175935,400
175947,279
175960,373
175973,303
175985,367
175997,325
176010,333
176022,304
176034,317
176048,346
176060,335
176072,305
176084,364
176097,284
176110,350
176122,306
176135,342
176147,303
176159,317
176173,320
176185,332
176197,326
176209,327
176222,322
176234,345
176247,314
176260,320
176272,322
176284,329
176296,317
176310,326
176322,330
176334,316
176347,314
176359,323
176372,314
176385,346
176397,310
176409,321
176421,328
176434,332
176447,331
176459,314
176472,331
176484,338
176496,322
176509,330
176522,333
176534,330
176546,339
176559,332
176572,333
176584,337
176596,333
176609,339
176621,335
176633,331
176647,345
176659,340
176671,335
176684,346
176696,334
176709,340
176721,346
176734,333
176746,343
176758,342
176772,336
176784,345
176796,334
176808,341
176821,346
176833,335
176846,341
176859,343
176871,336
176883,344
176896,333
176909,340
176921,345
176933,334
176946,340
176958,339
176971,335
176984,342
176996,334
177008,333
177020,343
177033,330
177046,340
177058,336
177071,331
177083,344
177095,336
177108,331
177121,342
177133,331
177145,337
177158,335
177171,328
177183,339
177196,331
177208,332
177220,339
177232,328
177246,341
177258,336
177270,332
177283,341
177295,331
177308,329
177320,341
177333,330
177345,334
177357,336
177371,329
177383,340
177395,334
177408,325
177420,341
177432,328
177445,333
177458,335
177470,327
177482,339
177495,331
177508,327
177520,337
177532,328
177545,336
177557,333
177570,331
177583,334
177595,332
177607,327
177619,339
177632,330
177645,331
177657,339
177670,323
177682,337
177694,333
177708,325
177720,338
177732,332
177744,329
177757,333
177770,329
177782,331
177795,337
177807,320
177819,338
177831,333
177845,325
177857,340
177869,332
177882,332
177894,336
177907,322
177920,338
177932,337
177944,333
177956,353
177970,340
177982,360
177994,327
178007,328
178019,316
178031,304
178044,323
178057,344
178069,315
178081,324
178094,324
178107,307
178119,355
178131,302
178144,336
178156,323
178169,344
178182,311
178194,326
178206,304
178219,344
178231,313
178244,326
178256,344
178269,317
178281,318
178293,348
178307,315
178319,320
178331,336
178343,338
178356,331
178369,329
178381,314
178394,341
178406,325
178418,330
178430,338
178444,319
178456,340
178468,332
178481,327
178493,336
178506,331
178519,336
178531,338
178543,331
178555,340
178569,340
178581,328
178593,346
178606,333
178618,338
178630,339
178643,337
178656,343
178668,337
178680,337
178693,347
178706,337
178718,338
178731,350
178743,328
178755,342
178768,338
178781,330
178793,342
178805,320
178818,305
178830,291
178843,260
178855,255
178868,252
178880,244
178892,262
178906,273
178918,284
178930,311
178942,307
178955,322
178968,331
178980,328
178993,344
179005,343
179017,341
179030,356
179043,346
179055,353
179067,358
179080,352
179092,361
179105,357
179118,353
179130,362
179142,357
179154,362
179168,361
179180,350
179192,367
179205,359
179217,347
179229,358
179243,354
179255,352
179267,358
179279,349
179292,359
179305,357
179317,346
179330,356
179342,346
179354,352
179367,352
179380,345
179392,350
179404,353
179417,338
179429,355
179442,342
179454,343
179467,351
179479,338
179491,346
179505,350
179517,335
179529,348
179542,339
179554,336
179567,349
179579,336
179592,339
179604,343
179616,331
179629,347
179642,340
179654,334
179666,345
179679,333
179691,337
179704,336
179717,333
179729,339
179741,338
179753,330
179767,341
179779,328
179791,334
179804,338
179816,331
179828,337
179842,336
179854,327
179866,340
179878,332
179891,332
179904,335
179916,328
179929,336
179941,342
179953,325
179966,356
179979,334
179991,345
180003,310
180016,337
180028,386
180041,281
180054,368
180066,327
180078,333
180090,290
180104,296
180116,285
180128,330
180141,304
180153,294
180166,296
180178,292
180191,300
180203,264
180215,289
180228,328
180241,306
180253,268
180265,320
180278,286
180290,273
180303,312
180316,278
180328,311
180340,236
180353,274
180366,271
180378,234
180390,253
180403,218
180415,214
180427,261
180441,240
180453,267
180465,288
180477,324
180490,297
180503,344
180515,345
180528,349
180540,354
180552,366
180566,394
180578,371
180590,373
180602,373
180615,378
180627,369
180640,375
180653,377
180665,370
180677,372
180689,366
180703,385
180715,367
180727,370
180740,380
180752,371
180765,375
180777,376
180790,368
180802,381
180814,374
180827,368
180840,378
180852,368
180865,372
180877,371
180889,364
180902,370
180915,370
180927,360
180939,373
180952,359
180965,364
180977,366
180989,356
181002,369
181014,355
181026,356
181040,361
181052,356
181064,354
181076,362
181089,348
181102,356
181114,357
181127,345
181139,356
181151,348
181165,345
181177,352
181189,343
181201,346
181214,347
181226,342
181239,352
181252,345
181264,342
181276,347
181288,336
181302,342
181314,340
181326,334
181339,345
181351,336
181364,334
181377,341
181389,329
181401,330
181413,334
181426,327
181439,334
181451,330
181464,325
181476,340
181488,319
181501,330
181514,331
181526,322
181538,332
181551,332
181564,319
181576,333
181588,322
181601,326
181613,329
181625,320
181639,327
181651,329
181663,319
181676,329
181688,321
181701,323
181713,331
181726,319
181738,327
181750,329
181764,318
181776,331
181788,326
181800,322
181813,333
181825,322
181838,329
181851,325
181863,321
181875,336
181888,329
181901,326
181913,338
181925,339
181938,336
181950,324
181963,326
181976,333
181988,342
182000,312
182012,312
182025,375
182038,304
182050,291
182063,331
182075,359
182087,283
182100,346
182113,301
182125,342
182137,305
182150,340
182163,279
182175,337
182188,309
182200,359
182212,297
182224,325
182238,337
182250,336
182262,316
182275,325
182287,317
182300,329
182312,340
182325,298
182337,326
182349,314
182363,331
182375,317
182387,344
182400,307
182412,347
182424,320
182437,330
182450,324
182462,315
182474,337
182487,326
182500,308
182512,333
182524,321
182537,326
182549,334
182562,315
182575,335
182587,325
182599,338
182611,356
182624,307
182637,340
182649,325
182662,332
182674,318
182686,342
182700,328
182712,337
182724,324
182736,331
182749,340
182762,331
182774,333
182787,344
182799,332
182811,343
182823,336
182837,335
182849,347
182861,340
182874,338
182886,348
182899,336
182912,341
182924,344
182936,337
182948,349
182962,342
182974,334
182986,354
182999,342
183011,340
183023,348
183036,335
183049,348
183061,340
183073,341
183086,350
183099,338
183111,341
183123,345
183136,330
183148,340
183161,331
183174,327
183186,328
183198,330
183211,326
183223,334
183236,321
183248,339
183261,329
183273,328
183285,334
183299,330
183311,332
183323,340
183335,327
183348,333
183361,334
183373,327
183386,339
183398,334
183410,332
183422,339
183436,330
183448,337
183460,337
183473,329
183485,337
183498,330
183511,327
183523,335
183535,328
183547,336
183561,335
183573,321
183585,341
183598,332
183610,325
183622,339
183635,327
183648,332
183660,336
183672,327
183685,339
183698,328
183710,331
183723,337
183735,329
183747,331
183760,342
183773,322
183785,330
183797,319
183810,290
183822,281
183835,256
183847,240
183860,244
183872,230
183884,255
183898,273
183910,285
183922,308
183934,331
183947,343
183960,363
183972,360
183985,342
183997,328
184009,389
184022,342
184035,336
184047,387
184059,383
184072,333
184084,385
184097,329
184110,347
184122,330
184134,346
184146,347
184160,360
184172,344
184184,362
184197,358
184209,355
184221,366
184235,328
184247,343
184259,362
184271,344
184284,349
184297,372
184309,326
184322,333
184334,354
184346,345
184359,343
184372,318
184384,356
184396,343
184409,316
184421,340
184434,350
184446,338
184459,373
184471,307
184483,338
184497,359
184509,314
184521,340
184534,338
184546,340
184559,333
184571,335
184584,331
184596,342
184608,329
184621,345
184634,339
184646,332
184658,345
184671,343
184683,339
184696,347
184709,340
184721,345
184733,347
184745,338
184759,351
184771,343
184783,342
184796,346
184808,334
184820,344
184834,346
184846,336
184858,349
184870,339
184883,335
184896,346
184908,338
184921,339
184933,341
184945,334
184958,344
184971,339
184983,331
184995,343
185008,331
185020,336
185033,338
185046,331
185058,336
185070,332
185082,328
185096,336
185108,331
185120,333
185133,341
185145,325
185158,338
185170,333
185183,328
185195,336
185207,328
185220,327
185233,338
185245,324
185257,328
185270,328
185282,322
185295,334
185308,330
185320,326
185332,335
185345,322
185358,330
185370,331
185382,324
185395,335
185407,331
185419,329
185433,336
185445,328
185457,331
185469,334
185482,321
185495,336
185507,329
185520,329
185532,337
185544,325
185558,329
185570,334
185582,325
185594,332
185607,330
185619,324
185632,334
185645,330
185657,325
185669,334
185681,324
185695,330
185707,330
185719,323
185732,332
185744,330
185757,327
185769,334
185782,320
185794,339
185806,324
185819,324
185832,336
185844,328
185857,332
185869,336
185881,336
185894,314
185907,342
185919,324
185931,354
185944,292
185957,346
185969,345
185981,295
185994,349
186006,318
186018,329
186032,318
186044,318
186056,350
186068,337
186081,294
186094,329
186106,345
186119,313
186131,329
186143,321
186157,320
186169,335
186181,348
186193,301
186206,324
186218,328
186231,310
186244,337
186256,327
186268,351
186280,305
186294,344
186306,322
186318,316
186331,341
186343,340
186356,295
186369,338
186381,351
186393,332
186405,318
186418,343
186431,318
186443,350
186456,307
186468,339
186480,338
186493,325
186506,329
186518,330
186530,332
186543,336
186556,325
186568,344
186580,330
186593,333
186605,345
186617,331
186631,334
186643,341
186655,333
186668,346
186680,340
186693,330
186705,348
186718,340
186730,338
186742,348
186756,335
186768,345
186780,343
186792,337
186805,347
186817,337
186830,341
186843,344
186855,336
186867,345
186880,342
186893,336
186905,347
186917,338
186930,339
186942,343
186955,335
186968,344
186980,339
186992,335
187004,347
187017,331
187030,332
187042,338
187055,333
187067,337
187079,342
187092,330
187105,343
187117,337
187129,329
187142,343
187155,333
187167,338
187180,337
187192,329
187204,341
187216,336
187230,330
187242,337
187254,334
187267,331
187279,333
187292,329
187304,337
187317,333
187329,326
187341,341
187355,330
187367,333
187379,338
187392,328
187404,339
187416,335
187429,329
187442,342
187454,328
187466,333
187479,336
187492,333
187504,333
187516,334
187529,326
187541,341
187554,328
187567,332
187579,335
187591,330
187603,336
187616,331
187629,328
187641,337
187654,331
187666,331
187678,336
187692,330
187704,333
187716,334
187728,328
187741,337
187754,329
187766,330
187779,338
187791,331
187803,333
187815,345
187829,331
187841,339
187853,355
187866,295
187878,400
187891,259
187904,378
187916,286
187928,330
187940,302
187954,314
187966,339
187978,341
187991,332
188003,334
188015,321
188028,308
188041,356
188053,288
188065,331
188078,358
188091,280
188103,335
188115,338
188128,302
188140,318
188153,339
188166,301
188178,327
188190,338
188203,347
188215,323
188228,290
188240,351
188253,322
188265,329
188277,322
188291,321
188303,336
188315,329
188327,320
188340,336
188353,335
188365,324
188378,322
188390,333
188402,321
188414,339
188428,313
188440,341
188452,324
188465,341
188477,308
188490,330
188503,332
188515,329
188527,324
188539,334
188553,338
188565,328
188577,337
188590,338
188602,332
188614,344
188627,336
188640,335
188652,346
188664,336
188677,345
188690,338
188702,334
188715,341
188727,335
188739,322
188752,323
188765,292
188777,272
188789,260
188802,247
188814,255
188827,256
188839,267
188852,291
188864,301
188876,310
188890,318
188902,332
188914,351
188926,344
188939,349
188952,360
188964,352
188977,359
188989,364
189001,353
189014,370
189027,361
189039,352
189051,358
189064,346
189076,362
189089,362
189102,356
189114,369
189126,365
189138,371
189152,371
189164,362
189176,359
189189,377
189201,353
189213,373
189227,363
189239,362
189251,368
189263,357
189276,349
189289,372
189301,345
189314,368
189326,357
189338,356
189351,368
189364,356
189376,355
189388,370
189401,353
189413,359
189426,360
189438,342
189451,359
189463,355
189475,348
189489,352
189501,344
189513,347
189526,352
189538,345
189551,356
189563,345
189576,349
189588,358
189600,344
189613,346
189626,347
189638,325
189650,351
189663,337
189675,334
189688,342
189701,329
189713,335
189725,335
189737,321
189751,331
189763,319
189775,315
189788,347
189800,321
189812,332
189826,336
189838,329
189850,337
189862,338
189875,323
189888,343
189900,322
189913,340
189925,336
189937,328
189950,336
189963,333
189975,324
189987,337
190000,324
190012,326
190025,326
190038,326
190050,322
190062,329
190074,319
190088,332
190100,327
190112,324
190125,325
190137,341
190150,333
190162,344
190175,333
190187,392
190199,244
190212,372
190225,288
190237,363
190249,309
190262,269
190274,352
190287,346
190300,256
190312,337
