timestamp,signal
14310,344
14321,329
14332,336
14344,335
14355,327
14310,344
14321,329
14332,336
14344,335
14355,327
14310,344
14321,329
14332,336
14344,335
14355,327
14310,344
14321,329
14332,336
14344,335
14355,327
14367,335
14379,319
14390,308
14401,267
14412,242
14379,319
14390,308
14401,267
14412,242
14379,319
14390,308
14401,267
14412,242
14379,319
14390,308
14401,267
14412,242
14379,319
14390,308
14401,267
14412,242
14379,319
14390,308
14401,267
14412,242
14379,319
14390,308
14401,267
14412,242
14379,319
14390,308
14401,267
14412,242
14379,319
14390,308
14401,267
14412,242
14379,319
14390,308
14401,267
14412,242
14379,319
14390,308
14401,267
14412,242
14379,319
14390,308
14401,267
14412,242
14379,319
14390,308
14401,267
14412,242
14379,319
14390,308
14401,267
14412,242
14379,319
14390,308
14401,267
14412,242
14379,319
14390,308
14401,267
14412,242
14379,319
14390,308
14401,267
14412,242
14379,319
14390,308
14401,267
14412,242
14379,319
14390,308
14401,267
14412,242
14379,319
14390,308
14401,267
14412,242
14379,319
14390,308
14401,267
14412,242
14379,319
14390,308
14401,267
14412,242
14379,319
14390,308
14401,267
14412,242
14379,319
14390,308
14401,267
14412,242
14379,319
14390,308
14401,267
14412,242
14379,319
14390,308
14401,267
14412,242
14379,319
14390,308
14401,267
14412,242
14379,319
14390,308
14401,267
14412,242
14379,319
14390,308
14401,267
14412,242
14379,319
14390,308
14401,267
14412,242
14379,319
14390,308
14401,267
14412,242
14379,319
14390,308
14401,267
14412,242
14379,319
14390,308
14401,267
14412,242
14379,319
14390,308
14401,267
14412,242
14379,319
14390,308
14401,267
14412,242
14379,319
14390,308
14401,267
14412,242
14379,319
14390,308
14401,267
14412,242
14379,319
14390,308
14401,267
14412,242
14379,319
14390,308
14401,267
14412,242
14379,319
14390,308
14401,267
14412,242
14379,319
14390,308
14401,267
14412,242
14379,319
14390,308
14401,267
14412,242
14379,319
14390,308
14401,267
14412,242
14379,319
14390,308
14401,267
14412,242
14379,319
14390,308
14401,267
14412,242
14379,319
14390,308
14401,267
14412,242
14379,319
14390,308
14401,267
14412,242
14379,319
14390,308
14401,267
14412,242
14379,319
14390,308
14401,267
14412,242
14379,319
14390,308
14401,267
14412,242
14379,319
14390,308
14401,267
14412,242
14379,319
14390,308
14401,267
14412,242
14379,319
14390,308
14401,267
14412,242
14379,319
14390,308
14401,267
14412,242
14379,319
14390,308
14401,267
14412,242
14379,319
14390,308
14401,267
14412,242
14379,319
14390,308
14401,267
14412,242
14379,319
14390,308
14401,267
14412,242
14379,319
14390,308
14401,267
14412,242
14379,319
14390,308
14401,267
14412,242
14379,319
14390,308
14401,267
14412,242
14379,319
14390,308
14401,267
14412,242
14379,319
14390,308
14401,267
14412,242
14379,319
14390,308
14401,267
14412,242
14379,319
14390,308
14401,267
14412,242
14379,319
14390,308
14401,267
14412,242
14379,319
14390,308
14401,267
14412,242
14379,319
14390,308
14401,267
14412,242
14379,319
14390,308
14401,267
14412,242
14379,319
14390,308
14401,267
14412,242
14379,319
14390,308
14401,267
14412,242
14379,319
14390,308
14401,267
14412,242
14379,319
14390,308
14401,267
14412,242
14379,319
14390,308
14401,267
14412,242
14379,319
14390,308
14401,267
14412,242
14379,319
14390,308
14401,267
14412,242
14379,319
14390,308
14401,267
14412,242
14379,319
14390,308
14401,267
14412,242
14379,319
14390,308
14401,267
14412,242
14379,319
14390,308
14401,267
14412,242
14379,319
14390,308
14401,267
14412,242
14379,319
14390,308
14401,267
14412,242
14379,319
14390,308
14401,267
14412,242
14379,319
14390,308
14401,267
14412,242
14379,319
14390,308
14401,267
14412,242
14379,319
14390,308
14401,267
14412,242
14379,319
14390,308
14401,267
14412,242
14379,319
14390,308
14401,267
14412,242
14379,319
14390,308
14401,267
14412,242
14379,319
14390,308
14401,267
14412,242
14379,319
14390,308
14401,267
14412,242
14379,319
14390,308
14401,267
14412,242
14379,319
14390,308
14401,267
14412,242
14379,319
14390,308
14401,267
14412,242
14379,319
14390,308
14401,267
14412,242
14379,319
14390,308
14401,267
14412,242
14379,319
14390,308
14401,267
14412,242
14379,319
14390,308
14401,267
14412,242
14379,319
14390,308
14401,267
14412,242
14379,319
14390,308
14401,267
14412,242
14379,319
14390,308
14401,267
14412,242
14379,319
14390,308
14401,267
14412,242
14379,319
14390,308
14401,267
14412,242
14379,319
14390,308
14401,267
14412,242
14379,319
14390,308
14401,267
14412,242
14379,319
14390,308
14401,267
14412,242
14379,319
14390,308
14401,267
14412,242
14379,319
14390,308
14401,267
14412,242
14379,319
14390,308
14401,267
14412,242
14379,319
14390,308
14401,267
14412,242
14379,319
14390,308
14401,267
14412,242
14379,319
14390,308
14401,267
14412,242
14379,319
14390,308
14401,267
14412,242
14379,319
14390,308
14401,267
14412,242
14379,319
14390,308
14401,267
14412,242
14379,319
14390,308
14401,267
14412,242
14379,319
14390,308
14401,267
14412,242
14379,319
14390,308
14401,267
14412,242
14424,228
14436,217
14447,224
14458,225
14470,254
14481,261
14436,217
14447,224
14458,225
14470,254
14481,261
14436,217
14447,224
14458,225
14470,254
14481,261
14436,217
14447,224
14458,225
14470,254
14481,261
14436,217
14447,224
14458,225
14470,254
14481,261
14436,217
14447,224
14458,225
14470,254
14481,261
14436,217
14447,224
14458,225
14470,254
14481,261
14436,217
14447,224
14458,225
14470,254
14481,261
14436,217
14447,224
14458,225
14470,254
14481,261
14436,217
14447,224
14458,225
14470,254
14481,261
14436,217
14447,224
14458,225
14470,254
14481,261
14492,277
14504,287
14516,290
14527,304
14538,300
14550,315
14561,312
14573,316
14584,323
14596,316
14607,330
14618,318
14629,328
14642,322
14653,321
14664,328
14675,319
14687,333
14699,322
14710,335
14722,325
14733,328
14744,334
14755,328
14768,338
14779,332
14790,339
14801,340
14813,334
14824,343
14836,332
14848,345
14859,335
14870,344
14881,342
14893,337
14905,343
14916,333
14927,346
14939,337
14950,342
14961,340
14973,337
14985,346
14996,335
15007,349
15019,338
15030,340
15042,344
15053,336
15065,345
15076,336
15087,344
15099,336
15111,336
15122,334
15133,325
15144,335
15156,323
15168,333
15179,324
15191,325
15202,329
15213,322
15224,333
15237,326
15248,335
15259,327
15270,335
15282,335
15293,327
15305,343
15316,333
15328,344
15339,345
15350,345
15362,347
15374,336
15385,350
15396,343
15408,346
15419,343
15431,338
15442,346
15454,339
15465,346
15476,342
15488,341
15500,341
15511,340
15522,342
15534,327
15545,343
15556,332
15568,339
15580,334
15591,333
15602,336
15613,327
15625,338
15637,327
15648,337
15660,332
15671,325
15682,335
15693,324
15706,342
15717,332
15728,326
15739,335
15751,323
15762,337
15774,327
15785,335
15797,331
15808,332
15819,327
15832,329
15843,335
15854,329
15865,336
15877,333
15888,327
15900,339
15911,326
15923,338
15934,334
15945,334
15956,333
15969,338
15980,340
15991,348
16003,354
16014,347
16025,354
16037,353
16049,344
16060,363
16071,349
16082,354
16094,345
16106,349
16117,350
16129,340
16140,347
16151,331
16163,343
16175,327
16186,329
16197,325
16208,315
16220,319
16232,303
16243,286
16254,272
16266,244
16277,242
16288,229
16301,245
16312,240
16323,266
16334,272
16346,290
16357,302
16369,296
16380,317
16392,313
16403,319
16414,325
16425,326
16438,335
16449,328
16460,341
16472,339
16483,341
16494,343
16506,341
16518,348
16529,339
16540,347
16551,341
16564,343
16575,343
16586,341
16598,350
16609,340
16620,356
16632,349
16644,353
16655,354
16666,350
16677,354
16689,350
16701,357
16712,349
16723,351
16735,355
16746,346
16757,359
16770,347
16781,352
16792,352
16803,345
16815,347
16826,340
16838,349
16849,340
16861,352
16872,334
16883,358
16896,346
16907,353
16918,346
16929,353
16941,360
16952,350
16964,354
16975,351
16987,348
16998,354
17009,344
17020,345
17033,338
17044,339
17055,346
17067,329
17078,348
17089,335
17101,341
17113,337
17124,340
17135,333
17146,336
17158,339
17170,328
17181,340
17192,328
17204,330
17215,320
17226,304
17239,286
17250,259
17261,251
17272,254
17284,252
17296,284
17307,286
17318,318
17330,313
17341,328
17352,328
17364,333
17376,341
17387,341
17398,346
17410,344
17421,350
17433,347
17444,345
17456,350
17467,346
17478,351
17489,344
17502,352
17513,354
17524,356
17536,361
17547,360
17558,362
17570,357
17582,356
17593,367
17604,355
17615,359
17628,353
17639,358
17650,352
17661,352
17673,348
17684,352
17696,351
17708,349
17719,349
17730,342
17741,340
17753,346
17765,347
17776,344
17787,342
17799,346
17810,341
17821,341
17833,348
17845,337
17856,346
17867,342
17879,339
17890,342
17902,336
17913,342
17925,328
17936,341
17947,337
17958,328
17971,344
17982,326
17993,337
18004,336
18016,335
18028,347
18039,344
18051,351
18062,347
18073,345
18084,346
18097,352
18108,348
18119,342
18130,347
18142,341
18153,346
18165,333
18177,335
18188,331
18199,330
18210,339
18222,321
18234,336
18245,324
18256,321
18268,323
18279,322
18290,322
18302,323
18314,328
18325,304
18336,325
18348,312
18360,323
18371,323
18382,313
18394,327
18405,317
18416,311
18428,326
18440,315
18451,327
18462,324
18473,332
18485,325
18497,328
18508,333
18520,330
18531,334
18542,337
18553,342
18566,342
18577,340
18588,337
18599,323
18611,348
18622,326
18634,340
18646,338
18657,343
18668,336
18679,328
18691,341
18703,337
18714,340
18725,330
18737,330
18748,334
18760,330
18771,336
18783,327
18794,338
18805,329
18817,327
18829,331
18840,323
18851,329
18863,324
18874,328
18885,322
18897,320
18909,328
18920,319
18931,328
18942,321
18954,326
18966,324
18977,321
18989,328
19000,323
19011,327
19022,321
19035,328
19046,325
19057,320
19068,332
19080,323
19092,329
19103,327
19115,326
19126,328
19137,325
19148,333
19161,327
19172,333
19183,330
19194,332
19206,331
19217,326
19229,336
19240,331
19252,336
19263,333
19274,333
19286,336
19298,332
19309,338
19320,333
19332,338
19343,336
19354,334
19366,342
19378,332
19389,340
19400,335
19411,339
19423,338
19435,333
19446,340
19458,334
19469,345
19480,333
19492,345
19504,339
19515,340
19526,347
19537,347
19549,350
19561,348
19572,350
19584,351
19595,340
19606,355
19617,342
19630,356
19641,343
19652,344
19663,345
19675,339
19686,346
19698,342
19709,340
19721,334
19732,339
19743,334
19755,332
19767,340
19778,330
19789,342
19801,334
19812,331
19824,345
19835,327
19847,342
19858,331
19869,339
19880,329
19893,332
19904,336
19915,325
19927,340
19938,327
19949,328
19961,335
19973,324
19984,337
19995,327
20006,333
20018,328
20030,334
20041,330
20052,332
20064,335
20075,315
20086,332
20099,317
20110,305
20121,264
20132,257
20144,262
20155,254
20167,277
20178,272
20190,314
20201,323
20212,332
20225,342
20236,337
20247,339
20258,343
20270,342
20281,349
20293,330
20304,366
20316,342
20327,348
20338,346
20349,337
20362,349
20373,341
20384,345
20396,344
20407,343
20418,342
20430,337
20442,346
20453,333
20464,340
20475,333
20487,342
20499,340
20510,332
20521,339
20533,330
20544,338
20556,332
20568,331
20579,336
20590,319
20601,341
20613,316
20625,338
20636,316
20647,332
20659,328
20670,326
20681,360
20694,301
20705,343
20716,362
20727,333
20739,346
20750,326
20762,339
20773,363
20785,336
20796,359
20807,331
20818,378
20831,334
20842,352
20853,337
20865,360
20876,329
20887,341
20899,346
20911,341
20922,327
20933,339
20944,339
20957,345
20968,333
20979,333
20990,339
21002,335
21013,333
21025,333
21037,339
21048,323
21059,342
21070,330
21082,340
21094,334
21105,333
21116,339
21128,331
21139,336
21150,330
21163,337
21174,332
21185,328
21196,331
21208,327
21219,334
21231,327
21242,330
21254,327
21265,330
21276,329
21288,326
21300,334
21311,329
21322,333
21334,330
21345,332
21357,340
21368,327
21380,344
21391,334
21402,342
21413,341
21426,335
21437,340
21448,336
21459,344
21471,334
21482,336
21494,332
21506,329
21517,339
21528,323
21539,339
21551,326
21563,330
21574,327
21585,322
21597,331
21608,316
21619,336
21632,319
21643,329
21654,324
21665,321
21677,329
21689,317
21700,328
21711,323
21723,326
21734,328
21745,324
21757,328
21769,319
21780,334
21791,323
21803,327
21814,328
21826,323
21837,331
21849,325
21860,330
21871,324
21882,328
21895,331
21906,326
21917,332
21928,318
21940,335
21951,330
21963,334
21975,342
21986,334
21997,353
22008,338
22021,346
22032,342
22043,341
22054,341
22066,340
22077,348
22089,337
22100,344
22112,341
22123,333
22134,332
22146,306
22158,284
22169,249
22180,250
22192,246
22203,250
22214,274
22226,275
22238,298
22249,303
22260,315
22272,325
22283,318
22295,336
22306,332
22318,343
22329,341
22340,343
22351,347
22364,340
22375,350
22386,344
22397,351
22409,348
22421,345
22432,351
22444,343
22455,350
22466,345
22477,351
22490,346
22501,345
22512,346
22523,341
22535,351
22546,345
22558,349
22569,344
22581,344
22592,350
22603,342
22615,347
22627,344
22638,346
22649,345
22661,341
22672,350
22683,339
22695,352
22707,343
22718,351
22729,352
22740,343
22753,357
22764,346
22775,354
22787,348
22798,356
22809,356
22821,351
22833,358
22844,352
22855,357
22866,351
22878,355
22890,357
22901,350
22913,361
22924,349
22935,358
22946,350
22959,348
22970,353
22981,347
22992,356
23004,346
23015,351
23027,348
23038,348
23050,347
23061,343
23072,349
23084,344
23096,346
23107,342
23118,340
23130,343
23141,336
23153,347
23164,337
23176,343
23187,339
23198,338
23209,341
23222,333
23233,343
23244,334
23256,340
23267,335
23278,335
23290,341
23302,331
23313,338
23324,331
23335,335
23347,336
23359,332
23370,338
23382,329
23393,338
23404,331
23415,332
23428,334
23439,328
23450,340
23461,330
23473,340
23485,333
23496,333
23507,338
23519,329
23530,345
23541,338
23554,345
23565,343
23576,348
23587,345
23599,347
23610,349
23622,340
23633,353
23645,345
23656,348
23667,339
23678,337
23691,334
23702,337
23713,329
23725,327
23736,323
23747,330
23759,320
23771,334
23782,313
23793,334
23804,320
23816,318
23828,328
23839,321
23851,327
23862,320
23873,325
23885,323
23897,327
23908,323
23919,317
23930,330
23942,312
23954,323
23965,320
23976,318
23988,327
23999,316
24010,329
24023,318
24034,322
24045,317
24056,322
24068,325
24079,317
24091,327
24102,321
24114,321
24125,320
24136,318
24147,334
24160,320
24171,327
24182,324
24194,325
24205,337
24217,328
24228,340
24240,340
24251,345
24262,333
24273,341
24286,339
24297,344
24308,347
24320,335
24331,333
24342,331
24354,332
24366,338
24377,328
24388,340
24399,331
24411,333
24423,332
24434,329
24445,331
24457,321
24468,334
24479,323
24492,329
24503,325
24514,321
24525,329
24537,319
24548,331
24560,326
24571,325
24583,329
24594,324
24605,328
24617,323
24629,329
24640,325
24651,324
24663,326
24674,321
24686,329
24697,324
24709,328
24720,327
24731,324
24742,328
24755,319
24766,332
24777,322
24788,329
24800,325
24811,321
24823,324
24835,317
24846,326
24857,312
24868,310
24880,289
24892,266
24903,266
24914,249
24926,265
24937,271
24949,286
24961,299
24972,310
24983,320
24994,318
25006,330
25018,329
25029,333
25040,339
25052,333
25063,344
25074,337
25086,347
25098,341
25109,343
25120,346
25132,339
25143,350
25155,341
25166,347
25178,344
25189,344
25200,348
25211,340
25224,354
25235,339
25246,349
25257,344
25269,343
25280,343
25292,337
25304,347
25315,336
25326,345
25337,344
25350,340
25361,345
25372,338
25383,346
25395,337
25406,344
25418,340
25430,338
25441,345
25452,335
25463,346
25475,337
25487,340
25498,340
25509,336
25521,341
25532,335
25543,345
25555,336
25567,338
25578,338
25589,335
25601,345
25612,336
25624,344
25635,340
25647,338
25658,341
25669,337
25681,346
25693,338
25704,346
25715,341
25726,339
25738,343
25750,337
25761,345
25773,337
25784,343
25795,338
25806,339
25819,344
25830,334
25841,346
25852,336
25864,340
25875,340
25887,336
25899,340
25910,333
25921,345
25932,336
25944,340
25956,338
25967,338
25978,344
25990,335
26001,342
26012,338
26024,342
26036,341
26047,338
26058,348
26070,341
26082,349
26093,348
26104,349
26116,351
26127,351
26138,356
26150,342
26162,351
26173,343
26184,344
26195,342
26207,339
26219,346
26230,333
26242,343
26253,336
26264,333
26275,330
26288,336
26299,335
26310,328
26321,340
26333,330
26344,330
26356,332
26368,332
26379,338
26390,322
26401,334
26414,329
26425,330
26436,333
26447,325
26459,336
26470,325
26482,335
26493,326
26505,323
26516,334
26527,322
26539,338
26551,321
26562,330
26573,326
26585,322
26596,327
26607,322
26619,331
26631,325
26642,330
26653,328
26664,321
26676,334
26688,323
26699,328
26711,328
26722,330
26733,333
26744,329
26757,342
26768,334
26779,347
26790,341
26802,347
26814,351
26825,332
26836,361
26848,342
26859,358
26870,345
26883,351
26894,344
26905,336
26916,343
26928,330
26939,340
26951,331
26962,331
26974,335
26985,322
26996,332
27008,325
27020,325
27031,326
27042,320
27054,337
27065,336
27076,345
27088,341
27100,358
27111,356
27122,355
27133,367
27146,360
27157,370
27168,365
27180,367
27191,369
27202,360
27214,369
27226,355
27237,360
27248,354
27259,355
27271,359
27283,357
27294,371
27305,360
27317,368
27328,359
27339,358
27352,360
27363,358
27374,367
27385,351
27397,360
27408,350
27420,347
27431,348
27443,339
27454,351
27465,340
27476,349
27489,348
27500,345
27511,346
27523,337
27534,347
27546,335
27557,344
27569,335
27580,337
27591,341
27602,330
27615,341
27626,328
27637,334
27649,330
27660,329
27671,337
27683,324
27695,337
27706,328
27717,331
27728,326
27740,322
27752,333
27763,321
27774,336
27786,325
27797,328
27808,330
27821,323
27832,332
27843,322
27854,332
27866,325
27878,327
27889,325
27900,323
27912,331
27923,320
27934,331
27947,322
27958,326
27969,327
27980,324
27992,331
28003,321
28015,328
28026,325
28038,322
28049,327
28060,321
28071,329
28084,318
28095,326
28106,323
28118,321
28129,326
28140,318
28152,330
28164,319
28175,325
28186,321
28197,322
28209,327
28221,321
28232,330
28243,321
28255,324
28266,324
28278,320
28290,327
28301,320
28312,332
28323,320
28335,320
28347,295
28358,265
28369,239
28381,200
28392,193
28403,169
28416,169
28427,170
28438,169
28449,192
28461,186
28472,217
28484,231
28495,248
28507,269
28518,272
28529,289
28540,295
28553,305
28564,311
28575,315
28587,322
28598,324
28610,330
28621,324
28633,336
28644,330
28655,323
28666,344
28679,330
28690,343
28701,337
28712,343
28724,338
28735,339
28747,344
28759,343
28770,350
28781,347
28792,344
28804,349
28816,340
28827,349
28838,340
28850,350
28861,340
28872,349
28884,350
28896,346
28907,354
28918,342
28930,357
28941,342
28953,348
28964,348
28976,346
28987,355
28998,345
29010,352
29022,348
29033,348
29044,352
29056,342
29067,353
29079,347
29090,351
29102,352
29113,352
29124,356
29135,356
29148,366
29159,359
29170,363
29181,363
29193,359
29204,371
29216,362
29228,368
29239,363
29250,363
29261,362
29273,352
29285,360
29296,346
29307,353
29319,347
29330,348
29342,346
29353,341
29365,346
29376,336
29387,342
29399,338
29411,336
29422,333
29433,336
29445,342
29456,331
29467,341
29479,336
29491,333
29502,340
29513,332
29524,340
29536,333
29548,342
29559,334
29571,335
29582,337
29593,330
29604,343
29617,329
29628,339
29639,333
29650,336
29662,335
29673,332
29685,341
29697,330
29708,339
29719,335
29730,334
29743,335
29754,332
29765,342
29776,332
29788,332
29799,334
29811,328
29822,339
29834,328
29845,337
29856,328
29868,336
29880,330
29891,331
29902,340
29914,322
29925,339
29936,331
29948,328
29960,343
29971,329
29982,346
29993,332
30005,334
30017,330
30028,342
30040,339
30051,334
30062,330
30074,334
30086,331
30097,335
30108,336
30119,337
30131,333
30143,344
30154,331
30166,335
30177,332
30188,326
30199,328
30212,325
30223,338
30234,328
30245,335
30257,330
30268,328
30280,332
30291,326
30303,337
30314,326
30325,334
30337,333
30349,326
30360,336
30371,327
30383,334
30394,329
30405,331
30417,335
30429,328
30440,338
30451,330
30462,342
30475,333
30486,335
30497,335
30509,330
30520,343
30531,333
30543,347
30555,342
30566,343
30577,342
30588,342
30600,352
30612,346
30623,356
30635,352
30646,357
30657,355
30668,346
30681,356
30692,342
30703,358
30714,346
30726,341
30737,345
30749,335
30760,343
30772,332
30783,338
30794,336
30807,336
30818,333
30829,333
30840,340
30852,326
30863,331
30875,332
30886,328
30898,342
30909,327
30920,339
30931,331
30944,331
30955,334
30966,327
30978,338
30989,327
31000,334
31012,326
31024,335
31035,327
31046,332
31057,334
31069,329
31081,334
31092,331
31104,334
31115,331
31126,328
31137,335
31150,327
31161,338
31172,329
31183,335
31195,339
31207,338
31218,349
31229,342
31241,347
31252,341
31263,346
31276,344
31287,338
31298,351
31309,337
31321,344
31332,339
31344,332
31355,344
31367,329
31378,336
31389,328
31400,330
31413,329
31424,320
31435,328
31447,318
31458,331
31469,320
31481,322
31493,322
31504,318
31515,326
31526,318
31539,327
31550,321
31561,323
31572,322
31584,316
31595,329
31607,317
31619,327
31630,320
31641,320
31652,325
31664,319
31676,330
31687,321
31698,331
31710,324
31721,323
31732,330
31745,321
31756,332
31767,324
31778,331
31790,330
31801,325
31813,332
31824,325
31836,335
31847,328
31858,332
31869,330
31882,327
31893,333
31904,325
31916,337
31927,326
31939,334
31950,332
31962,326
31973,333
31984,326
31995,336
32008,329
32019,332
32030,332
32041,329
32053,337
32064,326
32076,334
32088,329
32099,331
32110,330
32121,329
32133,337
32145,328
32156,337
32167,331
32179,331
32190,334
32201,328
32214,337
32225,330
32236,337
32247,333
32259,334
32271,335
32282,329
32293,339
32305,331
32316,338
32327,335
32339,334
32351,339
32362,331
32373,340
32385,332
32396,338
32408,333
32419,331
32431,337
32442,333
32453,342
32464,332
32477,339
32488,338
32499,334
32510,342
32522,333
32533,343
32545,336
32557,340
32568,340
32579,335
32590,347
32602,338
32614,349
32625,343
32636,345
32648,351
32659,344
32671,355
32683,357
32694,359
32705,358
32716,351
32728,352
32740,348
32751,350
32762,344
32774,345
32785,337
32796,344
32808,342
32820,337
32831,340
32842,338
32854,331
32865,343
32877,334
32888,339
32900,334
32911,341
32922,332
32933,339
32946,334
32957,332
32968,338
32979,331
32991,343
33003,333
33014,338
33026,339
33037,329
33048,340
33059,331
33072,340
33083,331
33094,337
33105,331
33117,329
33128,332
33140,327
33152,337
33163,329
33174,334
33185,334
33197,329
33209,336
33220,329
33231,334
33243,330
33254,335
33265,343
33277,334
33289,346
33300,328
33311,332
33323,297
33334,271
33346,255
33357,248
33369,258
33380,264
33391,276
33403,292
33415,297
33426,317
33437,318
33448,332
33460,331
33472,343
33483,343
33495,343
33506,352
33517,345
33528,358
33541,354
33552,355
33563,359
33574,354
33586,364
33597,352
33609,363
33620,353
33632,358
33643,357
33654,351
33666,359
33678,350
33689,358
33700,349
33712,353
33723,352
33735,346
33746,355
33758,347
33769,353
33780,347
33792,349
33804,348
33815,343
33826,351
33838,340
33849,348
33860,341
33872,340
33884,345
33895,336
33906,345
33917,335
33929,340
33941,336
33952,336
33964,339
33975,329
33986,340
33997,331
34010,338
34021,334
34032,330
34043,336
34055,329
34066,338
34078,330
34089,334
34101,331
34112,327
34123,336
34136,326
34147,334
34158,329
34169,330
34181,329
34192,326
34204,335
34215,328
34227,336
34238,330
34249,330
34260,332
34273,323
34284,333
34295,323
34307,331
34318,324
34329,325
34341,328
34353,322
34364,331
34375,323
34386,330
34398,323
34410,324
34421,326
34433,320
34444,330
34455,321
34467,327
34479,325
34490,323
34501,328
34512,323
34524,334
34536,324
34547,329
34558,329
34570,325
34581,334
34592,324
34605,333
34616,323
34627,330
34638,331
34650,326
34661,333
34673,326
34684,337
34696,330
34707,332
34718,333
34729,328
34742,336
34753,328
34764,337
34776,330
34787,331
34798,332
34810,329
34822,337
34833,331
34844,339
34855,334
34868,335
34879,340
34890,333
34902,342
34913,334
34924,342
34936,339
34948,336
34959,342
34970,333
34981,343
34993,336
35005,339
35016,340
35027,336
35039,344
35050,335
35061,347
35074,337
35085,343
35096,341
35107,338
35119,346
35130,336
35142,349
35153,334
35165,342
35176,338
35187,343
35200,342
35211,334
35222,344
35233,336
35245,335
35256,335
35268,328
35279,340
35291,327
35302,340
35313,327
35324,332
35337,335
35348,324
35359,339
35371,326
35382,334
35393,328
35405,331
35417,334
35428,325
35439,338
35450,329
35462,336
35474,328
35485,325
35496,338
35508,320
35519,333
35530,325
35543,332
35554,324
35565,328
35576,329
35588,321
35600,338
35611,325
35622,328
35634,334
35645,325
35656,334
35668,324
35680,337
35691,327
35702,332
35714,336
35725,327
35737,345
35748,334
35760,347
35771,345
35782,345
35793,348
35806,341
35817,355
35828,346
35840,353
35851,346
35862,344
35874,348
35886,335
35897,345
35908,333
35919,337
35932,331
35943,329
35954,335
35965,325
35977,336
35988,325
36000,332
36012,327
36023,324
36034,329
36045,319
36057,329
36069,323
36080,326
36091,324
36103,321
36114,328
36125,320
36137,331
36149,323
36160,328
36171,326
36183,323
36194,332
36206,322
36217,332
36229,326
36240,328
36251,328
36262,321
36275,335
36286,323
36297,333
36308,325
36320,326
36332,326
36343,323
36355,332
36366,324
36377,333
36388,328
36401,328
36412,331
36423,324
36434,334
36446,326
36457,332
36469,328
36481,327
36492,332
36503,323
36514,335
36526,327
36538,333
36549,329
36560,327
36572,334
36583,328
36594,336
36606,329
36618,333
36629,332
36640,328
36652,335
36664,329
36675,339
36686,330
36698,338
36709,335
36720,331
36732,339
36744,330
36755,341
36766,332
36777,336
36789,335
36801,331
36812,341
36824,334
36835,343
36846,336
36857,339
36870,341
36881,334
36892,345
36903,333
36915,342
36926,336
36938,338
36950,340
36961,334
36972,344
36983,332
36995,341
37007,339
37018,338
37029,341
37041,337
37052,347
37064,335
37075,342
37087,339
37098,334
37109,340
37121,335
37133,345
37144,334
37155,343
37167,334
37178,337
37189,341
37201,330
37213,344
37224,337
37235,339
37246,336
37258,337
37270,341
37281,336
37293,348
37304,339
37315,347
37326,343
37339,343
37350,347
37361,342
37372,352
37384,339
37396,344
37407,341
37419,342
37430,345
37441,336
37452,340
37465,337
37476,330
37487,337
37498,325
37510,343
37521,320
37533,336
37544,330
37556,330
37567,331
37578,324
37590,331
37602,324
37613,330
37624,328
37636,327
37647,333
37658,326
37670,337
37682,324
37693,326
37704,325
37715,327
37727,332
37739,329
37750,333
37762,326
37773,328
37784,329
37796,326
37808,330
37819,325
37830,331
37841,328
37853,329
37865,330
37876,321
37888,329
37899,314
37910,306
37921,272
37934,255
37945,256
37956,253
37967,275
37979,280
37990,300
38002,308
38013,316
38025,327
38036,326
38047,349
38059,340
38071,352
38082,350
38093,348
38105,356
38116,351
38128,362
38139,355
38151,358
38162,357
38173,350
38184,357
38197,349
38208,358
38219,351
38231,355
38242,350
38253,348
38265,356
38277,345
38288,354
38299,347
38310,348
38322,349
38334,343
38345,353
38356,340
38368,347
38379,343
38390,339
38403,343
38414,334
38425,345
38436,336
38448,342
38459,336
38471,340
38482,337
38494,330
38505,343
38516,334
38529,340
38540,342
38551,326
38562,335
38574,328
38585,342
38597,329
38608,335
38620,335
38631,332
38642,338
38653,330
38666,340
38677,336
38688,336
38700,336
38711,335
38722,340
38734,332
38746,343
38757,337
38768,332
38779,336
38791,331
38803,340
38814,332
38825,343
38837,336
38848,334
38860,336
38872,331
38883,340
38894,327
38905,336
38917,330
38929,332
38940,334
38951,324
38963,337
38974,326
38985,336
38998,329
39009,330
39020,332
39031,325
39043,336
39054,327
39066,335
39077,330
39089,332
39100,335
39111,328
39122,337
39135,329
39146,335
39157,333
39169,326
39180,337
39191,329
39203,338
39215,330
39226,332
39237,332
39248,327
39261,336
39272,326
39283,338
39294,330
39306,334
39317,333
39329,330
39341,338
39352,329
39363,339
39374,331
39386,333
39398,332
39409,327
39420,338
39432,329
39443,338
39454,332
39467,330
39478,336
39489,329
39500,341
39512,331
39523,339
39535,333
39546,333
39558,338
39569,334
39580,343
39592,333
39604,340
39615,342
39626,340
39638,350
39649,330
39661,355
39672,331
39684,349
39695,336
39706,327
39717,335
39730,319
39741,337
39752,322
39763,338
39775,313
39786,321
39798,338
39810,317
39821,332
39832,317
39843,330
39855,325
39867,320
39878,336
39889,326
39901,333
39912,322
39923,334
39936,327
39947,324
39958,332
39969,325
39981,338
39993,333
40004,326
40015,335
40027,323
40038,330
40049,333
40061,329
40073,331
40084,328
40095,331
40107,324
40118,333
40130,328
40141,332
40153,330
40164,333
40175,335
40186,330
40199,347
40210,344
40221,351
40232,348
40244,343
40255,352
40267,343
40279,354
40290,347
40301,347
40312,345
40325,338
40336,348
40347,333
40358,344
40370,336
40381,338
40393,338
40404,332
40416,338
40427,329
40438,336
40450,329
40462,326
40473,332
40484,323
40496,331
40507,328
40518,332
40530,330
40542,324
40553,332
40564,324
40576,333
40587,323
40599,330
40610,326
40622,326
40633,328
40644,322
40655,330
40668,324
40679,328
40690,325
40701,317
40713,325
40725,307
40736,313
40748,296
40759,283
40770,269
40781,264
40794,265
40805,253
40816,259
40827,255
40839,257
40850,264
40862,264
40873,272
40885,265
40896,280
40907,270
40919,276
40931,275
40942,267
40953,286
40965,278
40976,292
40987,292
40999,305
41011,314
41022,312
41033,336
41044,327
41057,341
41068,340
41079,339
41091,348
41102,332
41113,340
41125,307
41137,307
41148,298
41159,270
41170,288
41182,272
41194,290
41205,289
41217,302
41228,308
41239,317
41250,331
41263,327
41274,337
41285,348
41296,355
41308,366
41319,368
41331,380
41342,377
41354,388
41365,377
41376,392
41388,389
41400,385
41411,393
41422,383
41434,394
41445,386
41457,386
41468,386
41480,381
41491,390
41502,381
41513,385
41526,381
41537,377
41548,381
41560,373
41571,383
41582,373
41594,376
41606,374
41617,369
41628,373
41639,365
41651,368
41663,362
41674,362
41686,358
41697,352
41708,350
41719,330
41732,326
41743,308
41754,294
41765,286
41777,272
41789,277
41800,274
41811,298
41823,308
41834,321
41845,335
41858,333
41869,352
41880,346
41891,357
41903,352
41914,343
41926,333
41937,313
41949,319
41960,313
41971,330
41982,330
41995,345
42006,356
42017,353
42029,370
42040,369
42051,376
42063,378
42075,373
42086,375
42097,369
42108,384
42120,364
42132,384
42143,378
42155,370
42166,373
42177,369
42189,370
42201,369
42212,360
42223,364
42234,375
42246,365
42258,353
42269,366
42280,368
42292,362
42303,364
42314,368
42327,366
42338,356
42349,370
42360,358
42372,370
42383,355
42395,358
42406,360
42418,354
42429,337
42440,368
42451,344
42464,344
42475,334
42486,342
42498,336
42509,340
42521,337
42532,341
42544,347
42555,350
42566,363
42577,355
42590,360
42601,365
42612,355
42624,373
42635,347
42646,365
42658,368
42670,361
42681,364
42692,363
42703,374
42715,357
42727,368
42738,369
42749,370
42761,369
42772,352
42783,361
42796,338
42807,354
42818,345
42829,339
42841,342
42852,333
42864,322
42875,347
42887,325
42898,326
42909,331
42921,323
42933,319
42944,327
42955,316
42967,315
42978,319
42990,318
43001,315
43013,305
43024,324
43035,323
43046,321
43059,306
43070,329
43081,305
43092,315
43104,323
43115,316
43127,321
43139,313
43150,320
43161,322
43172,309
43184,329
43196,306
43207,326
43218,323
43230,314
43241,314
43253,309
43265,314
43276,328
43287,318
43298,298
43310,303
43322,326
43333,315
43344,323
43356,327
43367,319
43378,336
43390,321
43402,334
43413,328
43424,342
43436,327
43447,331
43459,330
43470,327
43482,339
43493,322
43504,333
43515,322
43528,332
43539,329
43550,314
43561,331
43573,319
43584,325
43596,322
43608,321
43619,316
43630,321
43641,326
43654,319
43665,323
43676,318
43687,325
43699,326
43710,314
43722,332
43734,318
43745,323
43756,324
43767,315
43779,334
43791,320
43802,328
43813,326
43825,324
43836,328
43847,321
43859,327
43871,322
43882,333
43893,316
43905,331
43916,328
43928,323
43939,330
43951,326
43962,330
43973,327
43985,328
43997,328
44008,320
44019,336
44030,324
44042,333
44054,328
44065,330
44077,334
44088,325
44099,338
44110,327
44123,337
44134,332
44145,330
44156,333
44168,330
44179,339
44191,332
44203,338
44214,335
44225,336
44236,340
44248,334
44260,348
44271,335
44282,344
44294,345
44305,343
44316,349
44328,343
44340,355
44351,345
44362,350
44374,348
44386,350
44397,358
44408,348
44420,341
44431,348
44442,349
44454,341
44466,341
44477,335
44488,316
44499,367
44511,322
44523,347
44534,318
44546,340
44557,344
44568,333
44579,320
44592,343
44603,327
44614,327
44625,342
44637,348
44648,315
44660,362
44672,335
44683,337
44694,342
44705,330
44718,369
44729,335
44740,354
44751,334
44763,344
44774,335
44786,350
44797,335
44809,343
44820,365
44831,338
44843,340
44855,351
44866,329
44877,344
44889,347
44900,339
44911,350
44923,324
44935,335
44946,350
44957,337
44968,339
44980,339
44992,326
45003,348
45015,333
45026,337
45037,352
45048,336
45061,346
45072,345
45083,346
45094,353
45106,344
45118,355
45129,350
45140,352
45152,339
45163,340
45174,345
45187,338
45198,338
45209,329
45220,332
45232,335
45243,318
45255,336
45266,326
45278,329
45289,320
45300,321
45312,327
45324,319
45335,325
45346,317
45358,318
45369,314
45380,313
45392,320
45404,314
45415,323
45426,310
45437,317
45450,314
45461,315
45472,323
45484,309
45495,320
45506,316
45518,314
45530,317
45541,311
45552,325
45563,313
45575,323
45587,313
45598,312
45609,318
45621,316
45632,318
45643,313
45656,319
45667,301
45678,307
45689,321
45701,333
45712,299
45724,338
45735,314
45747,328
45758,295
45769,338
45780,333
45793,301
45804,354
45815,318
45827,312
45838,345
45850,322
45861,310
45873,353
45884,312
45895,332
45906,320
45919,334
45930,318
45941,331
45953,339
45964,309
45975,343
45987,320
45999,319
46010,339
46021,318
46032,330
46044,327
46056,327
46067,328
46078,318
46090,336
46101,318
46112,335
46125,323
46136,327
46147,335
46158,328
46170,340
46182,323
46193,329
46204,345
46216,327
46227,335
46238,330
46251,338
46262,332
46273,332
46284,336
46296,332
46307,337
46319,330
46330,341
46342,332
46353,337
46364,337
46375,334
46388,340
46399,331
46410,341
46422,337
46433,340
46444,341
46456,336
46468,346
46479,334
46490,344
46501,336
46513,337
46525,339
46536,331
46547,340
46559,333
46570,338
46582,334
46594,334
46605,341
46616,335
46627,346
46639,333
46651,347
46662,338
46673,338
46685,349
46696,335
46707,355
46720,339
46731,352
46742,343
46753,344
46765,347
46776,340
46788,347
46799,338
46811,340
46822,337
46833,333
46844,340
46857,332
46868,346
46879,328
46891,336
46902,332
46914,327
46925,345
46937,327
46948,336
46959,331
46970,331
46983,340
46994,331
47005,340
47016,329
47028,341
47039,327
47051,330
47063,338
47074,331
47085,337
47096,336
47108,333
47120,334
47131,332
47142,337
47154,330
47165,339
47176,330
47188,335
47200,334
47211,326
47222,337
47234,333
47245,336
47257,331
47268,336
47280,333
47291,330
47302,334
47314,328
47326,337
47337,334
47348,337
47360,344
47371,340
47383,350
47394,336
47406,341
47417,330
47428,306
47439,309
47452,306
47463,303
47474,300
47485,314
47497,320
47508,326
47520,331
47532,328
47543,338
47554,330
47565,340
47577,335
47589,341
47600,340
47611,331
47623,345
47634,334
47646,338
47657,333
47669,331
47680,337
47691,330
47703,340
47715,335
47726,335
47737,336
47749,333
47760,339
47771,327
47783,342
47795,334
47806,333
47817,336
47828,330
47840,337
47852,327
47863,336
47875,329
47886,335
47897,332
47908,329
47921,336
47932,330
47943,340
47954,331
47966,332
47977,335
47989,328
48001,342
48012,330
48023,338
48034,336
48047,332
48058,336
48069,332
48080,341
48092,328
48103,337
48115,333
48126,332
48138,337
48149,327
48160,339
48172,330
48184,339
48195,333
48206,331
48218,340
48229,332
48240,340
48252,331
48264,336
48275,337
48286,333
48297,340
48309,333
48321,342
48332,336
48344,337
48355,338
48366,332
48378,341
48390,334
48401,342
48412,335
48423,338
48435,339
48447,334
48458,341
48470,333
48481,340
48492,338
48503,336
48516,341
48527,334
48538,342
48549,332
48561,339
48572,335
48584,335
48595,338
48607,331
48618,340
48629,333
48641,336
48653,333
48664,331
48675,338
48687,330
48698,340
48709,330
48721,335
48733,333
48744,328
48755,336
48766,329
48779,340
48790,332
48801,336
48813,334
48824,332
48835,338
48847,330
48859,341
48870,335
48881,341
48892,337
48904,341
48916,345
48927,340
48939,352
48950,346
48961,350
48972,349
48985,346
48996,363
49007,340
49018,356
49030,341
49041,343
49053,342
49064,333
49076,346
49087,336
49098,331
49111,339
49122,318
49133,343
49144,322
49156,337
49167,330
49179,334
49190,331
49202,323
49213,343
49224,318
49235,340
49248,332
49259,338
49270,328
49282,330
49293,332
49304,324
49316,342
49328,328
49339,335
49350,333
49361,324
49373,337
49385,324
49396,330
49408,327
49419,324
49430,331
49441,326
49454,336
49465,323
49476,334
49487,327
49499,324
49511,327
49522,325
49533,331
49545,320
49556,332
49567,320
49580,329
49591,332
49602,326
49613,346
49625,337
49636,349
49648,347
49659,342
49671,352
49682,343
49693,359
49704,348
49717,345
49728,348
49739,335
49751,344
49762,330
49773,338
49785,319
49797,316
49808,296
49819,279
49830,287
49843,267
49854,282
49865,283
49876,297
49888,305
49899,306
49911,325
49923,313
49934,330
49945,325
49956,332
49968,332
49980,328
49991,337
50002,332
50014,338
50025,331
50036,335
50049,337
50060,330
50071,344
50082,334
50094,340
50105,336
50117,335
50128,339
50140,331
50151,348
50162,331
50173,339
50186,340
50197,336
50208,339
50220,334
50231,342
50243,331
50254,335
50266,332
50277,329
50288,335
50299,327
50312,337
50323,328
50334,336
50345,334
50357,328
50368,337
50380,330
50392,338
50403,331
50414,331
50425,334
50437,327
50449,339
50460,330
50471,336
50483,331
50494,332
50505,335
50518,327
50529,339
50540,332
50551,338
50563,333
50575,333
50586,338
50597,331
50609,342
50620,333
50631,338
50643,335
50655,334
50666,339
50677,332
50689,345
50700,335
50712,337
50723,336
50735,333
50746,339
50757,331
50768,343
50781,333
50792,338
50803,338
50814,333
50826,342
50837,333
50849,342
50861,335
50872,338
50883,339
50894,331
50906,342
50918,331
50929,342
50940,335
50952,336
50963,339
50975,334
50987,346
50998,336
51009,342
51020,335
51032,336
51044,339
51055,332
51066,342
51078,335
51089,342
51100,338
51112,338
51124,342
51135,336
51146,344
51158,336
51169,342
51181,338
51192,334
51204,345
51215,334
51226,344
51237,337
51250,339
51261,337
51272,338
51283,345
51295,338
51307,346
51318,339
51330,344
51341,346
51352,339
51363,353
51376,339
51387,349
51398,347
51409,347
51421,350
51432,341
51444,351
51456,342
51467,346
51478,344
51489,335
51501,341
51513,328
51524,342
51535,330
51547,337
51558,316
51569,330
51581,332
51593,324
51604,324
51615,319
51627,333
51638,317
51650,320
51661,330
51673,321
51684,341
51695,316
51707,331
51719,332
51730,335
51741,325
51752,326
51764,325
51776,329
51787,326
51799,328
51810,321
51821,331
51832,319
51845,334
51856,319
51867,323
51878,325
51890,319
51901,324
51913,320
51924,333
51936,324
51947,321
51958,324
51970,318
51982,326
51993,327
52004,327
52016,332
52027,330
52039,335
52050,333
52062,322
52073,309
52084,296
52096,292
52108,274
52119,296
52130,286
52142,308
52153,307
52164,319
52176,324
52188,326
52199,329
52210,330
52221,341
52233,333
52245,339
52256,341
52268,332
52279,345
52290,340
52301,343
52314,339
52325,347
52336,344
52347,340
52359,345
52370,341
52382,350
52393,339
52405,344
52416,344
52427,337
52440,349
52451,343
52462,346
52473,345
52485,337
52496,346
52508,336
52519,344
52531,340
52542,344
52553,340
52564,340
52577,343
52588,333
52599,343
52611,330
52622,332
52633,320
52645,304
52657,290
52668,259
52679,244
52690,232
52702,228
52714,222
52725,226
52737,236
52748,238
52759,256
52771,254
52783,259
52794,268
52805,271
52816,284
52828,282
52840,300
52851,296
52862,304
52874,315
52885,316
52896,330
52909,329
52920,342
52931,337
52942,342
52954,349
52965,341
52977,354
52988,350
53000,357
53011,354
53022,353
53033,357
53046,354
53057,359
53068,350
53080,352
53091,349
53102,345
53114,354
53126,347
53137,357
53148,349
53159,357
53172,354
53183,351
53194,360
53206,351
53217,356
53228,351
53240,346
53252,344
53263,325
53274,324
53285,302
53297,302
53309,279
53320,274
53331,270
53343,268
53354,285
53365,282
53378,309
53389,320
53400,333
53411,353
53423,356
53434,381
53446,381
53457,399
53469,405
53480,409
53491,421
53504,418
53515,428
53526,424
53537,425
53549,419
53560,411
53572,412
53583,398
53595,411
53606,397
53617,402
53628,401
53641,395
53652,391
53663,386
53675,397
53686,374
53697,387
53709,379
53721,367
53732,387
53743,373
53754,382
53766,385
53778,373
53789,381
53800,364
53812,377
53823,362
53834,372
53847,368
53858,361
53869,359
53880,367
53892,364
53904,352
53915,362
53926,345
53938,339
53949,334
53960,324
53972,329
53984,316
53995,342
54006,320
54018,326
54029,324
54041,320
54052,333
54064,323
54075,322
54086,326
54097,318
54110,329
54121,312
54132,324
54144,317
54155,327
54166,309
54178,313
54190,326
54201,313
54212,325
54223,316
54236,326
54247,317
54258,323
54269,324
54281,310
54292,317
54304,295
54316,294
54327,276
54338,280
54349,275
54361,279
54373,291
54384,305
54395,305
54407,303
54418,321
54429,337
54441,302
54453,330
54464,342
54475,330
54487,335
54498,326
54510,343
54521,327
54533,335
54544,336
54555,320
54566,336
54579,329
54590,335
54601,320
54612,328
54624,329
54636,321
54647,329
54659,324
54670,341
54681,335
54692,337
54705,341
54716,332
54727,341
54738,327
54750,340
54761,331
54773,332
54785,334
54796,326
54807,336
54818,331
54830,331
54842,328
54853,329
54864,330
54876,323
54887,335
54898,329
54910,332
54922,333
54933,335
54944,345
54956,337
54968,348
54979,339
54990,348
55002,341
55013,336
55024,346
55036,335
55048,348
55059,337
55070,343
55081,342
55093,333
55105,346
55116,334
55128,343
55139,330
55150,335
55161,336
55174,328
55185,338
55196,328
55207,337
55219,328
55230,332
55242,335
55254,327
55265,336
55276,326
55287,340
55299,329
55311,330
55322,334
55333,326
55345,337
55356,328
55368,335
55379,329
55391,330
55402,330
55413,322
55425,337
55437,326
55448,333
55459,328
55471,328
55482,335
55493,325
55505,340
55517,327
55528,335
55539,332
55550,328
55562,338
55574,327
55585,343
55597,329
55608,334
55619,334
55630,329
55643,341
55654,327
55665,339
55676,330
55688,334
55700,336
55711,328
55723,342
55734,331
55745,341
55756,333
55769,337
55780,337
55791,331
55802,346
55814,334
55825,346
55837,339
55848,339
55860,346
55871,341
55882,355
55894,343
55906,346
55917,348
55928,345
55940,359
55951,338
55962,361
55974,341
55986,347
55997,331
56008,336
56019,332
56031,331
56043,345
56054,332
56066,332
56077,333
56088,329
56100,333
56112,327
56123,342
56134,327
56145,336
56157,329
56169,330
56180,330
56192,332
56203,336
56214,326
56225,333
56238,324
56249,327
56260,330
56271,329
56283,331
56294,335
56306,319
56317,332
56329,326
56340,333
56351,319
56363,337
56375,330
56386,326
56397,328
56409,322
56420,336
56432,324
56443,328
56455,331
56466,317
56477,329
56488,314
56501,327
56512,328
56523,328
56535,322
56546,326
56557,316
56569,292
56581,295
56592,271
56603,273
56614,298
56626,292
56638,313
56649,308
56660,327
56672,335
56683,330
56694,341
56707,336
56718,344
56729,339
56740,336
56752,345
56763,340
56775,346
56786,341
56798,352
56809,336
56820,339
56833,341
56844,335
56855,333
56866,336
56878,343
56889,332
56901,336
56912,332
56924,331
56935,338
56946,327
56957,340
56970,328
56981,337
56992,332
57004,324
57015,336
57026,326
57038,337
57050,332
57061,331
57072,333
57083,327
57095,335
57107,330
57118,336
57129,328
57141,328
57152,331
57164,324
57176,333
57187,320
57198,334
57209,327
57221,326
57233,331
57244,319
57255,327
57267,307
57278,308
57289,293
57302,279
57313,271
57324,253
57335,260
57347,252
57358,257
57370,258
57381,253
57393,270
57404,257
57415,272
57426,264
57439,269
57450,260
57461,259
57473,267
57484,252
57495,279
57507,269
57519,280
57530,288
57541,280
57552,300
57565,292
57576,305
57587,296
57598,305
57610,308
57621,303
57633,326
57645,316
57656,337
57667,333
57678,337
57690,353
57702,351
57713,362
57724,356
57736,365
57747,346
57758,334
57771,328
57782,319
57793,330
57804,331
57816,346
57827,351
57839,371
57850,382
57862,388
57873,414
57884,414
57896,417
57908,426
57919,413
57930,429
57942,411
57953,428
57965,415
57976,420
57988,423
57999,412
58010,419
58021,400
58034,413
58045,408
58056,406
58067,404
58079,398
58090,408
58102,392
58114,398
58125,391
58136,397
58147,384
58159,386
58171,377
58182,362
58193,372
58205,362
58216,364
58227,363
58240,360
58251,369
58262,361
58273,355
58285,351
58297,362
58308,356
58319,348
58331,357
58342,344
58353,355
58365,344
58377,335
58388,357
58399,331
58411,343
58422,340
58434,336
58445,345
58457,332
58468,340
58479,328
58490,342
58503,328
58514,331
58525,334
58536,323
58548,338
58559,325
58571,333
58583,320
58594,331
58605,323
58616,325
58629,334
58640,317
58651,336
58662,334
58674,327
58685,334
58697,323
58708,332
58720,327
58731,331
58742,325
58754,325
58766,324
58777,322
58788,330
58800,328
58811,307
58822,320
58834,309
58846,304
58857,286
58868,289
58880,270
58891,276
58903,282
58914,294
58926,320
58937,317
58948,345
58959,342
58972,344
58983,360
58994,341
59005,372
59017,348
59029,359
59040,353
59052,346
59063,362
59074,358
59085,362
59098,346
59109,358
59120,338
59131,337
59143,358
59154,325
59166,343
59177,340
59189,335
59200,346
59211,332
59223,342
59235,326
59246,344
59257,332
59269,338
59280,321
59291,340
59303,335
59315,323
59326,328
59337,334
59348,321
59361,333
59372,325
59383,332
59395,319
59406,330
59417,326
59429,327
59441,332
59452,322
59463,331
59474,325
59486,324
59498,336
59509,323
59521,324
59532,319
59543,332
59554,323
59567,331
59578,329
59589,321
59600,334
59612,317
59623,330
59635,329
59646,327
59658,328
59669,327
59680,328
59692,321
59704,335
59715,321
59726,334
59738,325
59749,320
59761,328
59772,326
59784,333
59795,323
59806,334
59817,330
59830,326
59841,340
59852,323
59864,338
59875,329
59886,334
59898,331
59910,330
59921,335
59932,328
59943,336
59955,330
59967,336
59978,332
59990,326
60001,335
60012,324
60023,336
60036,330
60047,327
60058,332
60069,327
60081,338
60093,324
60104,338
60115,329
60127,331
60138,335
60149,328
60162,339
60173,328
60184,338
60195,333
60207,331
60218,337
60230,330
60241,341
60253,335
60264,341
60275,336
60286,336
60299,344
60310,338
60321,348
60333,335
60344,348
60355,340
60367,338
60379,347
60390,339
60401,347
60412,343
60424,342
60436,339
60447,342
60459,342
60470,335
60481,348
60493,338
60505,340
60516,341
60527,332
60538,339
60550,335
60562,340
60573,335
60584,338
60596,339
60607,327
60618,342
60631,335
60642,341
60653,338
60664,333
60676,341
60687,337
60699,336
60710,340
60722,329
60733,336
60744,336
60755,339
60768,329
60779,354
60790,320
60802,341
60813,333
60825,323
60836,337
60848,323
60859,344
60870,333
60881,319
60894,336
60905,326
60916,340
60928,322
60939,329
60950,335
60962,332
60974,328
60985,312
60996,330
61007,320
61019,330
61031,330
61042,328
61053,330
61065,331
61076,344
61087,332
61100,344
61111,336
61122,341
61133,350
61145,336
61156,348
61168,336
61179,348
61191,333
61202,334
61213,345
61225,337
61237,352
61248,334
61259,340
61271,333
61282,323
61294,336
61305,319
61317,333
61328,321
61339,327
61350,322
61363,317
61374,328
61385,308
61396,330
61408,319
61419,318
61431,322
61443,315
61454,324
61465,313
61476,328
61488,318
61500,319
61511,321
61522,315
61534,325
61545,315
61557,325
61569,320
61580,323
61591,323
61602,316
61614,329
61626,316
61637,327
61648,323
61660,321
61671,325
61682,317
61694,333
61706,322
61717,328
61728,323
61740,321
61751,332
61763,321
61774,334
61786,326
61797,332
61808,330
61819,325
61832,336
61843,324
61854,338
61865,328
61877,334
61888,337
61900,329
61912,343
61923,328
61934,342
61945,335
61958,340
61969,339
61980,333
61991,345
62003,336
62014,346
62026,341
62038,339
62049,343
62060,333
62071,349
62083,334
62095,345
62106,344
62117,339
62129,347
62140,335
62151,351
62163,340
62175,348
62186,341
62197,342
62209,346
62220,339
62232,352
62243,341
62255,348
62266,344
62277,339
62289,349
62301,337
62312,352
62323,342
62334,349
62346,348
62358,341
62369,350
62381,339
62392,352
62403,343
62414,345
62427,347
62438,340
62449,352
62460,336
62472,347
62483,342
62495,345
62507,344
62518,339
62529,352
62540,339
62552,349
62564,345
62575,341
62586,355
62598,344
62609,363
62620,355
62632,366
62644,356
62655,358
62666,364
62678,358
62690,354
62701,363
62712,339
62724,345
62735,337
62746,339
62758,337
62770,338
62781,335
62792,344
62803,334
62815,342
62827,347
62838,322
62850,355
62861,332
62872,333
62883,348
62896,330
62907,345
62918,328
62929,345
62941,338
62952,330
62964,342
62976,330
62987,342
62998,327
63009,335
63022,329
63033,332
63044,331
63055,330
63067,334
63078,325
63090,336
63101,324
63113,328
63124,334
63135,320
63147,336
63159,329
63170,336
63181,329
63193,336
63204,340
63215,330
63227,348
63239,337
63250,342
63261,347
63272,341
63284,346
63296,334
63307,344
63319,331
63330,337
63341,332
63352,323
63365,334
63376,320
63387,334
63398,320
63410,323
63422,323
63433,310
63444,322
63456,313
63467,320
63478,314
63491,311
63502,303
63513,300
63524,301
63536,276
63547,271
63559,262
63570,260
63582,272
63593,274
63604,297
63616,293
63628,304
63639,306
63650,309
63662,314
63673,311
63684,321
63696,318
63708,325
63719,329
63730,321
63741,330
63754,323
63765,337
63776,325
63788,329
63799,330
63810,328
63822,337
63834,322
63845,336
63856,330
63867,332
63879,332
63891,325
63902,339
63913,323
63925,336
63936,331
63947,332
63960,328
63971,322
63982,334
63993,324
64005,339
64016,329
64028,331
64039,337
64051,325
64062,339
64073,330
64084,338
64097,336
64108,332
64119,338
64131,329
64142,344
64154,332
64165,341
64177,338
64188,336
64199,342
64210,332
64223,343
64234,333
64245,338
64257,336
64268,335
64279,344
64291,335
64303,346
64314,335
64325,338
64336,341
64348,335
64360,346
64371,334
64382,347
64394,339
64405,341
64416,342
64429,336
64440,347
64451,336
64462,345
64474,338
64486,341
64497,344
64508,332
64520,346
64531,338
64542,345
64555,339
64566,338
64577,343
64588,332
64600,347
64611,334
64623,341
64634,338
64646,334
64657,339
64668,330
64679,343
64692,331
64703,338
64714,334
64726,332
64737,340
64748,333
64760,342
64772,336
64783,338
64794,341
64805,333
64817,342
64829,334
64840,346
64851,332
64863,340
64874,346
64886,344
64898,350
64909,351
64920,347
64931,339
64943,347
64955,343
64966,332
64977,336
64989,330
65000,351
65011,322
65024,339
65035,321
65046,322
65057,334
65069,338
65080,324
65092,339
65103,317
65115,343
65126,328
65137,339
65148,330
65161,341
65172,336
65183,336
65195,338
65206,327
65218,342
65229,338
65241,333
65252,333
65263,332
65274,346
65287,328
65298,348
65309,324
65320,341
65332,334
65343,327
65355,335
65367,332
65378,333
65389,328
65400,336
65412,331
65424,320
65435,345
65446,320
65458,335
65469,328
65480,329
65492,341
65504,331
65515,349
65526,339
65538,345
65549,338
65561,343
65572,344
65584,341
65595,344
65606,323
65618,311
65630,292
65641,274
65652,280
65664,267
65675,274
65687,272
65698,279
65710,287
65721,293
65732,299
65743,304
65756,320
65767,308
65778,320
65789,322
65801,322
65812,337
65824,326
65836,345
65847,337
65858,346
65869,338
65881,341
65893,353
65904,336
65915,350
65927,348
65938,341
65950,347
65961,341
65973,352
65984,341
65995,351
66007,344
66019,341
66030,346
66041,335
66053,351
66064,332
66075,339
66087,331
66099,320
66110,318
66121,306
66132,300
66144,284
66156,281
66167,274
66179,268
66190,279
66201,269
66212,289
66225,292
66236,311
66247,312
66258,320
66270,334
66281,333
66293,350
66305,348
66316,353
66327,360
66338,352
66351,370
66362,358
66373,375
66384,360
66396,369
66407,366
66419,360
66430,370
66442,357
66453,368
66464,361
66476,362
66488,368
66499,359
66510,370
66522,360
66533,366
66544,362
66556,361
66568,366
66579,357
66590,367
66601,356
66613,364
66625,362
66636,357
66648,366
66659,354
66670,367
66682,354
66694,363
66705,362
66716,356
66727,361
66739,349
66751,364
66762,355
66774,359
66785,358
66796,353
66807,360
66820,350
66831,360
66842,353
66853,352
66865,354
66876,349
66888,358
66899,348
66911,356
66922,350
66933,351
66945,354
66957,345
66968,356
66979,346
66991,354
67002,347
67013,344
67025,349
67037,335
67048,347
67059,334
67070,331
67083,315
67094,303
67105,301
67117,285
67128,290
67139,274
67151,279
67163,270
67174,264
67185,271
67196,257
67208,272
67220,264
67231,269
67243,270
67254,269
67265,280
67276,263
67289,295
67300,268
67311,273
67322,289
67334,265
67345,282
67357,263
67368,283
67380,261
67391,275
67402,282
67415,274
67426,288
67437,282
67448,291
67460,283
67471,294
67483,296
67494,296
67506,303
67517,298
67528,312
67539,300
67552,316
67563,304
67574,315
67586,316
67597,313
67608,314
67620,317
67632,319
67643,325
67654,320
67665,334
67677,328
67689,338
67700,332
67712,329
67723,334
67734,320
67745,333
67758,318
67769,306
67780,315
67791,314
67803,328
67815,305
67826,338
67837,310
67849,345
67860,332
67871,341
67884,350
67895,350
67906,375
67917,370
67929,379
67940,386
67952,382
67963,397
67975,397
67986,409
67997,405
68008,402
68021,414
68032,403
68043,416
68055,393
68066,410
68077,403
68089,393
68101,396
68112,390
68123,392
68134,383
68147,387
68158,388
68169,381
68180,388
68192,367
68203,385
68215,367
68227,369
68238,367
68249,363
68260,371
68272,359
68284,368
68295,352
68306,355
68318,352
68329,345
68340,362
68353,344
68364,349
68375,348
68386,348
68398,342
68409,332
68421,336
68432,317
68444,314
68455,300
68466,285
68477,276
68490,252
68501,263
68512,246
68524,250
68535,248
68547,257
68558,250
68570,259
68581,281
68592,269
68603,295
68616,296
68627,314
68638,329
68649,330
68661,364
68672,350
68684,376
68696,381
68707,383
68718,407
68729,400
68741,404
68753,402
68764,407
68775,400
68787,405
68798,402
68809,388
68822,397
68833,388
68844,393
68855,380
68867,381
68879,386
68890,370
68901,378
68913,360
68924,368
68935,371
68947,358
68959,369
68970,357
68981,363
68993,359
69004,353
69016,356
69027,343
69039,355
69050,342
69061,345
69072,341
69085,336
69096,344
69107,329
69118,343
69130,328
69141,336
69153,332
69165,325
69176,335
69187,322
69198,335
69210,326
69222,329
69233,330
69244,321
69256,334
69267,321
69279,332
69291,325
69302,325
69313,328
69324,322
69336,332
69348,320
69359,331
69370,323
69382,324
69393,328
69404,320
69416,334
69428,324
69439,334
69450,332
69462,330
69473,334
69485,327
69496,336
69508,331
69519,329
69530,334
69541,321
69554,335
69565,322
69576,337
69587,312
69599,333
69611,319
69622,322
69634,324
69645,314
69656,332
69667,317
69680,322
69691,321
69702,317
69713,323
69725,308
69736,327
69748,314
69760,310
69771,331
69782,308
69793,337
69805,306
69817,337
69828,321
69839,320
69851,331
69862,311
69873,332
69885,316
69897,325
69908,323
69919,326
69931,321
69942,320
69954,332
69965,314
69977,324
69988,328
69999,317
70011,332
70023,309
70034,334
70045,323
70056,324
70068,326
70080,319
70091,329
70103,316
70114,336
70125,322
70136,326
70149,329
70160,328
70171,340
70182,337
70194,354
70205,350
70217,352
70228,349
70240,354
70251,362
70262,349
70274,359
70286,349
70297,346
70308,354
70320,337
70331,350
70343,340
70354,340
70366,336
70377,336
70388,336
70400,327
70412,338
70423,331
70434,328
70446,329
70457,327
70468,330
70480,320
70492,332
70503,314
70514,333
70525,325
70537,317
70549,330
70560,304
70572,334
70583,319
70594,313
70605,321
70618,316
70629,328
70640,308
70651,326
70663,315
70674,321
70686,322
70697,312
70709,327
70720,306
70731,330
70744,314
70755,320
70766,323
70777,311
70789,326
70800,313
70812,328
70823,318
70835,314
70846,318
70857,318
70868,327
70881,314
70892,327
70903,319
70915,321
70926,324
70937,320
70949,326
70961,323
70972,325
70983,330
70994,315
71006,333
71018,317
71029,333
71041,321
71052,328
71063,327
71075,325
71087,329
71098,321
71109,330
71120,324
71132,331
71144,328
71155,314
71166,332
71178,318
71189,336
71200,327
71213,328
71224,329
71235,323
71246,343
71258,327
71269,330
71281,344
71292,329
71304,331
71315,330
71326,343
71337,327
71350,334
71361,333
71372,330
71384,337
71395,325
71406,339
71418,326
71430,337
71441,332
71452,328
71463,340
71476,326
71487,340
71498,329
71510,338
71521,336
71532,333
71544,341
71556,331
71567,341
71578,333
71589,339
71601,334
71613,331
71624,341
71635,331
71647,342
71658,334
71669,336
71682,338
71693,329
71704,347
71715,332
71727,347
71738,339
71750,340
71761,344
71773,338
71784,348
71795,340
71808,350
71819,348
71830,340
71841,357
71853,341
71864,355
71876,345
71887,349
71899,347
71910,350
71921,342
71932,348
71945,355
71956,344
71967,339
71979,339
71990,342
72001,345
72013,332
72025,340
72036,329
72047,341
72058,328
72070,338
72082,330
72093,341
72104,332
72116,338
72127,330
72138,338
72151,329
72162,334
72173,324
72184,339
72196,329
72208,342
72219,333
72230,325
72242,338
72253,330
72264,321
72276,337
72288,333
72299,335
72310,321
72322,336
72333,329
72345,326
72356,338
72368,316
72379,333
72390,326
72401,330
72414,333
72425,319
72436,330
72448,310
72459,324
72470,312
72482,335
72494,315
72505,335
72516,314
72527,312
72540,308
72551,288
72562,292
72573,294
72585,305
72596,306
72608,345
72620,356
72631,345
72642,359
72653,354
72665,365
72677,368
72688,361
72699,371
72711,349
72722,370
72733,361
72745,356
72757,342
72768,355
72779,368
72791,332
72802,343
72814,382
72825,315
72837,372
72848,331
72859,357
72870,349
72883,341
72894,343
72905,326
72916,356
72928,314
72940,336
72951,321
72963,333
72974,321
72985,337
72996,335
73009,316
73020,339
73031,315
73042,336
73054,323
73065,330
73077,328
73089,324
73100,327
73111,319
73122,322
73134,323
73146,328
73157,326
73168,323
73180,327
73191,338
73202,307
73214,337
73226,308
73237,332
73248,319
73260,321
73272,326
73283,331
73294,339
73306,322
73317,324
73328,331
73340,333
73352,318
73363,327
73374,341
73385,319
73397,336
73409,324
73420,343
73432,326
73443,335
73454,334
73465,335
73478,340
73489,329
73500,346
73511,333
73523,336
73534,333
73546,337
73558,346
73569,337
73580,328
73591,347
73603,334
73615,348
73626,336
73637,346
73649,337
73660,341
73672,340
73683,333
73695,345
73706,335
73717,349
73729,343
73741,343
73752,350
73763,340
73775,355
73786,345
73797,349
73809,347
73821,345
73832,348
73843,338
73854,351
73866,343
73878,348
73889,348
73901,342
73912,350
73923,339
73934,351
73947,343
73958,349
73969,349
73980,341
73992,358
74004,347
74015,364
74027,345
74038,360
74049,359
74060,351
74073,365
74084,342
74095,363
74106,344
74118,358
74129,339
74141,334
74152,349
74164,334
74175,340
74186,332
74198,336
74210,346
74221,336
74232,340
74244,336
74255,348
74266,328
74278,327
74290,341
74301,335
74312,337
74323,332
74335,342
74347,324
74358,329
74370,339
74381,339
74392,326
74404,339
74416,325
74427,335
74438,319
74449,341
74461,322
74473,325
74484,335
74496,331
74507,327
74518,317
74529,334
74542,319
74553,337
74564,317
74575,324
74587,337
74598,313
74610,339
74621,332
74633,351
74644,349
74655,352
74667,347
74679,348
74690,357
74701,338
74713,337
74724,371
74736,345
74747,350
74759,342
74770,344
74781,342
74792,339
74805,324
74816,345
74827,335
74839,332
74850,319
74861,332
74873,324
74885,340
74896,319
74907,334
74918,318
74930,344
74942,328
74953,323
74964,332
74976,325
74987,341
74998,338
75011,330
75022,338
75033,334
75044,325
75056,330
75067,344
75079,327
75090,349
75102,328
75113,327
75124,355
75137,317
75148,345
75159,327
75170,339
75182,344
75193,326
75205,354
75216,330
75228,345
75239,338
75250,337
75261,342
75274,340
75285,341
75296,329
75308,349
75319,336
75330,343
75342,329
75354,340
75365,339
75376,337
75387,333
75399,351
75411,342
75422,347
75433,335
75445,342
75456,334
75468,347
75480,335
75491,349
75502,345
75513,340
75525,351
75537,337
75548,350
75559,342
75571,353
75582,333
75593,331
75606,344
75617,346
75628,356
75639,346
75651,349
75662,350
75674,343
75685,347
75697,344
75708,352
75719,340
75730,333
75743,343
75754,335
75765,337
75777,329
75788,340
75799,327
75811,322
75823,331
75834,320
75845,333
75856,322
75869,327
75880,323
75891,321
75902,329
75914,312
75925,328
75937,314
75949,316
75960,326
75971,304
75982,329
75994,305
76006,323
76017,312
76028,315
76040,316
76051,312
76062,319
76075,312
76086,321
76097,322
76108,318
76120,331
76131,328
76143,344
76154,337
76166,343
76177,344
76188,334
76200,339
76212,327
76223,333
76234,331
76246,326
76257,323
76269,325
76280,322
76292,322
76303,320
76314,323
76325,325
76338,329
76349,308
76360,325
76371,322
76383,310
76394,323
76406,310
76418,310
76429,318
76440,324
76451,306
76463,328
76475,312
76486,307
76497,317
76509,321
76520,318
76531,311
76544,331
76555,308
76566,326
76577,317
76589,307
76601,324
76612,310
76623,324
76635,326
76646,320
76657,322
76669,310
76681,325
76692,312
76703,329
76715,317
76726,316
76738,312
76749,318
76761,325
76772,323
76783,323
76794,326
76807,312
76818,325
76829,313
76840,326
76852,315
76863,325
76875,331
76887,309
76898,349
76909,325
76920,350
76933,350
76944,353
76955,376
76966,364
76978,377
76989,375
77001,374
77012,373
77024,361
77035,371
77046,356
77058,371
77070,354
77081,357
77092,350
77104,344
77115,341
77126,341
77138,347
77150,327
77161,348
77172,343
77184,338
77195,342
77207,336
77218,351
77230,334
77241,338
77252,349
77263,329
77276,350
77287,329
77298,349
77309,339
77321,331
77333,332
77344,331
77356,340
77367,331
77378,338
77389,332
77402,337
77413,334
77424,329
77435,333
77447,321
77458,334
77470,328
77481,326
77493,324
77504,314
77515,332
77527,315
77539,324
77550,313
77561,319
77573,322
77584,314
77595,326
77607,312
77619,317
77630,316
77641,311
77652,314
77665,308
77676,317
77687,307
77699,311
77710,310
77721,300
77733,313
77745,302
77756,316
77767,304
77778,309
77790,307
77802,304
77813,311
77825,302
77836,314
77847,304
77858,312
77871,313
77882,306
77893,324
77904,309
77916,321
77927,316
77939,312
77950,320
77962,312
77973,329
77984,315
77996,325
78008,319
78019,318
78030,325
78042,308
78053,322
78065,295
78076,284
78088,270
78099,264
78110,275
78121,270
78134,297
78145,297
78156,309
78168,320
78179,315
78190,330
78202,321
78214,340
78225,329
78236,335
78247,339
78259,333
78271,344
78282,338
78294,349
78305,346
78316,340
78327,350
78340,340
78351,355
78362,347
78373,357
78385,352
78397,350
78408,355
78419,347
78431,355
78442,347
78453,356
78466,353
78477,346
78488,361
78499,349
78511,361
78522,351
78534,365
78545,353
78557,356
78568,362
78579,344
78590,374
78603,345
78614,360
78625,352
78637,346
78648,363
78659,342
78671,372
78683,345
78694,345
78705,336
78716,352
78728,334
78740,345
78751,320
78763,336
78774,352
78785,332
78797,337
78809,357
78820,330
78831,364
78842,337
78854,343
78866,339
78877,332
78888,344
78900,337
78911,334
78922,349
78935,331
78946,338
78957,329
78968,342
78980,337
78991,337
79003,335
79014,339
79026,339
79037,324
79048,358
79059,336
79072,345
79083,346
79094,334
79106,355
79117,344
79129,344
79140,342
79152,338
79163,349
79174,343
79185,361
79198,338
79209,367
79220,356
79232,369
79243,364
79254,362
79266,375
79278,366
79289,387
79300,364
79311,353
79323,351
79335,312
79346,312
79357,297
79369,304
79380,301
79391,301
79404,319
79415,319
79426,352
79437,332
79449,343
79460,345
79472,352
79483,358
79495,347
79506,370
79517,356
79529,360
79541,365
79552,351
79563,364
79575,348
79586,369
79598,348
79609,356
79621,355
79632,348
79643,360
79654,353
79667,354
79678,353
79689,358
79700,353
79712,351
79723,363
79735,349
79747,361
79758,352
79769,354
79780,354
79792,345
79804,356
79815,344
79826,349
79838,346
79849,340
79861,346
79873,338
79884,349
79895,331
79906,338
79918,335
79930,331
79941,335
79952,326
79964,337
79975,325
79986,328
79998,328
80010,326
80021,325
80032,306
80044,320
80055,280
80067,255
80078,245
80090,242
80101,243
80112,241
80123,262
80136,264
80147,277
80158,299
80169,291
80181,315
80192,309
80204,323
80216,316
80227,330
80238,328
80249,329
80262,345
80273,333
80284,340
80295,332
80307,332
80318,339
80330,330
80342,346
80353,329
80364,334
80375,338
80387,325
80399,336
80410,319
80421,343
80433,323
80444,335
80455,326
80467,327
80479,333
80490,317
80501,339
80513,318
80524,329
80536,330
80547,323
80559,330
80570,326
80581,330
80593,329
80605,323
80616,326
80627,320
80638,332
80650,321
80662,330
80673,326
80685,324
80696,330
80707,314
80718,332
80731,302
80742,303
80753,262
80764,252
80776,244
80787,237
80799,244
80811,242
80822,261
80833,279
80844,287
80856,305
80868,309
80879,331
80890,327
80902,341
80913,345
80924,346
80936,355
80948,353
80959,350
80970,379
80982,355
80994,362
81005,366
81016,376
81028,373
81039,334
81050,385
81062,400
81074,321
81085,382
81096,295
81107,381
81119,309
81131,398
81142,323
81154,367
81165,322
81176,415
81187,293
81200,361
81211,353
81222,331
81233,351
81245,342
81256,356
81268,326
81280,338
81291,333
81302,372
81313,307
81326,352
81337,336
81348,326
81359,348
81371,322
81382,334
81394,384
81405,277
81417,342
81428,329
81439,332
81451,338
81463,327
81474,321
81485,327
81497,331
81508,319
81519,322
81531,334
81543,324
81554,336
81565,335
81576,350
81588,348
81600,350
81611,345
81623,352
81634,352
81645,347
81656,360
81669,351
81680,349
81691,347
81702,335
81714,343
81726,329
81737,341
81748,339
81760,331
81771,315
81782,348
81795,335
81806,328
81817,339
81828,327
81840,320
81851,334
81863,327
81874,334
81886,318
81897,343
81908,327
81920,317
81932,335
81943,329
81954,331
81966,323
81977,325
81988,328
82000,325
82012,338
82023,320
82034,327
82045,326
82058,319
82069,332
82080,316
82092,334
82103,317
82114,335
82126,323
82138,326
82149,327
82160,314
82171,330
82183,316
82195,325
82206,328
82217,319
82229,330
82240,313
82251,331
82264,321
82275,325
82286,322
82297,320
82309,328
82320,315
82332,333
82343,321
82355,323
82366,326
82377,320
82388,330
82401,320
82412,331
82423,324
82435,328
82446,328
82458,322
82469,336
82481,322
82492,338
82503,329
82514,332
82527,330
82538,324
82549,339
82561,324
82572,339
82583,330
82595,332
82607,337
82618,325
82629,342
82640,330
82652,339
82664,336
82675,332
82686,339
82698,329
82709,344
82720,331
82733,341
82744,334
82755,334
82766,340
82778,327
82790,340
82801,327
82812,337
82824,332
82835,326
82846,338
82859,323
82870,338
82881,329
82892,332
82904,333
82915,326
82927,338
82938,328
82950,338
82961,332
82972,335
82983,337
82996,330
83007,346
83018,331
83030,344
83041,338
83052,339
83064,340
83076,333
83087,348
83098,333
83109,352
83121,349
83133,345
83144,359
83155,339
83167,359
83178,353
83190,353
83202,348
83213,343
83224,355
83235,338
83247,343
83259,345
83270,340
83281,348
83293,338
83304,351
83315,341
83328,346
83339,337
83350,347
83361,352
83373,334
83384,353
83396,334
83407,346
83419,344
83430,350
83441,335
83452,344
83465,348
83476,332
83487,350
83499,344
83510,332
83522,344
83533,338
83545,355
83556,330
83567,351
83578,333
83591,337
83602,341
83613,329
83624,344
83636,330
83647,340
83659,327
83671,329
83682,330
83693,315
83704,335
83716,313
83728,315
83739,299
83750,293
83762,269
83773,277
83784,294
83796,288
83808,300
83819,306
83830,313
83842,330
83853,321
83865,335
83876,322
83888,331
83899,329
83910,330
83922,341
83934,321
83945,342
83956,332
83968,333
83979,339
83991,320
84002,339
84014,324
84025,312
84036,294
84047,277
84060,281
84071,260
84082,292
84093,270
84105,292
84116,296
84128,307
84140,325
84151,322
84162,346
84173,331
84185,345
84197,341
84208,346
84219,355
84231,344
84242,353
84254,348
84265,350
84277,351
84288,343
84299,353
84311,341
84323,352
84334,344
84345,344
84357,349
84368,340
84379,350
84391,341
84403,352
84414,345
84425,341
84436,347
84448,338
84460,350
84471,342
84483,349
84494,346
84505,344
84516,349
84529,342
84540,352
84551,339
84562,351
84574,346
84585,343
84597,350
84609,338
84620,349
84631,342
84642,347
84655,343
84666,341
84677,348
84688,336
84700,350
84711,340
84723,344
84734,341
84746,339
84757,346
84768,335
84780,350
84792,337
84803,339
84814,339
84826,334
84837,346
84848,335
84860,345
84872,338
84883,336
84894,337
84905,332
84917,343
84929,332
84940,341
84952,336
84963,329
84974,340
84986,328
84998,340
85009,328
85020,337
85031,333
85043,332
85055,336
85066,328
85078,343
85089,326
85100,336
85111,331
85124,330
85135,337
85146,323
85157,339
85169,328
85180,333
85192,331
85203,329
85215,338
85226,331
85237,344
85249,326
85261,343
85272,342
85283,332
85295,338
85306,324
85317,338
85329,346
85341,334
85352,344
85363,324
85374,344
85387,302
85398,338
85409,330
85421,326
85432,328
85443,321
85455,334
85467,327
85478,326
85489,322
85500,329
85512,323
85524,334
85535,336
85547,326
85558,327
85569,337
85580,319
85593,344
85604,329
85615,336
85626,335
85638,322
85649,332
85661,318
85672,340
85684,318
85695,346
85706,326
85719,325
85730,340
85741,324
85752,333
85764,325
85775,338
85787,323
85798,323
85810,329
85821,313
85832,341
85843,333
85856,342
85867,345
85878,338
85890,345
85901,325
85912,326
85924,303
85936,295
85947,281
85958,270
85969,281
85981,280
85993,297
86004,291
86016,312
86027,313
86038,316
86049,329
86062,323
86073,333
86084,337
86095,334
86107,339
86119,337
86130,349
86141,333
86153,346
86164,343
86175,342
86188,352
86199,339
86210,350
86221,336
86233,349
86244,338
86256,342
86267,341
86279,339
86290,341
86301,334
86312,343
86325,336
86336,333
86347,335
86359,330
86370,343
86381,334
86393,342
86405,331
86416,335
86427,339
86438,327
86451,340
86462,333
86473,336
86484,333
86496,333
86507,343
86519,329
86531,339
86542,330
86553,335
86564,333
86576,327
86588,338
86599,329
86610,338
86622,328
86633,330
86644,334
86657,323
86668,331
86679,317
86690,320
86702,298
86713,275
86725,271
86736,251
86748,266
86759,256
86770,275
86781,283
86794,291
86805,311
86816,308
86828,331
86839,323
86851,338
86862,341
86874,338
86885,347
86896,340
86907,358
86920,347
86931,354
86942,347
86953,348
86965,356
86976,344
86988,356
87000,347
87011,350
87022,352
87033,342
87045,354
87057,341
87068,355
87079,346
87091,348
87102,349
87113,341
87126,352
87137,341
87148,352
87159,346
87171,345
87183,348
87194,341
87205,355
87217,340
87228,351
87239,346
87251,345
87263,352
87274,341
87285,352
87297,343
87308,353
87320,344
87331,348
87343,350
87354,334
87365,352
87376,344
87389,343
87400,350
87411,340
87422,343
87434,340
87445,348
87457,341
87469,346
87480,351
87491,337
87502,354
87514,342
87526,361
87537,346
87548,349
87560,354
87571,339
87583,356
87595,333
87606,350
87617,332
87628,348
87640,341
87652,334
87663,350
87674,339
87686,345
87697,338
87708,340
87720,348
87732,333
87743,347
87754,344
87766,335
87777,342
87789,347
87800,335
87812,331
87823,345
87834,336
87845,345
87858,336
87869,333
87880,341
87891,328
87903,347
87915,326
87926,332
87938,337
87949,323
87960,343
87971,320
87984,343
87995,322
88006,330
88017,330
88029,316
88040,340
88052,319
88064,335
88075,321
88086,332
88097,327
88109,317
88121,330
88132,318
88143,341
88155,323
88166,326
88177,342
88189,341
88201,346
88212,334
88223,328
88235,322
88246,303
88258,306
88269,286
88281,308
88292,300
88303,317
88315,317
88327,324
88338,331
88349,325
88360,340
88372,331
88384,332
88395,340
88407,327
88418,345
88429,334
88440,343
88453,327
88464,345
88475,342
88486,329
88498,350
88509,332
88521,343
88532,343
88544,340
88555,345
88566,331
88578,349
88590,339
88601,342
88612,335
88624,336
88635,341
88647,328
88658,345
88670,327
88681,337
88692,330
88704,325
88716,335
88727,325
88738,336
88750,322
88761,329
88772,332
88784,317
88796,332
88807,317
88818,334
88829,319
88841,323
88853,322
88864,315
88876,324
88887,307
88898,317
88909,288
88922,276
88933,257
88944,234
88955,231
88967,214
88978,217
88990,220
89001,219
89013,230
89024,231
89035,245
89048,240
89059,254
89070,255
89081,269
89093,285
89104,288
89116,306
89127,303
89139,314
89150,315
89161,313
89172,327
89185,321
89196,336
89207,327
89219,335
89230,332
89241,334
89253,340
89265,332
89276,343
89287,335
89298,343
89310,342
89322,339
89333,350
89345,340
89356,355
89367,346
89379,349
89391,350
89402,344
89413,356
89424,343
89436,353
89448,348
89459,350
89470,355
89482,346
89493,362
89504,349
89517,361
89528,355
89539,354
89550,358
89562,347
89573,347
89585,328
89596,333
89608,326
89619,323
89630,337
89641,327
89654,344
89665,334
89676,343
89688,343
89699,337
89710,351
89722,337
89734,353
89745,343
89756,345
89767,347
89780,345
89791,353
89802,343
89814,353
89825,346
89836,346
89848,350
89860,342
89871,346
89882,333
89893,342
89905,326
89917,316
89928,327
89939,299
89951,313
89962,296
89973,306
89986,295
89997,293
90008,307
90019,289
90031,307
90042,296
90054,313
90065,309
90077,311
90088,315
90099,322
90112,318
90123,298
90134,310
90145,303
90157,290
90168,316
90180,293
90191,316
90203,298
90214,314
90225,318
90236,318
90249,321
90260,313
90271,335
90283,322
90294,323
90305,324
90317,325
90329,350
90340,320
90351,342
90362,327
90374,326
90386,335
90397,324
90408,337
90420,311
90431,333
90442,325
90455,324
90466,327
90477,322
90488,329
90500,324
90512,319
90523,318
90534,301
90546,325
90557,309
90568,326
90580,318
90592,320
90603,339
90614,337
90626,342
90637,354
90649,360
90660,355
90672,363
90683,356
90694,370
90705,364
90718,348
90729,357
90740,357
90752,360
90763,371
90774,353
90786,376
90798,363
90809,388
90820,366
90831,409
90844,395
90855,394
90866,434
90877,407
90889,419
90900,427
90912,412
90924,427
90935,416
90946,425
90957,402
90969,409
90981,410
90992,406
91003,407
91015,380
91026,400
91037,388
91049,378
91061,385
91072,373
91083,374
91095,368
91106,374
91118,361
91129,361
91141,354
91152,354
91163,366
91174,346
91187,359
91198,348
91209,349
91220,349
91232,337
91244,350
91255,330
91267,333
91278,314
91289,295
91300,289
91313,271
91324,268
91335,258
91346,270
91358,276
91369,284
91381,300
91393,303
91404,331
91415,329
91426,343
91438,356
91450,358
91461,376
91472,372
91484,394
91495,386
91506,392
91518,403
91530,393
91541,402
91552,396
91564,411
91576,402
91587,397
91598,409
91610,392
91621,410
91632,396
91644,398
91656,398
91667,385
91678,389
91689,377
91701,389
91713,369
91724,386
91736,367
91747,366
91758,371
91769,354
91782,377
91793,361
91804,371
91815,362
91827,365
91838,363
91850,357
91862,365
91873,356
91884,358
91895,348
91907,352
91919,355
91930,345
91941,350
91953,343
91964,343
91976,342
91987,330
91999,344
92010,332
92021,341
92033,328
92045,332
92056,328
92067,317
92079,334
92090,317
92101,321
92113,315
92125,319
92136,306
92147,310
92158,320
92170,298
92182,329
92193,300
92205,305
92216,313
92227,294
92238,312
92251,289
92262,313
92273,313
92284,293
92296,318
92308,297
92319,308
92331,312
92342,305
92353,308
92364,301
92377,304
92388,320
92399,307
92410,304
92422,314
92433,298
92445,304
92456,319
92468,302
92479,308
92490,312
92502,319
92514,304
92525,315
92536,320
92548,293
92559,324
92570,295
92582,322
92594,301
92605,318
92616,304
92627,320
92639,316
92651,315
92662,309
92674,316
92685,311
92696,311
92708,322
92720,308
92731,310
92742,301
92753,332
92765,297
92777,337
92788,309
92800,321
92811,325
92822,317
92833,329
92846,314
92857,338
92868,316
92879,330
92891,337
92902,336
92914,344
92925,342
92937,350
92948,357
92959,342
92971,346
92983,342
92994,342
93005,350
93017,340
93028,335
93040,340
93051,339
93063,324
93074,353
93085,330
93096,339
93109,336
93120,328
93131,346
93143,333
93154,334
93165,328
93177,331
93189,331
93200,319
93211,322
93222,320
93234,325
93246,310
93257,314
93268,317
93280,301
93291,320
93302,297
93315,287
93326,285
93337,264
93348,276
93360,253
93371,278
93383,264
93394,284
93406,280
93417,293
93428,307
93441,312
93452,308
93463,331
93474,320
93486,325
93497,324
93509,335
93520,320
93532,338
93543,316
93554,344
93565,332
93578,330
93589,338
93600,329
93612,337
93623,329
93634,325
93646,333
93658,330
93669,343
93680,326
93691,334
93703,346
93715,343
93726,324
93737,353
93749,345
93760,323
93772,331
93784,360
93795,321
93806,361
93817,309
93829,371
93841,355
93852,344
93863,331
93875,373
93886,323
93897,338
93910,350
93921,321
93932,382
93943,342
93955,336
93966,381
93978,329
93989,362
94001,341
94012,342
94023,353
94034,350
94047,354
94058,336
94069,350
94081,354
94092,330
94103,361
94115,345
94127,350
94138,348
94149,357
94160,343
94173,347
94184,344
94195,336
94206,347
94218,332
94229,345
94241,335
94253,338
94264,340
94275,327
94286,342
94298,332
94310,342
94321,333
94332,345
94344,342
94355,334
94366,349
94379,338
94390,340
94401,344
94412,337
94424,336
94435,347
94447,338
94458,337
94470,333
94481,331
94492,340
94504,328
94516,330
94527,342
94538,330
94550,336
94561,345
94573,325
94584,343
94596,322
94607,344
94618,331
94629,345
94642,333
94653,341
94664,340
94675,344
94687,343
94698,347
94710,323
94722,352
94733,330
94744,349
94755,331
94767,341
94779,332
94790,330
94801,329
94813,333
94824,343
94835,331
94848,337
94859,328
94870,330
94881,325
94893,344
94905,329
94916,316
94927,349
94939,315
94950,329
94961,318
94973,340
94985,336
94996,328
95007,357
95019,348
95030,353
95042,362
95053,340
95065,361
95076,348
95087,338
95098,331
95111,328
95122,339
95133,304
95144,292
95156,270
95167,270
95179,276
95191,270
95202,287
95213,291
95224,313
95237,275
95248,343
95259,329
95270,312
95282,353
95293,312
95305,351
95316,344
95328,326
95339,336
95350,352
95362,339
95374,331
95385,358
95396,328
95408,347
95419,331
95430,329
95442,337
95454,340
95465,330
95476,326
95488,344
95499,325
95511,342
95522,340
95534,343
95545,334
95556,349
95567,318
95580,350
95591,335
95602,325
95613,345
95625,321
95637,342
95648,320
95660,343
95671,330
95682,324
95693,353
95706,320
95717,328
95728,324
95739,333
95751,303
95762,313
95774,283
95785,257
95797,261
95808,248
95819,256
95831,239
95843,290
95854,265
95865,300
95877,318
95888,315
95899,331
95911,337
95923,343
95934,346
95945,343
95956,354
95969,362
95980,365
95991,349
96003,354
96014,366
96025,345
96037,373
96049,363
96060,379
96071,364
96082,369
96094,366
96106,363
96117,374
96129,360
96140,355
96151,367
96162,344
96175,353
96186,350
96197,355
96208,340
96220,345
96231,356
96243,339
96254,344
96266,343
96277,353
96288,326
96300,354
96312,331
96323,351
96334,344
96346,345
96357,346
96369,339
96380,342
96392,338
96403,328
96414,340
96425,330
96438,332
96449,330
96460,329
96472,325
96483,317
96494,337
96506,319
96518,327
96529,324
96540,326
96551,321
96563,313
96575,331
96586,313
96598,312
96609,306
96620,286
96631,277
96644,262
96655,279
96666,264
96677,272
96689,278
96701,282
96712,289
96723,304
96735,331
96746,327
96757,356
96770,346
96781,350
96792,359
96803,359
96815,371
96826,367
96838,365
96849,374
96861,358
96872,375
96883,341
96894,367
96907,340
96918,344
96929,345
96941,334
96952,347
96963,342
96975,339
96987,340
96998,336
97009,354
97020,334
97032,361
97044,349
97055,328
97067,327
97078,336
97089,342
97101,333
97113,342
97124,322
97135,299
97146,280
97158,260
97170,263
97181,244
97192,257
97204,248
97215,263
97226,272
97239,272
97250,294
97261,282
97272,303
97284,299
97295,286
97307,305
97318,292
97330,302
97341,292
97352,298
97363,283
97376,282
97387,287
97398,287
97410,303
97421,289
97433,321
97444,316
97456,309
97467,303
97478,277
97489,273
97502,265
97513,277
97524,281
97536,303
97547,302
97558,312
97570,335
97582,329
97593,367
97604,351
97615,358
97627,388
97639,370
97650,357
97661,409
97673,364
97684,380
97695,371
97708,356
97719,318
97730,318
97741,279
97753,286
97764,292
97776,282
97787,299
97799,299
97810,325
97821,327
97833,346
97845,356
97856,370
97867,390
97879,396
97890,419
97902,415
97913,425
97925,442
97936,426
97947,444
97958,442
97971,446
97982,428
97993,430
98004,444
98016,419
98027,425
98039,413
98051,415
98062,405
98073,399
98084,406
98096,390
98108,401
98119,386
98130,393
98142,382
98153,383
98165,385
98177,375
98188,385
98199,368
98210,371
98222,370
98234,359
98245,367
98256,354
98268,361
98279,355
98290,351
98302,359
98314,344
98325,359
98336,342
98348,352
98359,343
98371,343
98382,341
98394,331
98405,346
98416,334
98427,342
98440,337
98451,339
98462,336
98473,337
98485,344
98496,334
98508,337
98520,333
98531,328
98542,333
98553,323
98566,333
98577,321
98588,326
98599,322
98611,321
98622,324
98634,318
98646,329
98657,320
98668,322
98679,321
98691,314
98703,322
98714,313
98725,320
98737,311
98748,314
98759,305
98771,295
98783,287
98794,248
98805,233
98817,225
98828,224
98840,242
98851,242
98863,273
98874,277
98885,298
98897,306
98909,301
98920,317
98931,308
98942,322
98954,317
98966,319
98977,321
98989,319
99000,324
99011,321
99022,323
99035,323
99046,332
99057,329
99068,324
99080,342
99091,315
99103,339
99115,325
99126,323
99137,324
99148,296
99160,313
99172,276
99183,265
99194,280
99206,274
99217,305
99228,296
99240,322
99252,335
99263,345
99274,349
99286,348
99298,355
99309,346
99320,360
99332,359
99343,376
99354,349
99366,363
99378,346
99389,365
99400,365
99411,362
99423,362
99435,354
99446,356
99458,367
99469,345
99480,376
99491,354
99504,352
99515,356
99526,374
99537,346
99549,365
99560,345
99572,366
99584,356
99595,355
99606,354
99617,362
99630,355
99641,360
99652,356
99663,351
99675,357
99686,341
99698,362
99709,341
99721,354
99732,346
99743,360
99755,347
99767,351
99778,347
99789,312
99801,306
99812,294
99823,289
99835,298
99847,294
99858,321
99869,317
99880,336
99892,341
99904,332
99915,348
99927,340
99938,345
99949,340
99960,345
99973,338
99984,333
99995,348
100006,324
100019,346
100032,333
100044,329
100057,338
100069,333
100081,322
100093,332
100107,338
100119,330
100131,331
100144,326
100156,334
100169,329
100182,324
100194,332
100206,323
100218,331
100232,332
100244,328
100256,336
100269,334
100281,320
100293,338
100306,325
100319,325
100331,330
100343,323
100356,337
100369,329
100381,320
100393,338
100406,321
100418,325
100431,332
100444,320
100456,326
100468,328
100481,315
100493,330
100506,320
100518,324
100531,327
100543,316
100555,334
100569,322
100581,322
100593,338
100605,328
100618,325
100631,330
100643,326
100656,331
100668,328
100680,321
100692,337
100706,328
100718,320
100730,336
100743,329
100755,331
100768,333
100781,324
100793,334
100805,326
100817,328
100831,336
100843,326
100855,334
100868,336
100880,333
100892,337
100905,330
100918,322
100930,339
100942,326
100955,333
100968,335
100980,327
100993,336
101005,328
101017,326
101030,336
101043,324
101055,329
101067,329
101080,324
101092,328
101105,326
101117,324
101130,338
101142,326
101154,328
101168,329
101180,322
101192,330
101204,328
101217,324
101230,340
101242,328
101255,331
101267,336
101279,331
101292,338
101305,331
101317,329
101329,343
101342,334
101354,333
101367,342
101380,335
101392,333
101404,340
101416,325
101430,341
101442,335
101454,335
101467,337
101479,338
101491,342
101505,340
101517,338
101529,341
101541,339
101554,341
101567,342
101579,298
101592,283
101604,265
101616,241
101629,282
101642,263
101654,274
101666,309
101679,307
101691,326
101704,335
101716,338
101729,347
101741,355
101753,334
101767,361
101779,357
101791,342
101804,362
101816,355
101829,357
101841,374
101854,336
101866,375
101878,346
101891,350
101904,359
101916,348
101928,356
101941,366
101953,337
101966,369
101979,350
101991,343
102003,349
102016,340
102029,341
102041,352
102053,331
102066,361
102078,333
102090,361
102104,333
102116,347
102128,346
102140,352
102153,326
102166,348
102178,338
102191,334
102203,342
102215,334
102228,332
102241,340
102253,333
102265,349
102278,343
102290,343
102303,371
102316,352
102328,368
102340,362
102352,352
102366,364
102378,370
102390,360
102403,361
102415,352
102428,354
102440,350
102453,339
102465,348
102477,339
102490,332
102503,343
102515,331
102528,330
102540,333
102552,328
102565,335
102578,334
102590,320
102602,337
102615,324
102628,324
102640,335
102652,322
102665,328
102677,327
102689,316
102703,329
102715,323
102727,316
102739,330
102752,319
102765,323
102777,326
102790,316
102802,327
102814,324
102828,315
102840,329
102852,318
102864,323
102877,321
102889,307
102902,309
102915,278
102927,244
102939,247
102951,236
102965,249
102977,266
102989,271
103002,291
103014,305
103027,307
103040,333
103052,327
103064,333
103076,346
103089,342
103102,350
103114,351
103127,347
103139,357
103151,351
103164,351
103177,361
103189,350
103201,355
103214,354
103227,344
103239,362
103251,350
103264,352
103276,357
103288,347
103302,357
103314,351
103326,344
103339,356
103351,345
103364,345
103376,349
103389,344
103401,350
103413,346
103427,340
103439,353
103451,340
103463,339
103476,349
103488,339
103501,341
103514,347
103526,336
103538,348
103550,343
103564,338
103576,349
103588,338
103601,342
103613,342
103626,337
103639,343
103651,339
103663,336
103675,350
103688,340
103701,341
103713,344
103726,333
103738,345
103750,342
103763,334
103776,347
103788,342
103800,336
103813,352
103826,344
103838,358
103851,342
103863,348
103875,352
103887,336
103901,345
103913,350
103925,338
103938,350
103950,325
103963,328
103975,334
103988,341
104000,331
104012,350
104026,328
104038,343
104050,334
104062,331
104075,340
104087,332
104100,320
104113,346
104125,332
104137,334
104150,324
104163,332
104175,332
104187,327
104200,336
104212,340
104225,325
104238,334
104250,331
104262,328
104274,338
104287,328
104300,315
104312,331
104325,333
104337,320
104349,339
104363,319
104375,327
104387,331
104399,310
104412,343
104425,312
104437,328
104450,327
104462,317
104474,305
104486,322
104500,323
104512,375
104524,323
104537,347
104549,325
104562,300
104574,280
104587,271
104599,252
104611,259
104625,259
104637,252
104649,262
104662,253
104674,263
104686,262
104699,261
104712,269
104724,267
104736,259
104749,274
104762,273
104774,259
104786,311
104799,284
104811,301
104824,320
104837,310
104849,322
104861,321
104873,317
104886,307
104899,292
104911,279
104924,272
104936,256
104948,244
104962,236
104974,240
104986,252
104998,266
105011,286
105024,299
105036,304
105049,342
105061,338
105073,350
105085,365
105099,365
105111,370
105123,378
105136,365
105148,386
105161,362
105174,370
105186,381
105198,370
105210,382
105224,373
105236,366
105248,377
105261,364
105273,363
105285,373
105298,360
105311,360
105323,360
105335,337
105348,334
105361,314
105373,293
105385,287
105398,259
105410,257
105423,263
105436,262
105448,280
105460,282
105473,290
105485,314
105498,315
105510,336
105523,353
105535,354
105547,376
105561,380
105573,366
105585,383
105597,366
105610,350
105623,335
105635,310
105648,318
105660,320
105672,314
105684,336
105698,330
105710,337
105722,349
105735,346
105747,357
105760,357
105773,350
105785,360
105797,355
105809,348
105823,356
105835,340
105847,348
105860,344
105872,341
105884,352
105897,346
105910,341
105922,346
105934,331
105947,336
105960,336
105972,328
105985,338
105997,333
106009,332
106022,342
106035,335
106047,334
106059,337
106072,329
106084,337
106097,335
106109,332
106122,346
106134,338
106146,338
106160,340
106172,332
106184,343
106196,341
106209,336
106222,351
106234,344
106247,345
106259,351
106271,336
106284,348
106297,348
106309,341
106321,352
106334,347
106346,345
106359,354
106372,351
106384,356
106396,340
106408,338
106422,354
106434,339
106446,340
106459,350
106471,338
106483,338
106497,356
106509,327
106521,355
106533,336
106546,341
106559,345
106571,344
106584,353
106596,336
106608,353
106621,346
106634,355
106646,339
106658,356
106671,337
106683,352
106696,353
106708,320
106721,354
106733,335
106745,345
106759,339
106771,349
106783,335
106796,346
106808,332
106821,346
106833,328
106846,320
106858,320
106870,355
106883,332
106896,340
106908,327
106920,325
106933,373
106945,356
106958,355
106971,374
106983,370
106995,398
107008,392
107021,421
107033,423
107045,436
107058,451
107070,451
107082,446
107096,455
107108,444
107120,451
107132,445
107145,435
107158,444
107170,428
107183,418
107195,417
107207,391
107220,399
107233,396
107245,382
107257,382
107270,375
107282,362
107295,371
107308,355
107320,363
107332,356
107344,348
107358,358
107370,348
107382,340
107395,353
107407,339
107420,334
107432,341
107445,329
107457,335
107469,325
107482,316
107495,331
107507,318
107520,315
107532,323
107544,310
107557,316
107570,311
107582,301
107594,314
107607,304
107620,302
107632,309
107644,299
107657,303
107669,300
107681,295
107695,298
107707,282
107719,266
107731,261
107744,237
107757,233
107769,230
107782,231
107794,255
107806,262
107820,273
107832,293
107844,292
107856,303
107869,308
107881,308
107894,321
107907,316
107919,316
107931,326
107943,320
107957,323
107969,326
107981,316
107994,330
108006,324
108019,316
108032,330
108044,319
108056,321
108068,328
108081,321
108094,324
108106,323
108119,319
108131,332
108143,324
108156,322
108169,329
108181,324
108193,328
108206,325
108219,320
108231,330
108243,324
108256,319
108268,323
108280,313
108294,316
108306,307
108318,300
108331,297
108343,286
108356,277
108368,290
108381,298
108393,315
108405,329
108419,331
108431,345
108443,341
108455,341
108468,353
108480,345
108493,351
108506,349
108518,344
108530,354
108542,346
108556,341
108568,354
108580,343
108593,345
108605,344
108618,345
108631,357
108643,341
108655,347
108667,355
108680,355
108693,345
108705,358
108718,355
108730,339
108742,365
108755,342
108768,353
108780,338
108792,339
108805,337
108818,334
108830,340
108843,330
108855,334
108867,334
108879,329
108893,325
108905,354
108917,317
108930,337
108942,334
108955,315
108967,338
108980,331
108992,326
109004,332
109018,316
109030,343
109042,320
109054,331
109067,339
109079,328
109092,326
109105,340
109117,321
109129,318
109142,342
109155,327
109167,340
109179,332
109192,336
109204,323
109217,302
109230,318
109242,313
109254,317
109266,327
109279,331
109292,333
109304,341
109317,337
109329,333
109341,331
109355,312
109367,296
109379,278
109391,278
109404,287
109417,279
109429,287
109442,292
109454,290
109466,306
109478,299
109492,295
109504,296
109516,291
109529,287
109541,288
109554,289
109566,289
109579,290
109591,281
109603,302
109617,290
109629,294
109641,304
109654,295
109666,302
109678,296
109691,304
109704,305
109716,301
109728,297
109741,321
109754,293
109766,321
109778,314
109791,309
109803,319
109816,317
109829,304
109841,320
109853,311
109865,310
109878,316
109891,312
109903,320
109916,315
109928,308
109940,323
109954,312
109966,314
109978,323
109990,314
110003,329
110016,314
110028,321
110041,328
110053,316
110065,331
110077,336
110091,320
110103,334
110115,333
110128,325
110140,342
110153,336
110166,331
110178,344
110190,342
110202,346
110216,348
110228,337
110240,350
110253,338
110265,345
110277,349
110290,332
110303,352
110315,339
110327,346
110340,352
110353,344
110365,350
110377,346
110390,343
110402,349
110415,344
110428,343
110440,348
110452,350
110465,345
110477,344
110490,346
110502,343
110515,343
110527,337
110539,347
110553,337
110565,338
110577,347
110589,337
110602,339
110615,344
110627,336
110640,342
110652,336
110664,337
110676,344
110690,330
110702,342
110714,347
110727,333
110739,332
110752,337
110765,328
110777,339
110789,331
110801,340
110815,324
110827,340
110839,323
110852,341
110864,329
110876,341
110889,330
110902,341
110914,328
110926,334
110939,334
110952,344
110964,318
110977,332
110989,330
111001,326
111014,346
111027,318
111039,335
111051,326
111064,326
111076,340
111089,325
111101,323
111114,331
111126,328
111138,339
111152,332
111164,341
111176,342
111188,337
111201,344
111214,339
111226,351
111239,338
111251,348
111263,334
111276,337
111289,345
111301,333
111313,345
111326,344
111338,334
111351,340
111364,334
111376,349
111388,333
111400,335
111414,336
111426,342
111438,339
111451,349
111463,338
111475,338
111489,327
111501,381
111513,348
111525,359
111538,375
111551,369
111563,358
111576,379
111588,361
111600,360
111613,365
111626,352
111638,349
111650,352
111663,338
111675,351
111688,336
111700,339
111713,334
111725,329
111737,324
111751,324
111763,315
111775,315
111788,321
111800,323
111813,321
111825,310
111838,308
111850,327
111862,313
111875,318
111888,316
111900,302
111912,331
111925,313
111937,317
111950,329
111963,306
111975,319
111987,342
112000,322
112013,316
112025,342
112037,308
112050,331
112062,335
112074,322
112088,322
112100,332
112112,337
112124,316
112137,342
112150,339
112162,328
112175,334
112187,336
112199,332
112212,336
112225,329
112237,320
112249,325
112262,322
112274,321
112287,324
112300,314
112312,317
112324,318
112336,312
112350,317
112362,314
112374,310
112387,316
112399,310
112412,310
112424,315
112437,304
112449,315
112461,312
112474,304
112487,324
112499,311
112512,317
112524,322
112536,321
112549,327
112562,320
112574,317
112586,331
112599,318
112612,327
112624,332
112636,322
112649,333
112661,326
112673,326
112687,330
112699,333
112711,325
112723,340
112736,333
112749,337
112761,342
112774,331
112786,348
112798,341
112812,336
112824,351
112836,341
112848,351
112861,353
112873,338
112886,359
112899,338
112911,344
112923,352
112935,343
112949,352
112961,348
112973,343
112986,337
112998,352
113011,339
113024,337
113036,344
113048,338
113060,343
113073,336
113086,343
113098,322
113111,323
113123,346
113135,324
113148,321
113161,316
113173,327
113185,331
113198,333
113211,314
113223,332
113235,339
113248,314
113260,354
113272,329
113286,324
113298,333
113310,328
113323,343
113335,330
113348,331
113360,352
113373,326
113385,343
113397,337
113411,328
113423,333
113435,335
113447,325
113460,354
113472,322
113485,341
113498,338
113510,326
113522,343
113534,346
113548,332
113560,343
113572,336
113585,327
113597,344
113610,336
113623,334
113635,332
113647,337
113659,325
113672,333
113685,338
113697,334
113710,330
113722,349
113734,338
113747,334
113760,363
113772,339
113784,353
113797,356
113810,361
113822,353
113835,364
113847,374
113859,369
113871,362
113885,347
113897,380
113909,344
113922,361
113934,350
113947,351
113959,320
113972,342
113984,341
113996,372
114010,333
114022,348
114034,346
114046,352
114059,354
114071,315
114084,367
114097,339
114109,345
114121,340
114134,337
114147,339
114159,344
114171,328
114184,343
114196,318
114209,326
114222,349
114234,330
114246,324
114258,340
114271,328
114284,311
114296,335
114309,320
114321,333
114333,314
114347,333
114359,312
114371,307
114383,324
114396,308
114409,328
114421,342
114434,296
114446,339
114458,311
114470,344
114484,313
114496,316
114508,307
114521,338
114533,323
114546,328
114558,332
114571,308
114583,323
114595,337
114609,290
114621,327
114633,324
114646,324
114658,321
114670,334
114683,304
114696,322
114708,321
114720,319
114733,320
114746,319
114758,330
114770,317
114783,321
114795,327
114808,318
114821,314
114833,325
114845,315
114857,313
114870,324
114883,313
114895,323
114908,323
114920,318
114932,322
114946,326
114958,320
114970,322
114982,327
114995,335
115008,324
115020,326
115033,336
115045,329
115057,337
115069,338
115083,331
115095,334
115107,332
115120,326
115132,334
115145,334
115158,325
115170,342
115182,319
115194,332
115208,332
115220,322
115232,341
115245,325
115257,325
115269,330
115282,322
115295,328
115307,322
115319,317
115332,325
115345,315
115357,318
115369,321
115382,318
115394,328
115407,329
115420,332
115432,320
115444,334
115457,311
115469,348
115482,325
115494,331
115507,336
115519,333
115531,326
115545,329
115557,323
115569,350
115581,331
115594,347
115607,338
115619,331
115632,354
115644,347
115656,340
115668,338
115682,340
115694,338
115706,348
115719,325
115731,351
115744,339
115757,338
115769,345
115781,351
115793,345
115807,342
115819,344
115831,348
115844,358
115856,345
115868,344
115881,352
115894,344
115906,349
115918,343
115931,350
115944,350
115956,348
115969,364
115981,353
115993,342
116006,356
116019,353
116031,344
116043,361
116056,349
116068,379
116081,372
116093,366
116106,376
116118,365
116130,388
116144,382
116156,386
116168,415
116180,385
116193,402
116206,393
116218,382
116231,389
116243,394
116255,381
116268,395
116281,383
116293,368
116305,371
116318,390
116330,383
116343,392
116356,393
116368,403
116380,408
116392,399
116406,422
116418,422
116430,425
116443,432
116455,446
116467,440
116481,426
116493,446
116505,424
116517,459
116530,423
116543,421
116555,416
116568,413
116580,396
116592,393
116605,390
116618,383
116630,359
116642,384
116655,373
116667,366
116680,363
116692,348
116705,361
116717,347
116729,344
116743,350
116755,338
116767,338
116780,338
116792,332
116805,338
116817,337
116830,322
116842,333
116854,325
116867,329
116880,332
116892,322
116904,327
116917,324
116929,315
116942,323
116955,317
116967,312
116979,323
116992,310
117005,319
117017,315
117029,306
117042,318
117054,305
117066,309
117080,312
117092,305
117104,312
117116,305
117129,297
117142,310
117154,302
117167,303
117179,304
117191,306
117204,302
117217,306
117229,292
117241,314
117254,297
117266,301
117279,303
117292,298
117304,304
117316,298
117328,292
117342,306
117354,292
117366,291
117379,302
117391,290
117404,298
117416,290
117429,285
117441,301
117453,283
117466,285
117479,295
117491,286
117504,280
117516,288
117528,284
117541,278
117554,295
117566,288
117578,276
117591,282
117604,281
117616,302
117628,294
117641,283
117653,299
117665,296
117679,294
117691,316
117703,302
117715,313
117728,305
117741,332
117753,288
117766,317
117778,325
117790,320
117804,317
117816,334
117828,305
117840,326
117853,308
117865,305
117878,340
117891,321
117903,315
117915,337
117927,322
117941,327
117953,330
117965,322
117978,325
117990,315
118003,330
118016,328
118028,304
118040,315
118052,328
118065,305
118078,318
118090,315
118103,311
118115,318
118127,321
118140,314
118153,328
118165,308
118177,326
118190,309
118203,320
118215,322
118227,348
118240,329
118252,342
118264,341
118278,326
118290,340
118302,339
118315,335
118327,336
118340,320
118352,327
118365,311
118377,280
118389,293
118403,295
118415,288
118427,310
118439,318
118452,324
118464,333
118477,308
118490,356
118502,329
118514,351
118526,336
118540,349
118552,345
118564,340
118577,287
118589,384
118602,328
118615,286
118627,350
118639,324
118651,345
118664,357
118677,296
118689,377
118702,336
118714,340
118726,339
118739,329
118752,346
118764,303
118776,368
118789,340
118802,352
118814,328
118827,327
118839,339
118851,336
118863,326
118877,328
118889,342
118901,324
118914,334
118926,340
118939,329
118951,338
118964,333
118976,321
118988,338
119002,312
119014,348
119026,324
119038,320
119051,347
119063,323
119076,316
119089,350
119101,318
119113,328
119126,334
119139,319
119151,326
119163,321
119176,320
119188,325
119201,303
119214,338
119226,314
119238,320
119250,319
119263,333
119276,317
119288,326
119301,330
119313,317
119325,328
119339,325
119351,326
119363,319
119375,323
119388,333
119401,322
119413,320
119426,328
119438,316
119450,331
119462,322
119476,318
119488,324
119500,317
119513,316
119525,326
119538,316
119550,321
119563,323
119575,313
119587,328
119601,313
119613,320
119625,328
119638,320
119650,332
119662,332
119675,323
119688,337
119700,339
119712,342
119725,344
119738,342
119750,343
119762,361
119775,335
119787,352
119800,338
119813,345
119825,330
119837,327
119849,353
119862,328
119875,333
119887,333
119900,324
119912,319
119924,345
119938,330
119950,341
119962,337
119974,329
119987,348
120000,332
120012,333
120025,341
120037,333
120049,340
120061,331
120075,337
120087,342
120099,330
120112,336
120124,343
120137,334
120150,333
120162,340
120174,328
120186,334
120200,332
120212,332
120224,340
120237,336
120249,350
120261,343
120274,343
120287,361
120299,363
120311,358
120324,368
120337,364
120349,357
120361,360
120374,348
120386,342
120399,330
120412,299
120424,295
120436,286
120449,283
120461,303
120474,324
120486,263
120499,354
120511,316
120523,358
120537,352
120549,341
120561,355
120573,349
120586,335
120599,330
120611,295
120624,284
120636,264
120648,242
120660,265
120674,257
120686,269
120698,276
120711,277
120723,294
120736,291
120749,293
120761,312
120773,318
120785,303
120799,337
120811,318
120823,350
120836,349
120848,340
120860,358
120873,352
120886,341
120898,343
120910,352
120923,325
120936,316
120948,286
120961,268
120973,265
120985,233
120998,254
121011,256
121023,269
121035,290
121048,302
121060,321
121073,326
121085,345
121098,363
121110,374
121122,363
121136,397
121148,374
121160,378
121172,391
121185,378
121198,381
121210,369
121223,379
121235,355
121247,313
121260,316
121273,284
121285,269
121297,294
121310,290
121322,299
121335,328
121348,334
121360,355
121372,377
121384,384
121398,402
121410,408
121422,408
121435,413
121447,399
121459,402
121473,412
121485,385
121497,396
121509,358
121522,353
121535,339
121547,311
121560,315
121572,320
121584,322
121597,348
121610,352
121622,370
121634,379
121647,382
121659,391
121672,394
121684,393
121697,399
121709,390
121721,364
121735,400
121747,370
121759,412
121772,368
121784,380
121797,398
121809,362
121822,371
121834,385
121846,375
121859,377
121872,370
121884,364
121896,395
121909,349
121921,386
121934,374
121947,363
121959,366
121971,363
121984,356
121997,356
122009,360
122021,348
122034,355
122046,359
122058,352
122072,359
122084,350
122096,357
122108,345
122121,331
122134,340
122146,320
122159,321
122171,332
122183,334
122196,339
122209,345
122221,341
122233,330
122246,338
122258,321
122271,334
122284,324
122296,325
122308,321
122320,317
122334,330
122346,316
122358,322
122371,304
122383,326
122396,310
122408,320
122421,324
122433,322
122445,324
122458,317
122471,319
122483,314
122496,304
122508,324
122520,314
122533,308
122546,309
122558,299
122570,325
122583,319
122596,295
122608,334
122620,310
122633,305
122645,330
122657,313
122671,314
122683,344
122695,316
122707,348
122720,353
122733,339
122745,352
122758,331
122770,353
122782,329
122796,356
122808,343
122820,344
122832,338
122845,340
122857,324
122870,337
122883,323
122895,328
122907,317
122919,326
122933,328
122945,301
122957,331
122970,313
122982,323
122995,320
123008,317
123020,312
123032,317
123044,333
123057,299
123070,315
123082,327
123095,317
123107,320
123119,335
123132,306
123145,316
123157,298
123169,345
123182,304
123195,309
123207,321
123219,324
123232,302
123244,323
123256,325
123270,316
123282,329
123294,318
123307,326
123319,324
123332,305
123344,329
123357,326
123369,325
123381,329
123395,318
123407,327
123419,331
123431,331
123444,335
123456,323
123469,318
123482,340
123494,323
123506,327
123518,330
123532,322
123544,333
123556,337
123569,318
123581,333
123594,339
123607,338
123619,327
123631,335
123643,347
123656,313
123669,337
123681,339
123694,329
123706,332
123718,342
123731,320
123744,343
123756,330
123768,328
123781,340
123794,330
123806,331
123819,337
123831,326
123843,344
123855,335
123869,330
123881,351
123893,329
123906,340
123918,340
123931,339
123943,350
123956,337
123968,327
123980,350
123994,329
124006,337
124018,335
124030,331
124043,337
124055,327
124068,321
124081,339
124093,320
124105,326
124118,338
124131,318
124143,326
124155,328
124168,322
124180,327
124193,320
124206,314
124218,329
124230,318
124242,322
124255,322
124268,311
124280,328
124293,319
124305,319
124317,330
124331,319
124343,329
124355,331
124367,323
124380,346
124393,343
124405,333
124418,353
124430,343
124442,350
124454,346
124468,344
124480,361
124492,336
124505,335
124517,341
124530,324
124542,337
124555,337
124567,325
124579,347
124593,324
124605,336
124617,341
124630,333
124642,326
124654,342
124667,342
124680,332
124692,334
124704,333
124717,325
124730,329
124742,326
124754,334
124767,326
124779,323
124792,335
124805,315
124817,334
124829,330
124841,323
124854,338
124867,315
124879,329
124892,318
124904,325
124916,331
124930,314
124942,325
124954,337
124966,324
124979,341
124992,331
125004,336
125017,329
125029,353
125041,317
125053,325
125067,282
125079,296
125091,286
125104,288
125116,310
125129,310
125142,314
125154,336
125166,326
125178,336
125192,335
125204,330
125216,352
125229,334
125241,343
125253,360
125266,344
125279,358
125291,347
125303,340
125316,351
125329,351
125341,345
125353,361
125366,349
125378,345
125391,350
125404,346
125416,335
125428,334
125441,296
125453,270
125466,273
125478,264
125491,272
125503,261
125515,280
125529,282
125541,288
125553,300
125565,308
125578,309
125591,325
125603,323
125616,333
125628,342
125640,338
125652,355
125666,354
125678,352
125690,365
125703,351
125715,353
125728,348
125741,318
125753,295
125765,276
125777,272
125791,290
125803,285
125815,306
125828,329
125840,330
125852,357
125865,365
125878,373
125890,394
125902,387
125915,402
125928,409
125940,398
125953,414
125965,410
125977,407
125990,419
126003,407
126015,407
126027,410
126040,401
126052,410
126065,403
126077,391
126090,407
126102,396
126114,388
126128,397
126140,384
126152,388
126164,382
126177,372
126190,389
126202,373
126215,369
126227,375
126239,366
126252,367
126265,368
126277,353
126289,367
126302,358
126314,353
126327,364
126340,350
126352,356
126364,355
126376,347
126390,357
126402,346
126414,350
126427,350
126439,346
126451,350
126465,344
126477,336
126489,348
126501,335
126514,324
126527,348
126539,323
126552,328
126564,326
126576,327
126589,325
126602,318
126614,314
126626,310
126639,294
126651,240
126664,248
126676,228
126689,251
126701,250
126713,270
126727,288
126739,302
126751,301
126764,334
126776,318
126789,327
126801,331
126814,315
126826,329
126838,339
126851,312
126864,335
126876,329
126888,325
126901,333
126913,318
126926,322
126939,325
126951,307
126963,341
126976,316
126989,323
127001,326
127013,317
127026,321
127038,321
127050,309
127064,327
127076,305
127088,316
127100,312
127113,309
127126,312
127138,296
127151,261
127163,259
127175,254
127188,256
127201,275
127213,283
127225,309
127238,321
127250,316
127263,334
127276,327
127288,333
127300,332
127312,330
127326,341
127338,337
127350,327
127363,344
127375,332
127388,338
127400,344
127413,333
127425,340
127437,335
127450,328
127463,346
127475,331
127488,330
127500,343
127512,332
127525,332
127538,332
127550,326
127562,342
127575,327
127588,325
127600,335
127612,329
127625,328
127637,330
127649,321
127663,337
127675,327
127687,319
127699,331
127712,328
127725,325
127737,325
127750,312
127762,313
127774,298
127788,267
127800,258
127812,244
127824,243
127837,253
127849,261
127862,284
127875,294
127887,302
127899,322
127911,316
127925,318
127937,333
127949,324
127962,336
127974,340
127987,333
128000,349
128012,345
128024,348
128036,356
128049,347
128062,352
128074,356
128087,349
128099,358
128111,350
128124,349
128137,355
128149,350
128161,350
128174,352
128187,344
128199,354
128211,346
128224,341
128236,356
128248,345
128262,342
128274,341
128286,329
128299,326
128311,292
128324,258
128336,266
128349,259
128361,262
128373,280
128387,284
128399,305
128411,317
128423,328
128436,338
128448,343
128461,345
128474,359
128486,360
128498,361
128510,364
128524,363
128536,375
128548,362
128561,364
128573,373
128586,366
128599,370
128611,366
128623,360
128635,368
128648,361
128661,361
128673,369
128686,357
128698,364
128710,364
128723,352
128736,362
128748,356
128760,349
128773,360
128786,347
128798,348
128811,354
128823,342
128835,350
128847,349
128861,343
128873,355
128885,342
128898,348
128910,353
128923,341
128935,351
128948,352
128960,338
128972,344
128986,343
128998,346
129010,341
129022,341
129035,336
129047,341
129060,320
129073,343
129085,335
129097,331
129110,333
129123,336
129135,332
129147,338
129160,324
129172,340
129185,326
129198,323
129210,340
129222,324
129234,339
129247,325
129260,326
129272,344
129285,334
129297,331
129309,346
129323,335
129335,328
129347,332
129359,330
129372,327
129385,338
129397,316
129410,337
129422,319
129434,331
129446,326
129460,319
129472,332
129484,326
129497,321
129509,340
129522,333
129534,342
129547,336
129559,324
129571,322
129585,313
129597,277
129609,274
129622,267
129634,273
129646,279
129659,294
129672,314
129684,319
129696,316
129709,334
129722,333
129734,334
129746,346
129759,340
129771,347
129784,345
129797,340
129809,349
129821,342
129833,342
129846,349
129859,337
129871,343
129884,341
129896,334
129908,344
129922,338
129934,332
129946,344
129958,336
129971,336
129984,338
129996,331
130009,341
130021,331
130033,328
130045,340
130059,333
130071,331
130083,339
130096,332
130108,337
130121,336
130134,325
130146,340
130158,329
130170,332
130184,333
130196,324
130208,335
130221,332
130233,327
130245,344
130258,333
130271,331
130283,343
130295,333
130308,343
130321,336
130333,332
130345,344
130358,332
130370,333
130383,344
130396,330
130408,340
130420,335
130433,327
130445,341
130458,330
130470,328
130483,334
130495,327
130507,328
130521,335
130533,323
130545,338
130557,329
130570,326
130583,335
130595,328
130608,333
130620,334
130632,325
130644,333
130658,329
130670,324
130682,337
130695,328
130707,330
130720,334
130733,327
130745,337
130757,331
130769,327
130783,340
130795,330
130807,331
130820,333
130832,325
130844,337
130857,331
130870,328
130882,340
130894,333
130907,329
130920,335
130932,327
130945,335
130957,331
130969,323
130982,329
130995,312
131007,289
131019,267
131032,248
131044,252
131057,260
131069,264
131082,289
131094,303
131106,314
131120,338
131132,327
131144,346
131156,352
131169,348
131182,363
131194,358
131207,360
131219,369
131231,363
131244,368
131257,368
131269,358
131281,366
131294,358
131306,359
131319,363
131332,362
131344,349
131356,365
131368,350
131382,364
131394,365
131406,358
131419,366
131431,357
131443,358
131457,371
131469,342
131481,343
131493,357
131506,337
131519,347
131531,329
131544,345
131556,334
131568,329
131581,351
131594,339
131606,333
131618,346
131631,346
131643,326
131656,359
131668,332
131681,347
131693,335
131705,330
131719,343
131731,337
131743,335
131756,336
131768,333
131781,341
131793,332
131806,327
131818,340
131830,328
131843,326
131856,333
131868,316
131880,348
131893,328
131905,327
131918,338
131931,336
131943,334
131955,362
131968,337
131981,343
131993,353
132005,349
132018,356
132030,352
132042,343
132056,349
132068,345
132080,337
132092,348
132105,334
132118,336
132130,338
132143,325
132155,322
132167,332
132180,316
132193,329
132205,323
132217,321
132230,331
132242,314
132255,328
132268,317
132280,318
132292,328
132304,315
132318,319
132330,322
132342,312
132355,322
132367,316
132380,314
132392,324
132405,312
132417,318
132429,317
132442,310
132455,324
132467,315
132480,314
132492,327
132504,314
132517,320
132530,319
132542,309
132554,320
132567,320
132580,312
132592,328
132604,317
132617,322
132629,325
132641,317
132655,326
132667,327
132679,320
132691,335
132704,323
132717,325
132729,331
132742,322
132754,336
132766,332
132780,325
132792,340
132804,332
132816,329
132829,337
132841,327
132854,336
132867,330
132879,325
132891,339
132903,331
132917,327
132929,338
132941,328
132954,334
132966,333
132979,328
132992,339
133004,332
133016,329
133028,339
133041,327
133054,334
133066,336
133079,324
133091,337
133103,331
133116,325
133129,339
133141,328
133153,328
133166,336
133179,326
133191,333
133203,334
133216,326
133228,338
133240,330
133254,332
133266,338
133278,328
133291,337
133303,331
133316,328
133328,338
133341,332
133353,330
133365,338
133379,329
133391,336
133403,330
133415,328
133428,338
133440,331
133453,332
133466,340
133478,330
133490,336
133502,333
133516,326
133528,337
133540,329
133553,327
133565,340
133578,329
133591,334
133603,339
133615,326
133627,347
133640,338
133653,339
133665,338
133678,339
133690,341
133702,346
133715,347
133728,341
133740,347
133752,339
133765,345
133778,333
133790,335
133803,344
133815,330
133827,341
133839,338
133853,320
133865,349
133877,340
133890,342
133902,343
133915,335
133927,343
133940,351
133952,327
133964,351
133978,341
133990,336
134002,345
134014,340
134027,334
134039,338
134052,321
134065,351
134077,326
134089,338
134102,336
134115,334
134127,332
134139,339
134152,323
134164,341
134177,338
134190,335
134202,339
134214,354
134226,347
134239,372
134252,350
134264,363
134277,349
134289,346
134301,355
134315,346
134327,346
134339,345
134351,334
134364,345
134377,333
134389,331
134402,334
134414,330
134426,324
134438,328
134452,324
134464,327
134476,330
134489,315
134501,336
134514,313
134526,310
134539,276
134551,249
134563,240
134577,250
134589,240
134601,267
134614,278
134626,287
134638,311
134651,294
134664,348
134676,335
134688,325
134701,342
134714,316
134726,348
134738,364
134751,326
134763,389
134776,350
134789,356
134801,363
134813,349
134825,346
134838,366
134851,346
134863,354
134876,355
134888,344
134900,364
134914,351
134926,343
134938,353
134950,338
134963,344
134976,349
134988,335
135001,344
135013,346
135025,330
135037,348
135051,335
135063,337
135075,340
135088,314
135100,353
135113,333
135126,320
135138,337
135150,365
135162,331
135176,367
135188,332
135200,336
135213,360
135225,362
135237,337
135250,355
135263,333
135275,356
135287,366
135300,350
135313,355
135325,347
135337,337
135350,362
135362,330
135375,352
135388,341
135400,324
135412,357
135425,327
135437,349
135450,334
135462,329
135475,344
135487,327
135499,336
135513,338
135525,325
135537,347
135549,331
135562,329
135575,340
135587,330
135600,332
135612,336
135624,327
135636,336
135650,329
135662,324
135674,335
135687,323
135699,324
135712,330
135725,317
135737,328
135749,324
135761,318
135775,322
135787,332
135799,325
135812,330
135824,324
135836,326
135849,326
135862,326
135874,323
135886,326
135899,315
135912,322
135924,305
135937,322
135949,325
135961,302
135974,323
135987,323
135999,327
136011,332
136024,309
136036,334
136049,329
136061,318
136074,335
136086,320
136098,330
136112,334
136124,332
136136,326
136148,339
136161,326
136174,333
136186,329
136199,328
136211,338
136223,332
136236,332
136249,337
136261,320
136273,338
136286,335
136298,329
136311,339
136324,337
136336,339
136348,345
136360,344
136374,353
136386,352
136398,345
136411,355
136423,348
136435,354
136449,354
136461,345
136473,353
136485,345
136498,335
136511,349
136523,337
136536,332
136548,346
136560,325
136573,336
136586,329
136598,326
136610,336
136623,335
136635,336
136648,334
136660,331
136673,334
136685,337
136697,327
136711,340
136723,331
136735,323
136748,340
136760,330
136773,327
136785,330
136798,324
136810,337
136822,323
136835,320
136848,322
136860,314
136872,298
136885,282
136897,261
136910,273
136923,276
136935,284
136947,310
136960,311
136973,320
136985,326
136997,327
137010,335
137022,338
137034,331
137048,345
137060,343
137072,342
137084,353
137097,343
137110,352
137122,348
137135,345
137147,356
137159,351
137172,349
137185,359
137197,351
137209,354
137222,357
137234,348
137247,366
137260,354
137272,352
137284,364
137296,349
137310,358
137322,357
137334,350
137347,360
137359,359
137372,353
137384,363
137397,355
137409,360
137421,360
137434,352
137447,364
137459,360
137472,350
137484,362
137496,352
137509,354
137522,357
137534,348
137546,356
137559,354
137572,344
137584,359
137596,347
137609,348
137621,354
137633,343
137647,351
137659,347
137671,339
137683,351
137696,342
137709,344
137721,349
137734,340
137746,349
137758,343
137772,338
137784,350
137796,343
137808,345
137821,351
137833,342
137846,342
137859,342
137871,338
137883,344
137895,343
137909,336
137921,347
137933,334
137946,338
137958,342
137971,328
137984,339
137996,333
138008,330
138020,338
138033,329
138046,330
138058,336
138071,328
138083,332
138095,327
138108,325
138121,334
138133,319
138145,316
138158,334
138171,313
138183,324
138195,314
138208,313
138220,328
138232,308
138246,325
138258,318
138270,312
138283,325
138295,307
138308,310
138320,331
138333,303
138345,344
138357,334
138371,330
138383,333
138395,339
138407,322
138420,349
138432,321
138445,334
138458,324
138470,341
138482,312
138494,353
138508,312
138520,353
138532,320
138545,328
138557,325
138570,332
138583,334
138595,326
138607,330
138619,333
138632,325
138645,322
138657,332
138670,318
138682,326
138694,328
138707,324
138720,334
138732,337
138744,322
138757,339
138770,328
138782,332
138795,333
138807,325
138819,327
138831,328
138845,307
138857,322
138869,326
138882,312
138894,323
138907,311
138919,320
138932,310
138944,308
138956,320
138970,302
138982,307
138994,315
139006,302
139019,310
139031,308
139044,304
139057,314
139069,305
139081,309
139094,320
139107,308
139119,310
139131,313
139144,303
139156,321
139169,311
139182,304
139194,322
139206,310
139218,312
139231,321
139244,306
139256,320
139269,316
139281,309
139293,323
139307,313
139319,314
139331,321
139343,314
139356,320
139369,316
139381,316
139394,315
139406,330
139418,308
139430,320
139444,310
139456,317
139468,327
139481,313
139493,346
139506,325
139518,324
139531,342
139543,332
139555,336
139569,339
139581,326
139593,343
139606,335
139618,335
139630,343
139643,334
139656,340
139668,341
139680,334
139693,341
139706,336
139718,320
139730,316
139743,274
139755,246
139768,236
139781,216
139793,227
139805,220
139817,224
139830,242
139843,242
139855,250
139868,261
139880,261
139892,279
139906,282
139918,286
139930,308
139942,304
139955,320
139968,334
139980,335
139993,342
140005,343
140017,337
140029,347
140043,333
140055,317
140067,308
140080,280
140092,277
140105,259
140118,264
140130,278
140142,284
140154,295
140168,317
140180,321
140192,339
140205,350
140217,357
140229,375
140242,376
140255,379
140267,390
140279,383
140292,389
140305,393
140317,386
140329,398
140342,392
140354,388
140367,395
140380,382
140392,390
140404,385
140417,385
140429,390
140442,389
140454,382
140467,391
140479,379
140491,380
140505,384
140517,376
140529,384
140541,378
140554,379
140567,384
140579,376
140592,372
140604,377
140616,374
140628,368
140642,365
140654,362
140666,364
140679,369
140691,344
140704,367
140717,351
140729,366
140741,351
140753,360
140767,357
140779,361
140791,350
140804,357
140816,339
140828,353
140841,351
140854,338
140866,360
140878,340
140891,358
140904,345
140916,344
140929,358
140941,350
140953,338
140966,353
140979,337
140991,341
141003,349
141016,339
141028,341
141041,332
141053,330
141066,347
141078,337
141090,322
141104,348
141116,321
141128,340
141140,333
141153,316
141166,332
141178,328
141191,318
141203,326
141215,304
141228,299
141241,281
141253,251
141265,264
141278,274
141290,296
141303,314
141316,313
141328,301
141340,352
141352,333
141366,358
141378,344
141390,338
141403,397
141415,346
141427,394
141441,387
141453,362
141465,390
141477,371
141490,356
141503,381
141515,362
141528,357
141540,369
141552,365
141565,359
141578,354
141590,349
141602,354
141615,342
141627,345
141640,348
141652,345
141665,349
141677,356
141689,356
141703,364
141715,359
141727,350
141740,360
141752,351
141765,349
141777,349
141790,342
141802,350
141814,344
141827,333
141840,348
141852,336
141864,332
141877,339
141889,328
141902,335
141915,327
141927,323
141939,334
141952,326
141965,328
141977,329
141989,326
142002,329
142014,327
142026,319
142040,333
142052,325
142064,320
142076,331
142089,320
142102,325
142114,324
142127,320
142139,329
142151,323
142164,323
142177,330
142189,318
142201,326
142214,323
142226,317
142239,328
142252,323
142264,318
142276,328
142288,320
142302,324
142314,325
142326,322
142339,324
142351,326
142364,316
142376,329
142389,321
142401,325
142413,329
142426,320
142439,329
142451,321
142464,321
142476,332
142488,328
142501,327
142514,333
142526,322
142538,335
142551,328
142564,325
142576,333
142588,323
142601,316
142613,317
142625,303
142639,312
142651,311
142663,307
142675,325
142688,314
142701,315
142713,324
142726,316
142738,319
142750,327
142764,322
142776,340
142788,334
142800,335
142813,347
142825,350
142838,363
142851,362
142863,363
142875,365
142887,365
142901,366
142913,367
142925,367
142938,368
142950,369
142963,361
142976,373
142988,361
143000,361
143012,367
143025,358
143038,362
143050,371
143063,358
143075,378
143087,365
143100,365
143113,365
143125,367
143137,357
143150,373
143163,358
143175,362
143187,367
143200,351
143212,370
143224,346
143238,354
143250,358
143262,353
143275,352
143287,330
143300,331
143312,346
143325,345
143337,336
143349,355
143363,334
143375,340
143387,342
143399,332
143412,338
143424,329
143437,329
143450,342
143462,335
143474,321
143486,316
143500,293
143512,355
143524,325
143537,333
143549,322
143562,371
143575,313
143587,352
143599,306
143611,284
143624,275
143637,250
143649,266
143662,246
143674,280
143686,267
143699,290
143712,303
143724,300
143736,307
143749,291
143762,326
143774,315
143787,315
143799,335
143811,344
143823,333
143837,324
143849,347
143861,329
143874,336
143886,337
143899,334
143911,329
143924,332
143936,318
143948,331
143962,321
143974,316
143986,330
143998,318
144011,322
144023,331
144036,317
144049,331
144061,323
144073,319
144086,326
144099,316
144111,324
144123,322
144136,319
144148,328
144161,318
144174,314
144186,327
144198,316
144210,319
144223,323
144236,315
144248,326
144261,324
144273,316
144285,330
144299,321
144311,321
144323,325
144335,320
144348,327
144361,332
144373,333
144386,352
144398,346
144410,354
144422,363
144436,354
144448,362
144460,357
144473,349
144485,354
144498,345
144510,342
144523,347
144535,335
144547,345
144561,342
144573,333
144585,344
144598,339
144610,333
144622,345
144635,332
144648,339
144660,338
144672,329
144685,343
144698,330
144710,342
144722,341
144735,350
144747,357
144760,344
144773,349
144785,341
144797,344
144809,342
144822,344
144835,337
144847,338
144860,338
144872,329
144884,337
144898,329
144910,326
144922,334
144934,323
144947,322
144960,326
144972,316
144985,324
144997,322
145009,317
145021,326
145035,317
145047,318
145059,328
145072,315
145084,325
145097,321
145110,317
145122,328
145134,321
145146,318
145160,324
145172,322
145184,323
145197,325
145209,319
145221,332
145234,320
145247,322
145259,329
145271,325
145284,325
145297,327
145309,330
145321,331
145334,337
145346,330
145359,339
145372,331
145384,334
145396,330
145409,320
145421,333
145434,338
145446,327
145459,334
145471,324
145483,327
145497,335
145509,320
145521,331
145533,324
145546,324
145559,337
145571,323
145584,319
145596,338
145608,312
145620,330
145634,330
145646,320
145658,327
145671,328
145683,320
145696,322
145709,328
145721,324
145733,318
145745,325
145759,324
145771,329
145783,322
145796,335
145808,316
145820,327
145833,323
145846,318
145858,335
145870,318
145883,340
145896,332
145908,332
145921,339
145933,337
145945,337
145958,350
145971,340
145983,357
145995,359
146008,339
146020,339
146033,347
146045,341
146058,344
146070,316
146082,328
146096,321
146108,349
146120,323
146132,330
146145,324
146158,342
146170,331
146183,333
146195,329
146207,340
146220,330
146233,340
146245,326
146257,336
146270,326
146282,331
146295,337
146308,324
146320,321
146332,328
146344,319
146358,327
146370,325
146382,317
146395,328
146407,324
146419,315
146433,331
146445,316
146457,322
146469,323
146482,315
146495,329
146507,321
146520,315
146532,328
146544,320
146557,321
146570,326
146582,312
146594,329
146607,318
146619,307
146632,315
146644,290
146657,280
146669,274
146681,254
146695,266
146707,264
146719,262
146732,283
146744,283
146757,290
146769,305
146782,300
146794,317
146806,315
146819,317
146832,333
146844,328
146856,328
146869,337
146881,332
146894,335
146907,333
146919,322
146931,335
146944,326
146957,313
146969,308
146981,275
146994,272
147006,265
147018,254
147032,268
147044,268
147056,272
147068,292
147081,292
147094,304
147106,319
147119,320
147131,339
147143,343
147156,349
147169,368
147181,364
147193,370
147206,374
147218,367
147231,374
147244,373
147256,367
147268,378
147280,370
147294,369
147306,373
147318,368
147331,369
147343,371
147356,367
147368,377
147381,369
147393,369
147405,371
147418,362
147431,374
147443,374
147456,375
147468,376
147480,364
147493,362
147506,373
147518,362
147530,369
147543,369
147556,365
147568,374
147580,365
147593,363
147605,371
147617,361
147631,365
147643,372
147655,363
147667,379
147680,368
147693,364
147705,366
147718,363
147730,357
147742,352
147756,357
147768,352
147780,352
147792,357
147805,352
147817,346
147830,349
147843,356
147855,347
147867,351
147879,353
147893,332
147905,358
147917,331
147930,340
147942,335
147955,337
147968,334
147980,333
147992,321
148004,332
148017,334
148030,327
148042,348
148055,307
148067,324
148079,336
148092,374
148105,362
148117,364
148129,358
148142,390
148155,361
148167,374
148179,377
148192,361
148204,404
148216,384
148230,393
148242,370
148254,388
148267,378
148279,387
148292,385
148304,381
148317,356
148329,395
148341,339
148355,370
148367,372
148379,372
148391,344
148404,374
148416,359
148429,331
148442,385
148454,367
148466,365
148478,374
148492,370
148504,365
148516,350
148529,364
148541,356
148554,348
148567,346
148579,346
148591,349
148603,345
148616,335
148629,340
148641,334
148654,333
148666,347
148678,341
148691,330
148704,334
148716,331
148728,329
148741,323
148754,332
148766,311
148779,333
148791,314
148803,322
148815,317
148829,305
148841,317
148853,311
148866,306
148878,314
148891,304
148903,308
148916,309
148928,300
148940,311
148954,306
148966,303
148978,309
148990,304
149003,307
149015,310
149028,301
149041,312
149053,307
149065,302
149078,315
149091,306
149103,307
149115,313
149128,306
149140,316
149153,311
149166,306
149178,317
149190,311
149202,311
149215,316
149228,308
149240,317
149253,316
149265,309
149277,323
149291,316
149303,315
149315,324
149327,312
149340,320
149353,323
149365,315
149378,329
149390,321
149402,318
149414,325
149428,317
149440,323
149452,325
149465,319
149477,331
149490,324
149502,320
149515,329
149527,319
149539,324
149553,328
149565,315
149577,327
149590,325
149602,322
149614,330
149627,323
149640,326
149652,329
149664,319
149677,334
149690,327
149702,325
149714,339
149727,329
149739,331
149752,339
149765,326
149777,339
149789,332
149801,330
149814,340
149827,331
149839,331
149852,341
149864,324
149876,339
149890,337
149902,333
149914,336
149926,334
149939,323
149952,326
149964,287
149977,264
149989,248
150001,210
150013,220
150027,205
150039,201
150051,212
150064,210
150076,229
150089,227
150102,244
150114,259
150126,269
150138,271
150152,300
150164,296
150176,309
150189,320
150201,316
150213,338
150226,302
150239,337
150251,327
150263,340
150276,317
150289,350
150301,321
150313,353
150326,324
150338,357
150351,328
150364,352
150376,362
150388,348
150401,364
150413,358
150426,362
150438,339
150451,364
150463,350
150475,362
150489,370
150501,363
150513,364
150525,365
150538,372
150551,367
150563,373
150576,377
150588,376
150600,370
150612,365
150626,360
150638,353
150650,354
150663,350
150675,345
150688,355
150701,333
150713,348
150725,351
150737,332
150751,342
150763,351
150775,328
150788,347
150800,335
150812,339
150825,343
150838,328
150850,342
150862,332
150875,331
150888,337
150900,331
150913,332
150925,340
150937,327
150950,341
150963,331
150975,329
150987,342
151000,331
151012,330
151025,335
151037,325
151050,334
151062,332
151074,333
151088,334
151100,331
151112,328
151124,338
151137,330
151150,335
151162,336
151175,330
151187,335
151199,329
151212,321
151225,325
151237,304
151249,296
151262,270
151274,258
151287,266
151300,257
151312,263
151324,290
151336,288
151350,304
151362,320
151374,317
151387,338
151399,337
151411,332
151425,352
151437,342
151449,350
151461,351
151474,346
151487,356
151499,356
151512,349
151524,361
151536,354
151549,352
151562,358
151574,346
151586,357
151599,357
151611,350
151624,360
151636,351
151649,352
151661,356
151673,349
151687,357
151699,352
151711,345
151724,358
151736,347
151749,346
151761,355
151774,346
151786,354
151798,351
151811,344
151824,352
151836,346
151848,346
151861,353
151873,345
151886,351
151899,350
151911,345
151923,353
151936,349
151949,345
151961,355
151973,345
151986,349
151998,354
152010,344
152024,359
152036,351
152048,354
152060,354
152073,355
152086,352
152098,362
152111,353
152123,360
152135,354
152148,367
152161,357
152173,346
152185,342
152198,359
152210,352
152223,344
152236,346
152248,355
152260,353
152272,336
152286,347
152298,344
152310,351
152323,340
152335,351
152348,331
152360,353
152373,328
152385,356
152397,344
152410,359
152423,342
152435,353
152448,344
152460,347
152472,359
152485,340
152498,345
152510,344
152522,340
152535,350
152548,332
152560,341
152572,326
152585,329
152597,336
152609,347
152623,335
152635,338
152647,345
152659,342
152672,354
152685,350
152697,360
152710,346
152722,354
152734,352
152748,336
152760,342
152772,332
152784,325
152797,328
152809,323
152822,320
152835,327
152847,313
152859,321
152871,320
152885,301
152897,315
152909,318
152922,304
152934,311
152947,315
152960,289
152972,334
152984,285
152996,343
153009,311
153022,300
153034,341
153047,305
153059,321
153071,336
153084,324
153097,334
153109,312
153121,313
153134,318
153147,295
153159,302
153171,269
153184,232
153196,250
153208,224
153222,221
153234,241
153246,247
153259,265
153271,280
153284,281
153296,289
153309,320
153321,297
153333,343
153347,331
153359,322
153371,327
153383,346
153396,325
153408,344
153421,342
153434,366
153446,361
153458,329
153470,375
153484,344
153496,363
153508,352
153521,348
153533,370
153546,352
153559,334
153571,361
153583,356
153595,358
153608,351
153621,328
153633,372
153646,334
153658,336
153670,352
153683,331
153696,354
153708,343
153720,337
153733,329
153746,350
153758,321
153771,343
153783,326
153795,325
153807,340
153821,316
153833,346
153845,330
153858,327
153870,339
153883,330
153895,329
153908,331
153920,329
153932,334
153946,329
153958,324
153970,333
153982,325
153995,324
154007,327
154020,317
154033,330
154045,324
154057,321
154070,332
154083,325
154095,321
154107,333
154120,323
154132,328
154145,333
154158,325
154170,335
154182,329
154194,327
154207,334
154220,324
154232,325
154245,337
154257,324
154269,337
154283,332
154295,326
154307,338
154319,322
154332,340
154345,329
154357,322
154370,317
154382,307
154394,299
154406,319
154420,304
154432,313
154444,308
154457,298
154469,311
154482,302
154494,297
154507,298
154519,323
154531,298
154545,309
154557,290
154569,320
154582,304
154594,314
154606,324
154619,312
154632,315
154644,335
154656,307
154669,330
154682,328
154694,321
154706,329
154719,317
154731,310
154744,341
154757,326
154769,315
154781,315
154793,315
154806,334
154819,320
154831,323
154844,322
154856,328
154868,319
154882,328
154894,325
154906,333
154918,332
154931,327
154944,345
154956,336
154969,331
154981,336
154993,338
155005,356
155019,355
155031,342
155043,352
155056,340
155068,331
155081,330
155094,308
155106,305
155118,283
155130,245
155144,275
155156,266
155168,254
155181,281
155193,279
155205,317
155218,343
155231,345
155243,374
155255,394
155268,388
155281,424
155293,412
155305,420
155318,440
155330,410
155343,448
155356,411
155368,426
155380,423
155393,395
155405,419
155418,411
155430,399
155443,402
155455,394
155467,385
155481,399
155493,378
155505,384
155517,378
155530,369
155543,381
155555,365
155568,364
155580,368
155592,356
155604,360
155618,360
155630,353
155642,360
155655,349
155667,341
155680,353
155693,340
155705,344
155717,348
155729,336
155743,345
155755,341
155767,336
155780,345
155792,335
155804,339
155817,342
155830,331
155842,337
155854,337
155867,327
155880,340
155892,331
155905,332
155917,340
155929,326
155942,333
155955,332
155967,324
155979,334
155992,328
156004,326
156017,335
156029,326
156042,328
156054,328
156066,322
156080,332
156092,323
156104,324
156116,332
156129,324
156142,327
156154,327
156167,320
156179,328
156191,323
156204,320
156217,330
156229,323
156241,322
156254,325
156266,319
156279,323
156292,327
156304,316
156316,331
156328,320
156342,322
156354,328
156366,318
156379,326
156391,325
156403,317
156417,333
156429,323
156441,324
156453,332
156466,320
156479,333
156491,323
156504,323
156516,328
156528,328
156541,325
156554,336
156566,326
156578,318
156591,296
156603,261
156616,245
156628,234
156641,212
156653,230
156665,224
156679,233
156691,245
156703,256
156716,270
156728,260
156741,267
156753,300
156766,282
156778,302
156790,309
156803,313
156816,322
156828,316
156840,314
156853,327
156865,325
156878,333
156891,330
156903,315
156915,335
156928,328
156941,326
156953,344
156965,325
156978,335
156990,344
157002,326
157016,337
157028,335
157040,329
157052,346
157065,340
157078,320
157090,344
157103,335
157115,333
157127,343
157140,336
157153,334
157165,339
157177,337
157190,343
157202,316
157215,349
157228,344
157240,336
157252,356
157264,338
157278,339
157290,358
157302,351
157315,368
157327,363
157340,337
157352,361
157365,309
157377,301
157389,279
157402,267
157415,269
157427,288
157440,285
157452,286
157464,330
157477,306
157490,346
157502,346
157514,360
157527,367
157540,369
157552,371
157564,377
157577,364
157589,379
157601,373
157615,366
157627,369
157639,342
157651,335
157664,317
157677,299
157689,304
157702,291
157714,287
157726,307
157740,318
157752,334
157764,350
157776,354
157789,376
157801,373
157814,374
157827,385
157839,372
157851,382
157863,379
157877,374
157889,386
157901,376
157914,370
157926,379
157939,369
157952,372
157964,373
157976,363
157988,374
158001,366
158014,373
158026,387
158039,384
158051,388
158063,395
158076,382
158089,391
158101,382
158113,375
158126,386
158139,376
158151,374
158163,378
158176,366
158188,376
158200,372
158214,361
158226,373
158238,360
158251,361
158263,367
158276,364
158288,369
158301,368
158313,359
158325,369
158339,358
158351,353
158363,360
158375,351
158388,353
158400,353
158413,348
158426,354
158438,345
158450,341
158462,349
158476,340
158488,344
158500,347
158513,335
158525,344
158538,339
158551,332
158563,344
158575,331
158587,336
158600,340
158613,330
158625,338
158638,332
158650,326
158662,340
158675,327
158688,330
158700,332
158712,321
158725,329
158738,327
158750,318
158763,330
158775,323
158787,327
158799,324
158813,317
158825,288
158837,280
158850,256
158862,259
158875,260
158887,259
158900,262
158912,250
158924,259
158938,256
158950,245
158962,269
158974,276
158987,271
158999,299
159012,280
159025,299
159037,291
159049,291
159062,309
159075,294
159087,313
159099,297
159112,304
159124,292
159137,303
159150,306
159162,318
159174,314
159186,310
159199,319
159212,310
159224,319
159237,321
159249,315
159261,310
159275,334
159287,302
159299,325
159311,324
159324,315
159337,320
159349,322
159362,326
159374,319
159386,314
159398,329
159412,316
159424,318
159436,330
159449,322
159461,329
159474,325
159486,318
159499,324
159511,334
159523,328
159537,354
159549,337
159561,340
159574,353
159586,339
159598,348
159611,350
159624,343
159636,348
159648,347
159661,345
159674,344
159686,339
159698,351
159711,342
159723,326
159736,345
159749,328
159761,336
159773,342
159785,334
159798,342
159811,340
159823,326
159836,346
159848,322
159860,336
159874,338
159886,333
159898,335
159910,337
159923,331
159936,343
159948,328
159961,331
159973,337
159985,327
159997,339
160011,329
160023,327
160035,343
160048,330
160060,332
160073,338
160086,328
160098,338
160110,333
160122,328
160136,334
160148,334
160160,323
160173,333
160185,312
160197,339
160210,319
160223,318
160235,361
160247,256
160260,358
160273,378
160285,312
160297,371
160310,322
160322,368
160335,343
160348,336
160360,352
160372,343
160385,345
160397,340
160410,353
160422,334
160435,344
160447,345
160459,334
160473,346
160485,336
160497,335
160509,336
160522,332
160535,338
160547,333
160560,326
160572,341
160584,332
160596,328
160610,339
160622,324
160634,336
160647,334
160659,324
160672,336
160685,330
160697,326
160709,328
160721,309
160735,298
160747,283
160759,252
160772,259
160784,244
160796,248
160809,262
160822,267
160834,282
160846,302
160859,306
160872,331
160884,340
160897,345
160909,366
160921,365
160934,374
160947,385
160959,380
160971,400
160984,395
160996,394
161009,409
161021,401
161034,401
161046,403
161058,392
161072,400
161084,397
161096,386
161108,400
161121,379
161134,386
161146,401
161159,382
161171,391
161183,373
161196,379
161209,389
161221,370
161233,374
161246,376
161258,360
161271,378
161284,368
161296,358
161308,363
161320,369
161334,355
161346,378
161358,340
161371,367
161383,362
161395,348
161409,354
161421,357
161433,343
161445,346
161458,344
161471,333
161483,347
161496,332
161508,342
161520,338
161533,325
161546,338
161558,324
161570,328
161583,335
161595,323
161608,336
161620,329
161633,333
161645,337
161657,332
161671,337
161683,338
161695,322
161708,323
161720,319
161733,298
161745,297
161758,271
161770,254
161782,260
161795,232
161808,252
161820,242
161832,236
161845,277
161857,267
161870,275
161883,302
161895,309
161907,301
161920,337
161933,320
161945,349
161957,326
161970,337
161982,348
161994,334
162008,349
162020,343
162032,332
162044,356
162057,336
162070,338
162082,352
162095,333
162107,337
162119,341
162132,329
162145,345
162157,333
162169,329
162182,339
162194,331
162207,335
162220,334
162232,325
162244,336
162256,329
162270,326
162282,336
162294,328
162307,327
162319,332
162332,323
162344,335
162357,329
162369,323
162381,337
162394,328
162407,326
162419,333
162432,323
162444,328
162456,326
162469,317
162482,336
162494,325
162506,326
162519,333
162532,326
162544,332
162556,336
162569,326
162581,340
162593,329
162607,323
162619,337
162631,325
162643,330
162656,334
162669,327
162681,334
162694,330
162706,317
162718,326
162732,303
162744,300
162756,275
162768,250
162781,252
162793,246
162806,244
162819,271
162831,273
162843,285
162855,300
162869,298
162881,317
162893,318
162906,320
162918,338
162931,334
162944,338
162956,349
162968,339
162980,353
162993,348
163006,344
163018,355
163031,353
163043,345
163055,363
163068,349
163081,356
163093,356
163105,345
163118,364
163131,355
163143,348
163155,366
163168,350
163180,356
163192,353
163206,352
163218,362
163230,346
163243,351
163255,375
163268,347
163280,370
163293,356
163305,348
163317,364
163331,353
163343,339
163355,358
163367,342
163380,333
163392,351
163405,321
163418,339
163430,328
163442,327
163454,344
163468,320
163480,342
163492,346
163505,335
163517,336
163530,344
163543,335
163555,343
163567,350
163579,325
163592,348
163605,326
163617,346
163630,328
163642,343
163654,330
163667,347
163680,325
163692,329
163704,320
163717,309
163730,320
163742,315
163755,325
163767,314
163779,319
163791,330
163805,320
163817,320
163829,312
163842,295
163854,285
163867,261
163879,248
163892,258
163904,251
163916,248
163930,252
163942,315
163954,296
163966,273
163979,352
163991,335
164004,322
164017,355
164029,355
164041,342
164054,360
164067,360
164079,349
164091,367
164104,354
164116,350
164129,360
164142,353
164154,355
164166,352
164178,339
164191,361
164204,343
164216,345
164229,352
164241,330
164253,346
164267,338
164279,328
164291,339
164303,336
164316,330
164329,340
164341,332
164354,334
164366,335
164378,326
164390,338
164404,332
164416,328
164428,336
164441,326
164453,333
164466,340
164478,324
164491,346
164503,342
164515,342
164529,360
164541,337
164553,345
164566,336
164578,326
164590,347
164603,337
164616,332
164628,346
164640,329
164653,340
164666,333
164678,338
164690,329
164703,334
164715,325
164728,352
164741,319
164753,296
164765,314
164777,297
164790,293
164803,276
164815,283
164828,303
164840,275
164852,314
164866,337
164878,320
164890,348
164902,344
164915,309
164928,392
164940,335
164953,352
164965,354
164977,394
164989,355
165003,372
165015,348
165027,380
165040,359
165052,334
165065,379
165078,362
165090,375
165102,399
165114,329
165128,414
165140,374
165152,372
165165,373
165177,373
165189,374
165202,359
165215,365
165227,370
165239,359
165252,371
165265,383
165277,387
165289,387
165302,388
165314,389
165327,389
165340,390
165352,391
165364,392
165377,392
165389,392
165402,393
165414,394
165427,394
165439,395
165451,395
165465,396
165477,396
165489,397
165501,398
165514,398
165527,399
165539,400
165552,400
165564,401
165576,339
165588,330
165602,349
165614,322
165626,340
165639,339
165651,326
165664,326
165677,335
165689,305
165701,334
165713,306
165727,317
165739,317
165751,292
165764,340
165776,317
165788,305
165801,333
165814,337
165826,344
165838,330
165851,340
165864,348
165876,348
165889,334
165901,340
165913,318
165926,345
165939,319
165951,276
165963,256
165976,238
165988,215
166001,229
166013,217
166026,226
166038,229
166050,193
166064,269
166076,246
166088,236
166100,281
166113,255
166126,285
166138,287
166151,286
166163,305
166175,301
166188,302
166201,324
166213,317
166225,307
166238,314
166250,316
166263,317
166276,318
166288,320
166300,321
166312,322
166326,324
166338,325
166350,326
166363,328
166375,329
166387,330
166401,331
166413,332
166425,333
166437,335
166450,336
166463,337
166475,338
166488,339
166500,340
166512,341
166525,342
166538,348
166550,339
166562,340
166575,348
166587,338
166600,338
166612,344
166625,330
166637,343
166649,338
166663,336
166675,348
166687,330
166700,344
166712,341
166725,335
166737,350
166750,340
166762,337
166774,351
166787,341
166800,343
166812,347
166824,336
166837,350
166849,341
166862,337
166875,352
166887,339
166899,336
166912,349
166925,335
166937,344
166949,331
166962,310
166974,314
166986,284
167000,268
167012,262
167024,250
167036,265
167049,273
167062,272
167074,304
167087,302
167099,316
167111,327
167124,330
167137,346
167149,352
167161,352
167174,366
167186,358
167199,371
167212,379
167224,368
167236,377
167248,382
167262,369
167274,385
167286,374
167299,371
167311,382
167324,373
167336,375
167349,382
167361,368
167373,392
167386,377
167399,378
167411,389
167424,380
167436,393
167448,399
167461,381
167474,381
167486,391
167498,369
167511,397
167524,373
167536,368
167548,375
167561,373
167573,370
167585,370
167599,374
167611,380
167623,366
167635,372
167648,377
167661,359
167673,380
167686,362
167698,360
167710,378
167724,363
167736,357
167748,371
167760,352
167773,360
167785,357
167798,337
167811,354
167823,343
167835,337
167847,350
167861,319
167873,329
167885,331
167898,319
167910,331
167923,310
167936,307
167948,305
167960,255
167972,278
167985,307
167998,296
168010,311
168023,323
168035,316
168047,349
168060,347
168073,351
168085,361
168097,359
168110,373
168123,375
168135,361
168147,394
168160,372
168172,368
168184,388
168198,361
168210,364
168222,369
168235,339
168247,370
168260,344
168272,336
168285,353
168297,332
168309,343
168323,338
168335,316
168347,328
168359,303
168372,301
168384,320
168397,307
168410,313
168422,319
168434,303
168446,317
168460,318
168472,301
168484,316
168497,320
168509,315
168522,318
168535,299
168547,326
168559,319
168571,312
168584,321
168597,323
168609,310
168622,320
168634,316
168646,320
168659,316
168672,317
168684,320
168696,314
168709,309
168722,342
168734,309
168747,331
168759,331
168771,322
168783,342
168797,337
168809,329
168821,326
168834,335
168846,332
168859,322
168871,330
168884,354
168896,311
168908,342
168922,339
168934,327
168946,337
168958,337
168971,327
168983,336
168996,336
169009,324
169021,346
169033,323
169046,328
169059,327
169071,314
169083,328
169096,318
169108,315
169121,322
169134,312
169146,319
169158,314
169170,316
169183,320
169196,319
169208,306
169221,327
169233,316
169245,312
169259,327
169271,312
169283,323
169295,322
169308,308
169321,333
169333,318
169346,319
169358,331
169370,320
169382,338
169396,325
169408,331
169420,342
169433,341
169445,333
169458,367
169470,329
169483,356
169495,355
169507,341
169521,350
169533,350
169545,332
169558,343
169570,344
169582,346
169595,339
169608,332
169620,340
169632,340
169645,339
169658,350
169670,351
169682,352
169695,353
169707,353
169720,354
169733,355
169745,356
169757,357
169769,357
169782,358
169795,359
169807,360
169820,361
169832,362
169844,363
169858,364
169870,364
169882,365
169894,340
169907,321
169920,328
169932,320
169945,314
169957,337
169969,314
169981,320
169995,317
170007,323
170019,313
170032,326
170044,307
170057,327
170070,326
170082,331
170094,342
170106,330
170120,336
170132,356
170144,344
170157,351
170169,340
170181,335
170194,344
170207,334
170219,341
170231,333
170244,328
170257,342
170269,328
170281,334
170294,334
170306,335
170319,336
170332,333
170344,303
170356,334
170369,327
170381,309
170394,341
170406,312
170419,324
170431,345
170443,322
170457,351
170469,342
170481,334
170493,337
170506,343
170519,329
170531,343
170544,324
170556,337
170568,334
170580,318
170594,344
170606,329
170618,321
170631,339
170643,320
170656,328
170669,335
170681,318
170693,330
170705,328
170719,325
170731,334
170743,316
170756,330
170768,322
170780,321
170793,325
170806,324
170818,316
170830,330
170843,315
170856,322
170868,328
170881,312
170893,326
170905,321
170918,315
170931,328
170943,320
170955,314
170968,330
170980,312
170993,325
171005,322
171018,314
171030,328
171042,320
171056,318
171068,328
171080,314
171092,324
171105,323
171118,315
171130,330
171143,318
171155,317
171167,327
171180,318
171193,321
171205,326
171217,314
171230,328
171242,319
171255,320
171268,332
171280,318
171292,325
171304,330
171318,320
171330,332
171342,327
171355,322
171367,332
171379,325
171393,329
171405,330
171417,323
171429,332
171442,328
171455,325
171467,335
171480,327
171492,330
171504,337
171517,325
171530,336
171542,329
171554,330
171567,344
171579,331
171592,335
171604,341
171617,332
171629,353
171641,339
171655,334
171667,348
171679,346
171692,334
171704,356
171717,312
171729,324
171742,312
171754,339
171766,344
171779,349
171792,343
171804,375
171816,339
171829,359
171841,359
171854,360
171867,373
171879,335
171891,360
171904,340
171917,357
171929,355
171941,362
171954,360
171966,360
171978,354
171992,331
172004,377
172016,340
172028,337
172041,351
172054,338
172066,375
172079,334
172091,342
172103,355
172116,333
172129,342
172141,334
172153,339
172166,347
172178,342
172191,345
172204,359
172216,338
172228,347
172240,357
172254,343
172266,353
172278,350
172291,337
172303,346
172316,338
172328,333
172341,341
172353,327
172365,338
172378,331
172391,309
172403,340
172416,322
172428,317
172440,330
172453,315
172466,322
172478,322
172490,312
172503,324
172516,320
172528,310
172540,322
172553,311
172565,314
172577,321
172591,305
172603,322
172615,311
172627,310
172640,321
172653,308
172665,314
172678,319
172690,308
172702,323
172716,318
172728,309
172740,326
172752,317
172765,315
172777,325
172790,314
172803,323
172815,322
172827,313
172839,325
172853,322
172865,318
172877,325
172890,317
172902,323
172915,324
172928,317
172940,332
172952,319
172964,321
172977,331
172990,316
173002,324
173015,330
173027,318
173039,335
173052,326
173065,321
173077,337
173089,324
173102,326
173115,333
173127,322
173139,338
173152,325
173164,325
173176,338
173190,329
173202,332
173214,337
173227,327
173239,339
173252,332
173264,328
173277,339
173289,330
173301,331
173315,340
173327,327
173339,340
173351,332
173364,326
173376,345
173389,332
173402,333
173414,342
173426,328
173438,340
173452,336
173464,328
173476,344
173489,334
173501,333
173514,344
173527,334
173539,338
173551,336
173563,330
173576,338
173589,337
173601,330
173614,343
173626,331
173638,336
173651,342
173664,328
173676,347
173688,354
173701,346
173714,353
173726,330
173739,366
173751,348
173763,346
173775,355
173789,351
173801,342
173813,352
173826,330
173838,348
173851,342
173863,329
173876,343
173888,348
173900,331
173914,342
173926,345
173938,344
173950,336
173963,340
173975,348
173988,332
174001,339
174013,346
174025,328
174038,330
174051,344
174063,336
174075,331
174088,337
174100,320
174113,347
174126,329
174138,322
174150,342
174162,330
174175,324
174188,340
174200,325
174213,324
174225,342
174237,320
174251,352
174263,338
174275,343
174287,345
174300,337
174313,357
174325,345
174338,343
174350,354
174362,345
174374,343
174388,349
174400,336
174412,346
174425,339
174437,328
174450,347
174462,328
174475,333
174487,337
174499,315
174513,337
174525,329
174537,322
174550,329
174562,330
174574,324
174587,334
174600,317
174612,328
174624,327
174637,316
174650,326
174662,319
174674,317
174687,329
174699,320
174712,324
174725,325
174737,313
174749,326
174761,318
174774,317
174787,326
174799,316
174812,320
174824,323
174836,313
174850,326
174862,319
174874,315
174886,331
174899,311
174912,314
174924,296
174937,266
174949,263
174961,258
174973,253
174987,273
174999,272
175011,289
175024,306
175036,302
175049,320
175062,320
175074,320
175086,334
175098,328
175112,333
175124,341
175136,332
175149,343
175161,340
175173,336
175186,348
175199,343
175211,337
175223,354
175236,337
175249,348
175261,349
175273,339
175286,353
175298,342
175311,345
175324,354
175336,335
175348,348
175361,344
175373,337
175386,348
175398,343
175411,339
175423,348
175435,340
175449,344
175461,347
175473,337
175485,352
175498,342
175511,334
175523,350
175536,336
175548,340
175560,345
175572,336
175586,346
175598,343
175610,336
175623,348
175635,336
175648,340
175661,345
175673,335
175685,344
175697,338
175711,331
175723,347
175735,334
175748,339
175760,343
175772,332
175785,341
175798,338
175810,331
175822,342
175835,334
175848,332
175860,346
175873,329
175885,338
175897,339
175910,332
175923,344
175935,340
175947,333
175960,349
175972,330
175985,342
175997,345
176010,338
176022,347
176034,348
176048,347
176060,353
176072,344
176084,361
176097,341
176110,362
176122,319
176135,376
176147,317
176159,359
176172,316
176185,355
176197,360
176209,327
176222,345
176234,348
176247,329
176260,347
176272,337
176284,342
176296,342
176310,339
176322,333
176334,345
176347,326
176359,342
176371,338
176385,324
176397,347
176409,331
176421,331
176434,330
176447,328
176459,330
176472,324
176484,324
176496,345
176509,314
176522,332
176534,325
176546,316
176559,333
176571,327
176584,317
176596,334
176609,322
176621,333
176633,342
176647,335
176659,345
176671,347
176684,332
176696,362
176709,340
176721,361
176734,352
176746,349
176758,351
176771,345
176784,336
176796,347
176808,336
176821,335
176833,341
176846,332
176859,333
176871,328
176883,328
176896,337
176909,318
176921,331
176933,335
176946,316
176958,334
176970,325
176984,324
176996,330
177008,319
177020,324
177033,330
177046,321
177058,330
177071,317
177083,325
177095,327
177108,326
177121,324
177133,336
177145,318
177158,332
177170,330
177183,321
177196,337
177208,332
177220,326
177232,337
177246,328
177258,340
177270,339
177283,332
177295,340
177308,337
177320,333
177333,346
177345,334
177357,340
177370,347
177383,336
177395,350
177408,344
177420,342
177432,356
177445,343
177458,343
177470,351
177482,341
177495,350
177508,347
177520,340
177532,354
177545,347
177557,344
177569,356
177583,346
177595,351
177607,353
177619,342
177632,354
177645,350
177657,344
177670,356
177682,343
177694,351
177708,349
177720,339
177732,352
177744,346
177757,338
177769,352
177782,340
177795,341
177807,343
177819,332
177831,345
177845,335
177857,331
177869,343
177882,331
177894,332
177907,336
177920,324
177932,331
177944,328
177956,323
177969,333
177982,326
177994,324
178007,332
178019,315
178031,334
178044,322
178057,318
178069,331
178081,319
178094,320
178107,328
178119,314
178131,325
178144,328
178156,316
178168,331
178182,319
178194,318
178206,327
178219,314
178231,324
178244,324
178256,315
178269,331
178281,317
178293,318
178307,324
178319,317
178331,324
178343,327
178356,335
178368,331
178381,326
178394,330
178406,342
178418,329
178430,346
178444,338
178456,314
178468,340
178481,338
178493,331
178506,333
178519,317
178531,318
178543,349
178555,304
178568,351
178581,337
178593,322
178606,359
178618,325
178630,347
178643,339
178656,330
178668,353
178680,333
178693,331
178706,333
178718,338
178731,330
178743,344
178755,324
178767,332
178781,344
178793,327
178805,329
178818,325
178830,322
178843,326
178855,330
178868,319
178880,328
178892,325
178906,333
178918,333
178930,322
178942,341
178955,325
178967,330
178980,340
178993,334
179005,346
179017,331
179030,328
179043,333
179055,327
179067,325
179080,336
179092,316
179105,330
179118,322
179130,315
179142,326
179154,306
179167,319
179180,320
179192,309
179205,312
179217,313
179229,308
179243,319
179255,306
179267,314
179279,319
179292,304
179305,319
179317,311
179330,305
179342,317
179354,313
179366,309
179380,321
179392,309
179404,313
179417,314
179429,306
179442,321
179454,313
179467,310
179479,320
179491,312
179505,316
179517,324
179529,312
179542,329
179554,317
179566,317
179579,327
179592,318
179604,323
179616,328
179629,319
179642,329
179654,323
179666,318
179679,336
179691,319
179704,326
179717,328
179729,320
179741,329
179753,328
179766,322
179779,336
179791,326
179804,329
179816,333
179828,323
179842,334
179854,332
179866,325
179878,338
179891,330
179904,333
179916,340
179929,330
179941,340
179953,336
179965,329
179979,344
179991,336
180003,335
180016,345
180028,330
180041,341
180054,342
180066,331
180078,346
180090,335
180104,333
180116,343
180128,332
180141,339
180153,340
180165,330
180178,344
180191,334
180203,331
180215,346
180228,331
180241,336
180253,342
180265,330
180278,342
180290,337
180303,332
180316,346
180328,336
180340,338
180353,345
180365,331
180378,343
180390,335
180403,331
180415,345
180427,334
180441,338
180453,343
180465,334
180477,345
180490,337
180503,329
180515,344
180528,333
180540,336
180552,343
180564,336
180578,344
180590,342
180602,332
180615,344
180627,336
180640,334
180653,344
180665,333
180677,342
180689,339
180703,329
180715,344
180727,334
180740,335
180752,343
180764,331
180777,338
180790,332
180802,310
180814,314
180827,276
180840,296
180852,289
180865,296
180877,309
180889,304
180902,327
180915,330
180927,347
180939,315
180952,338
180964,353
180977,367
180989,338
181002,358
181014,362
181026,360
181040,356
181052,373
181064,350
181076,363
181089,365
181102,350
181114,376
181127,347
181139,350
181151,363
181164,353
181177,354
181189,352
181201,343
181214,351
181226,348
181239,333
181252,360
181264,339
181276,343
181288,353
181302,337
181314,342
181326,330
181339,347
181351,346
181363,355
181377,342
181389,357
181401,348
181413,349
181426,353
181439,344
181451,350
181464,357
181476,348
181488,360
181501,345
181514,341
181526,349
181538,332
181551,347
181563,334
181576,330
181588,337
181601,328
181613,330
181625,337
181639,315
181651,329
181663,324
181676,318
181688,330
181701,320
181713,319
181726,329
181738,317
181750,322
181763,320
181776,314
181788,325
181800,316
181813,318
181825,324
181838,309
181851,320
181863,318
181875,308
181888,326
181901,313
181913,313
181925,323
181938,306
181950,318
181962,315
181976,309
181988,323
182000,317
182012,312
182025,324
182038,315
182050,321
182063,323
182075,313
182087,326
182100,320
182113,312
182125,328
182137,318
182150,322
182162,326
182175,319
182188,331
182200,325
182212,318
182224,334
182238,322
182250,326
182262,333
182275,322
182287,332
182300,333
182312,325
182325,338
182337,328
182349,331
182362,337
182375,324
182387,333
182400,334
182412,321
182424,338
182437,327
182450,326
182462,337
182474,324
182487,332
182500,333
182512,324
182524,336
182537,333
182549,328
182561,339
182575,326
182587,332
182599,333
182611,325
182624,337
182637,330
182649,326
182662,338
182674,325
182686,330
182700,334
182712,325
182724,339
182736,330
182749,328
182761,340
182774,329
182787,334
182799,339
182811,330
182823,341
182837,337
182849,333
182861,349
182874,338
182886,342
182899,348
182912,338
182924,346
182936,343
182948,337
182961,352
182974,340
182986,342
182999,348
183011,336
183023,347
183036,344
183049,335
183061,352
183073,340
183086,338
183099,354
183111,338
183123,348
183136,341
183148,347
183160,351
183174,348
183186,354
183198,353
183211,346
183223,345
183236,351
183248,334
183261,349
183273,364
183285,337
183299,360
183311,344
183323,354
183335,365
183348,351
183360,348
183373,364
183386,350
183398,367
183410,354
183422,365
183436,361
183448,357
183460,361
183473,359
183485,357
183498,371
183511,352
183523,358
183535,372
183547,345
183560,358
183573,356
183585,346
183598,356
183610,356
183622,339
183635,361
183648,351
183660,363
183672,366
183685,362
183698,378
183710,369
183723,362
183735,372
183747,362
183759,372
183773,360
183785,352
183797,358
183810,352
183822,341
183835,350
183847,338
183860,336
183872,339
183884,325
183898,337
183910,326
183922,325
183934,333
183947,318
183959,318
183972,327
183985,313
183997,322
184009,315
184022,312
184035,321
184047,309
184059,310
184072,318
184084,308
184097,318
184110,311
184122,306
184134,317
184146,306
184159,307
184172,313
184184,302
184197,311
184209,309
184221,302
184235,316
184247,303
184259,306
184271,317
184284,301
184297,311
184309,313
184322,306
184334,318
184346,310
184358,309
184372,318
184384,310
184396,316
184409,316
184421,310
184434,320
184446,314
184459,311
184471,324
184483,314
184497,318
184509,323
184521,314
184534,327
184546,320
184558,315
184571,333
184584,320
184596,324
184608,330
184621,317
184634,331
184646,326
184658,322
184671,337
184683,331
184696,329
184709,339
184721,325
184733,335
184745,333
184758,325
184771,340
184783,331
184796,330
184808,340
184820,328
184834,336
184846,336
184858,325
184870,340
184883,329
184896,326
184908,336
184921,324
184933,332
184945,336
184957,328
184971,338
184983,330
184995,327
185008,339
185020,326
185033,333
185046,333
185058,326
185070,339
185082,330
185096,328
185108,343
185120,330
185133,333
185145,336
185157,327
185170,339
185183,333
185195,327
185207,337
185220,329
185233,332
185245,335
185257,326
185270,336
185282,330
185295,326
185308,341
185320,330
185332,325
185345,340
185357,323
185370,335
185382,332
185395,321
185407,340
185419,324
185433,331
185445,336
185457,332
185469,335
185482,330
185495,332
185507,337
185520,330
185532,322
185544,327
185556,328
185570,332
185582,337
185594,315
185607,337
185619,329
185632,323
185645,339
185657,331
185669,328
185681,351
185695,329
185707,338
185719,340
185732,331
185744,346
185756,321
185769,330
185782,340
185794,336
185806,348
185819,333
185832,334
185844,350
185857,331
185869,335
185881,338
185894,335
185907,330
185919,329
185931,329
185944,337
185956,329
185969,326
185981,336
185994,322
186006,332
186018,322
186032,322
186044,346
186056,319
186068,324
186081,329
186094,324
186106,324
186119,330
186131,320
186143,336
186156,335
186169,337
186181,348
186193,348
186206,351
186218,352
186231,344
186244,355
186256,337
186268,338
186280,340
186294,337
186306,326
186318,338
186331,323
186343,334
186355,332
186369,319
186381,334
186393,325
186405,325
186418,328
186431,316
186443,334
186456,322
186468,323
186480,333
186493,326
186506,324
186518,332
186530,320
186543,330
186555,324
186568,322
186580,334
186593,326
186605,320
186617,337
186631,318
186643,330
186655,328
186668,317
186680,336
186693,323
186705,325
186718,336
186730,321
186742,329
186755,329
186768,318
186780,335
186792,323
186805,324
186817,332
186830,327
186843,327
186855,332
186867,318
186880,336
186893,323
186905,318
186917,337
186930,321
186942,319
186954,345
186968,320
186980,333
186992,321
187004,322
187017,334
187030,326
187042,321
187055,366
187067,319
187079,331
187092,343
187105,321
187117,344
187129,337
187142,340
187154,346
187167,323
187180,347
187192,349
187204,333
187216,327
187230,353
187242,364
187254,352
187267,348
187279,334
187292,365
187304,336
187317,347
187329,353
187341,346
187354,334
187367,341
187379,348
187392,348
187404,345
187416,329
187429,356
187442,330
187454,351
187466,334
187479,342
187492,337
187504,333
187516,336
187529,342
187541,325
187553,342
187567,334
187579,334
187591,338
187603,329
187616,336
187629,335
187641,326
187654,340
187666,330
187678,328
187692,338
187704,321
187716,335
187728,328
187741,321
187753,335
187766,328
187779,328
187791,336
187803,330
187815,338
187829,333
187841,327
187853,336
187866,340
187878,327
187891,333
187904,330
187916,338
187928,340
187940,341
187953,342
187966,343
187978,344
187991,345
188003,346
188015,347
188028,348
188041,349
188053,350
188065,351
188078,352
188091,353
188103,354
188115,355
188128,356
188140,357
188152,358
188166,359
188178,360
188190,360
188203,361
188215,362
188228,363
188240,364
188253,365
188265,366
188277,367
188291,368
188303,368
188315,369
188327,370
188340,371
188352,325
188365,329
188378,323
188390,325
188402,329
188414,317
188428,337
188440,322
188452,349
188465,344
188477,343
188490,359
188503,353
188515,343
188527,361
188539,352
188552,355
188565,356
188577,344
188590,355
188602,344
188614,336
188627,350
188640,335
188652,336
188664,340
188677,325
188690,338
188702,331
188715,324
188727,325
188739,334
188751,315
188765,334
188777,320
188789,330
188802,330
188814,318
188827,331
188839,331
188852,318
188864,333
188876,324
188890,327
188902,328
188914,318
188926,338
188939,328
188951,316
188964,337
188977,316
188989,308
189001,302
189014,274
189027,279
189039,274
189051,276
189064,295
189076,294
189089,322
189102,324
189114,321
189126,339
189138,337
189151,336
189164,352
189176,337
189189,348
189201,354
189213,343
189227,358
189239,356
189251,354
189263,364
189276,358
189289,362
189301,367
189314,356
189326,367
189338,360
189350,359
189364,374
189376,358
189388,366
189401,371
189413,362
189426,366
189438,363
189451,360
189463,371
189475,357
189489,361
189501,372
189513,353
189526,362
189538,368
189550,353
189563,369
189576,359
189588,354
189600,366
189613,348
189626,358
189638,357
189650,347
189663,361
189675,349
189688,347
189701,355
189713,342
189725,348
189737,349
189750,336
189763,349
189775,340
189788,334
189800,344
189812,330
189826,334
189838,338
189850,324
189862,335
189875,328
189888,320
189900,336
189913,320
189925,320
189937,327
189949,315
189963,324
189975,318
189987,312
190000,322
190012,313
190025,316
190038,321
190050,308
190062,319
190074,318
190088,310
190100,323
190112,317
190125,328
190137,322
190149,331
190162,308
190175,336
190187,315
190199,335
190212,316
190225,311
190237,320
190249,314
190262,323
190274,313
190287,316
190300,324
190312,311
190324,305
190337,316
190349,312
190362,320
190374,306
190387,323
190399,320
190411,310
190425,312
190437,330
190449,311
190461,319
190474,320
190487,310
190499,326
190512,307
190524,316
190536,309
190548,324
190562,302
190574,316
190586,307
190599,317
190611,321
190624,308
190637,337
190649,305
190661,318
190673,321
190687,312
190699,326
190711,316
190724,318
190736,330
190748,332
190761,327
190774,350
190786,341
190798,351
190811,355
190824,340
190836,360
190849,361
190861,345
190873,364
190886,348
190899,343
190911,351
190923,335
190936,344
190948,334
190961,329
190973,340
190986,321
190998,335
191010,327
191024,316
191036,336
191048,331
191060,323
191073,326
191086,328
191098,324
191111,330
191123,324
191135,331
191148,326
191161,320
191173,332
191185,324
191198,324
191210,330
191223,318
191236,325
191248,324
191260,316
191272,333
191286,316
191298,322
191310,332
191323,320
191335,326
191347,325
191361,315
191373,332
191385,320
191397,317
191410,330
191423,317
191435,326
191448,327
191460,315
191472,331
191485,325
191498,324
191510,331
191522,325
191535,324
191547,337
191560,318
191572,338
191585,328
191597,321
191609,337
191623,328
191635,330
191647,335
191660,323
191672,341
191685,333
191697,324
191710,340
191722,328
191734,331
191747,336
191760,327
191772,337
191784,335
191797,328
191809,341
191822,334
191835,332
191847,340
191859,333
191872,339
191885,338
191897,332
191909,343
191922,334
191934,331
191946,341
191960,330
191972,338
191984,338
191996,329
192009,342
192022,335
192034,333
192047,343
192059,336
192071,338
192084,341
192097,330
192109,345
192121,336
192134,331
192146,348
192159,333
192172,344
192184,344
192196,337
192208,347
192222,345
192234,336
192246,352
192259,337
192271,340
192284,347
192296,335
192309,344
192321,340
192333,335
192346,351
192359,341
192371,340
192384,352
192396,341
192408,355
192421,349
192434,340
192446,362
192458,343
192471,348
192484,361
192496,332
192508,364
192521,325
192533,344
192545,342
192559,345
192571,343
192583,371
192595,316
192608,353
192621,339
192633,359
192646,345
192658,351
192670,351
192684,376
192696,342
192708,349
192720,366
192733,337
192745,356
192758,342
192771,351
192783,348
192795,352
192807,357
192821,356
192833,329
192845,348
192858,342
192870,333
192883,347
192896,324
192908,346
192920,338
192932,336
192945,342
192958,336
192970,324
192983,346
192995,333
193007,332
193020,339
193033,312
193045,299
193057,281
193070,259
193083,268
193095,273
193107,285
193120,310
193132,312
193144,320
193158,326
193170,316
193182,331
193195,329
193207,333
193220,350
193232,326
193245,341
193257,344
193269,336
193283,342
193295,341
193307,335
193319,353
193332,336
193344,338
193357,342
193370,332
193382,347
193394,329
193406,333
193420,346
193432,330
193444,330
193457,335
193469,323
193482,334
193495,323
193507,323
193519,334
193531,324
193544,321
193557,333
193569,317
193582,332
193594,328
193606,317
193619,333
193632,326
193644,323
193656,330
193669,320
193682,328
193694,330
193707,318
193719,330
193731,326
193743,320
193757,327
193769,319
193781,328
193794,328
193806,320
193819,336
193831,325
193844,323
193856,333
193868,330
193882,323
193894,336
193906,320
193918,333
193931,329
193943,320
193956,336
193969,328
193981,329
193993,333
194006,326
194019,335
194031,330
194043,324
194056,338
194068,326
194081,326
194094,339
194106,326
194118,332
194130,336
194143,325
194156,343
194168,334
194181,332
194193,344
194205,331
194219,338
194231,337
194243,331
194255,342
194268,336
194281,331
194293,344
194306,331
194318,335
194330,336
194342,327
194356,344
194368,334
194380,329
194393,346
194405,329
194418,334
194430,337
