timestamp,signal
0,325
10,327
20,332
30,333
40,341
51,334
62,345
72,334
82,347
93,336
103,346
113,334
123,344
135,331
145,336
155,313
165,308
176,282
187,275
197,264
207,269
218,269
228,282
238,290
249,302
260,313
270,318
280,332
290,329
302,343
312,338
322,354
332,345
343,361
354,351
364,365
374,354
385,365
395,358
405,366
416,360
427,367
437,360
447,366
457,362
468,364
479,363
489,363
499,363
509,360
520,364
531,354
541,367
551,353
562,367
572,358
583,367
593,355
604,365
614,353
624,366
634,352
646,360
656,353
666,360
676,352
687,357
698,355
708,351
718,356
729,352
739,354
749,348
760,352
771,345
781,351
791,342
801,349
813,339
823,348
833,337
843,348
854,337
864,346
875,335
885,344
896,336
906,342
916,339
927,338
937,340
948,337
958,341
968,333
979,343
990,335
1000,343
1010,334
1020,343
1032,332
1042,343
1052,330
1062,342
1073,329
1084,342
1094,329
1104,337
1115,331
1126,335
1136,334
1146,335
1157,336
1168,333
1178,339
1188,328
1199,337
1209,328
1220,339
1230,328
1241,339
1251,328
1262,339
1272,326
1283,338
1293,323
1304,336
1314,327
1325,336
1335,331
1345,333
1356,331
1367,332
1377,334
1387,328
1398,334
1409,327
1419,334
1429,324
1440,338
1451,328
1461,337
1471,325
1481,336
1492,325
1503,335
1513,326
1523,335
1534,326
1545,333
1555,331
1565,332
1575,333
1587,330
1597,334
1607,328
1617,336
1629,327
1639,336
1649,323
1659,337
1671,322
1681,336
1691,323
1701,334
1712,324
1723,335
1733,325
1743,333
1754,329
1765,332
1775,329
1785,331
1796,333
1807,329
1817,334
1827,324
1838,336
1848,327
1859,337
1869,326
1880,338
1890,325
1901,336
1911,325
1922,338
1932,329
1943,337
1953,329
1964,336
1974,332
1984,333
1995,332
2006,333
2016,335
2026,332
2037,340
2048,332
2058,340
2068,329
2078,341
2089,329
2100,339
2110,327
2120,336
2131,328
2142,338
2152,335
2162,349
2173,347
2184,352
2194,350
2204,351
2214,350
2226,348
2236,351
2246,348
2256,354
2268,345
2278,353
2288,344
2298,352
2310,341
2320,351
2330,341
2340,351
2351,340
2362,347
2372,340
2382,345
2393,341
2404,344
2414,342
2424,339
2435,340
2446,333
2456,335
2466,330
2477,339
2487,330
2498,338
2508,330
2519,340
2529,328
2540,339
2550,328
2561,339
2571,332
2582,338
2592,331
2603,335
2613,334
2623,332
2634,330
2644,326
2655,333
2665,327
2676,336
2686,327
2697,337
2707,328
2717,339
2728,326
2739,338
2749,327
2759,336
2770,328
2781,337
2791,329
2801,337
2812,332
2823,337
2833,336
2843,337
2853,337
2865,334
2875,340
2885,335
2895,342
2907,332
2917,343
2927,333
2937,345
2949,333
2959,343
2969,333
2979,342
2990,332
3001,339
3011,331
3021,331
3032,325
3043,323
3053,328
3063,328
3074,330
3085,326
3095,331
3105,324
3116,332
3126,322
3137,334
3147,321
3158,334
3168,323
3179,335
3189,324
3200,336
3210,330
3220,336
3231,332
3241,335
3252,336
3262,334
3273,335
3283,336
3294,340
3304,334
3315,340
3325,333
3336,343
3346,332
3356,342
3367,325
3378,319
3388,299
3398,308
3409,303
3420,316
3430,308
3440,318
3451,312
3462,313
3472,316
3482,316
3492,322
3504,316
3514,323
3524,317
3534,326
3546,317
3556,328
3566,314
3576,328
3588,317
3598,327
3608,322
3618,329
3629,321
3640,330
3650,325
3660,327
3671,326
3682,328
3692,330
3702,326
3713,330
3724,326
3734,332
3744,325
3755,334
3765,325
3776,334
3786,327
3796,336
3807,325
3818,338
3828,327
3838,336
3849,329
3859,335
3870,330
3880,335
3891,333
3901,334
3912,337
3922,334
3933,338
3943,332
3954,339
3964,332
3975,340
3985,332
3995,343
4006,330
4017,342
4027,331
4037,342
4048,331
4059,342
4069,333
4079,339
4090,335
4101,337
4111,338
4121,337
4131,341
4143,334
4153,341
4163,334
4173,343
4185,332
4195,342
4205,332
4215,341
4227,333
4237,342
4247,329
4257,338
4268,331
4279,335
4289,333
4299,333
4310,334
4321,332
4331,337
4341,332
4352,341
4362,333
4373,340
4383,331
49259,324
49270,330
49282,331
49293,328
49304,338
49316,325
49328,337
49339,330
49350,337
49361,333
49373,337
49385,347
49396,339
49408,359
49419,357
49430,367
49396,339
49408,359
49419,357
49430,367
49442,371
49454,370
49465,383
49476,375
49487,384
49499,376
49511,379
49522,376
49533,369
49545,377
49556,365
49567,374
49580,366
49591,364
49602,366
49613,344
49625,354
49636,342
49648,355
49659,351
49671,353
49682,352
49693,349
49704,359
49717,347
49728,359
49739,353
49751,350
49762,353
49773,346
49785,359
49797,345
49808,355
49819,347
49830,349
49843,349
49854,343
49865,356
49876,344
49888,351
49899,345
49911,343
49923,350
49934,341
49945,348
49956,336
49968,344
49980,339
49991,334
50002,341
50014,325
50025,341
50036,326
50049,335
50060,330
50071,326
50082,334
50094,322
50105,337
50117,327
50128,332
50140,331
50151,334
50162,347
50174,338
50186,353
50197,346
50208,345
50220,348
50231,342
50243,348
50254,335
50266,345
50277,334
50288,341
50299,342
50312,333
50323,344
50334,330
50345,338
50357,329
50368,333
50380,334
50392,325
50403,337
50414,327
50425,336
50437,331
50449,331
50460,331
50471,325
50483,340
50494,326
50505,333
50518,329
50529,330
50540,332
50551,323
50563,336
50575,327
50586,334
50597,330
50609,326
50620,333
50631,324
50643,335
50655,332
50666,335
50677,333
50689,331
50700,319
50712,288
50723,282
50735,263
50746,270
50757,265
50768,267
50781,274
50792,268
50803,282
50814,276
50826,283
50837,284
50849,282
50861,294
50872,291
50883,302
50894,301
50907,308
50918,309
50929,309
50940,319
50952,306
50963,329
50975,320
50987,321
50998,328
51009,319
51020,341
51032,328
51044,346
51055,337
51066,342
51078,339
51089,341
51100,351
51112,338
51124,351
51135,345
51146,345
51158,351
51169,341
51181,354
51192,343
51204,353
51215,347
51226,348
51237,349
51250,346
51261,353
51272,347
51283,357
51295,352
51307,354
51318,361
51330,355
51341,367
51352,355
51363,364
51376,359
51387,359
51398,365
51409,355
51421,369
51432,355
51444,363
51456,358
51467,356
51478,359
51489,352
51501,365
51513,350
51524,355
51535,350
51547,344
51558,343
51569,331
51581,328
51593,312
51604,303
51615,285
51627,270
51639,268
51650,256
51661,266
51673,262
51684,263
51695,268
51707,273
51719,296
51730,297
51741,320
51752,323
51764,338
51776,348
51787,351
51799,368
51810,367
51821,383
51832,382
51845,389
51856,397
51867,396
51878,410
51890,397
51901,408
51913,399
51924,398
51936,390
51947,387
51958,396
51970,384
51982,390
51993,381
52004,378
52016,378
52027,365
52039,376
52050,364
52062,373
52073,372
52084,380
52096,384
52108,375
52119,386
52130,374
52142,378
52153,371
52164,369
52176,372
52188,360
52199,369
52210,360
52221,363
52233,359
52245,354
52256,358
52268,347
52279,356
52290,346
52301,350
52314,348
52325,342
52336,347
52347,338
52359,348
52371,335
52382,340
52393,339
52405,332
52416,341
52427,329
52440,341
52451,329
52462,335
52473,333
52485,325
52496,337
52508,323
52519,334
52531,327
52542,332
52553,341
52564,338
52577,349
52588,339
52599,352
52611,342
52622,345
52633,347
52645,337
52657,348
52668,335
52679,343
52690,336
52702,338
52714,337
52725,328
52737,340
52748,330
52759,336
52771,331
52783,329
52794,334
52805,324
52816,335
52828,318
52840,327
52851,321
52862,321
52874,325
52885,316
52896,328
52909,317
52920,325
52931,322
52942,318
52954,322
52965,314
52977,328
52988,318
53000,322
53011,321
53022,317
53033,325
53046,314
53057,333
53068,320
53080,327
53091,328
53103,321
53114,329
53126,319
53137,330
53148,324
53159,327
53172,327
53183,321
53194,331
53206,320
53217,333
53228,322
53240,327
53252,327
53263,320
53274,309
53285,273
53297,258
53309,225
53320,208
53331,201
53343,197
53354,210
53365,202
53378,218
53389,218
53400,223
53411,237
53423,233
53434,253
53446,252
53457,268
53469,270
53480,275
53491,288
53504,287
53515,302
53526,294
53537,311
53549,309
53560,310
53572,316
53583,314
53595,324
53606,313
53617,326
53628,320
53641,318
53652,327
53663,320
53675,335
53686,327
53697,334
53709,332
53721,332
53732,338
53743,330
53754,343
53766,333
53778,340
53789,336
53800,332
53812,339
53823,331
53835,341
53847,330
53858,329
53869,321
53880,316
53892,317
53904,303
53915,303
53926,286
53938,281
53949,276
53960,270
53972,276
53984,270
53995,285
54006,284
54018,299
54029,317
54041,323
54052,349
54064,354
54075,374
54086,377
54097,388
54110,400
54121,396
54132,413
54144,406
54155,422
54166,417
54178,420
54190,425
54201,422
54212,428
54223,415
54236,421
54247,412
54258,410
54269,410
54281,399
54292,408
54304,394
54316,400
54327,392
54338,388
54349,393
54361,381
54373,389
54384,376
54395,382
54407,379
54418,373
54429,378
54441,365
54453,377
54464,365
54475,371
54487,366
54498,361
54510,366
54521,355
54533,365
54544,354
54555,360
54567,354
54579,352
54590,356
54601,346
54612,353
54624,343
54636,344
54647,344
54659,340
54670,345
54681,337
54692,346
54705,338
54716,339
54727,338
54738,332
54750,340
54761,329
54773,341
54785,335
54796,350
54807,357
54818,351
54830,358
54842,350
54853,356
54864,345
54876,347
54887,345
54898,340
54910,349
54922,339
54933,347
54944,338
54956,336
54968,339
54979,329
54990,341
55002,330
55013,338
55024,330
55036,329
55048,334
55059,322
55070,330
55081,322
55093,329
55105,326
55116,325
55128,330
55139,320
55150,334
55161,323
55174,330
55185,325
55196,324
55207,329
55219,319
55230,332
55242,320
55254,325
55265,323
55276,321
55287,328
55300,320
55311,332
55322,321
55333,328
55345,324
55356,322
55368,330
55379,318
55391,330
55402,321
55413,325
55425,326
55437,320
55448,329
55459,317
55471,330
55482,321
55493,326
55505,325
55517,320
55528,328
55539,319
55550,330
55562,323
55574,325
55585,325
55597,322
55608,330
55619,321
55630,332
55643,324
55654,326
55665,327
55676,321
55688,331
55700,321
55711,329
55723,323
55734,323
55745,318
55756,307
55769,319
55780,310
55791,323
55802,317
55814,317
55825,323
55837,314
55848,328
55860,319
55871,327
55882,323
55894,323
55906,327
55917,319
55928,332
55940,322
55951,329
55962,326
55974,322
55986,330
55997,321
56008,333
56019,322
56032,330
56043,326
56054,325
56066,330
56077,324
56088,339
56100,342
56112,351
56123,353
56134,347
56145,354
56157,341
56169,351
56180,345
56192,346
56203,346
56214,339
56225,349
56238,336
56249,349
56260,337
56271,340
56283,339
56294,333
56306,343
56317,336
56329,351
56340,349
56351,353
56363,353
56375,345
56386,355
56397,343
56409,351
56420,344
56432,345
56443,347
56455,340
56466,349
56477,337
56488,345
56501,338
56512,340
56523,342
56535,334
56546,343
56557,333
56569,341
56581,335
56592,336
56603,339
56614,331
56626,342
56638,332
56649,337
56660,336
56672,330
56683,332
56694,325
56707,338
56718,328
56729,336
56740,333
56752,330
56764,336
56775,328
56786,339
56798,332
56809,338
56820,335
56833,331
56844,338
56855,326
56866,340
56878,328
56889,333
56901,331
56912,329
56924,331
56935,319
56946,330
56957,322
56970,328
56981,327
56992,322
57004,330
57015,323
57026,334
57038,322
57050,328
57061,330
57072,322
57083,330
57095,323
57107,333
57118,327
57129,328
57141,328
57152,323
57164,336
57176,326
57187,334
57198,328
57209,329
57221,329
57233,302
57244,293
57255,271
57267,278
57278,278
57289,289
57302,296
57313,294
57324,309
57335,300
57347,311
57358,307
57370,309
57381,316
57393,307
57404,320
57415,312
57426,320
57439,317
57450,316
57461,324
57473,316
57484,329
57496,320
57507,328
57519,325
57530,324
57541,330
57552,322
57565,336
57576,327
57587,334
57598,330
57610,327
57621,335
57633,327
57645,338
57656,332
57667,338
57678,336
57690,332
57702,342
57713,333
57724,345
57736,339
57747,342
57758,341
57771,338
57782,344
57793,335
57804,345
57816,338
57827,339
57839,342
57850,337
57862,347
57873,336
57884,345
57896,338
57908,339
57919,340
57930,335
57942,343
57953,333
57965,344
57976,337
57988,338
57999,340
58010,331
58021,342
58034,330
58045,344
58056,337
58067,336
58079,342
58090,334
58102,346
58114,337
58125,344
58136,339
58147,339
58159,343
58171,337
58182,348
58193,339
58205,346
58216,344
58228,341
58240,346
58251,337
58262,347
58273,339
58285,344
58297,343
58308,338
58319,347
58331,336
58342,347
58353,338
58365,344
58377,342
58388,339
58399,346
58411,336
58422,348
58434,339
58445,342
58457,340
58468,335
58479,343
58490,333
58503,348
58514,336
58525,341
58536,336
58548,335
58559,341
58571,335
58583,340
58594,334
58605,338
58616,340
58629,334
58640,344
58651,332
58662,346
58674,339
58685,341
58697,344
58708,337
58720,350
58731,339
58742,349
58754,342
58766,340
58777,346
58788,337
58800,348
58811,337
58822,345
58834,337
58846,336
58857,337
58868,328
58880,338
58891,325
58903,331
58914,322
58926,314
58937,321
58948,311
58960,322
58972,311
58983,319
58994,312
59005,316
59017,321
59029,316
59040,326
59052,318
59063,326
59074,325
59085,323
59098,331
59109,322
59120,335
59131,328
59143,334
59154,332
59166,329
59177,338
59189,328
59200,342
59211,333
59223,340
59235,338
59246,334
59257,342
59269,336
59280,344
59291,335
59303,341
59315,340
59326,333
59337,342
59348,334
59361,343
59372,334
59383,337
59395,337
59406,332
59417,338
59429,331
59441,341
59452,331
59463,332
59474,333
59486,327
59498,338
59509,327
59521,337
59532,333
59543,334
59554,335
59567,328
59578,338
59589,328
59600,339
59612,335
59623,333
59635,336
59646,328
59658,341
59669,331
59680,337
59693,334
59704,335
59715,336
59726,330
59738,340
59749,333
59761,339
59772,335
59784,333
59795,340
59806,331
59817,342
59830,333
59841,337
59852,337
59864,333
59875,342
59886,331
59898,340
59910,333
59921,338
59932,338
59943,331
59955,341
59967,329
59978,343
59990,332
60001,334
60012,337
60023,331
60036,340
60047,328
60058,338
60069,330
60081,332
60093,333
60104,329
60115,339
60127,330
60138,342
60149,333
60162,336
60173,338
60184,331
60195,344
60207,334
60218,343
60230,337
60241,338
60253,342
60264,334
60275,345
60286,335
60299,342
60310,335
60321,326
60333,318
60344,299
60355,296
60367,273
60379,274
60390,258
60401,253
60412,259
60425,256
60436,274
60447,269
60459,283
60470,284
60481,288
60493,297
60505,293
60516,310
60527,303
60538,315
60550,314
60562,314
60573,328
60584,324
60596,339
60607,334
60618,342
60631,341
60642,341
60653,349
60664,341
60676,354
60687,342
60699,352
60710,346
60722,344
60733,347
60744,328
60755,328
60768,314
60779,302
60790,296
60802,284
60813,295
60825,282
60836,300
60848,293
60859,308
60870,316
60881,324
60894,349
60905,351
60916,379
60928,380
60939,392
60950,407
60962,403
60974,421
60985,419
60996,431
61007,424
61019,435
61031,431
61042,424
61053,430
61065,412
61076,418
61087,409
61100,407
61111,404
61122,396
61133,405
61145,396
61157,399
61168,393
61179,392
61191,393
61202,382
61213,395
61225,382
61237,387
61248,380
61259,376
61271,382
61282,368
61294,381
61305,369
61317,373
61328,368
61339,364
61350,369
61363,352
61374,367
61385,352
61396,356
61408,333
61419,321
61431,320
61443,316
61454,325
61465,315
61476,320
61488,320
61500,312
61511,321
61522,309
61534,318
61545,310
61557,319
61569,312
61580,311
61591,313
61602,311
61614,320
61626,315
61637,317
61648,319
61660,315
61671,329
61682,315
61694,324
61706,317
61717,317
61728,320
61740,314
61751,326
61763,315
61774,328
61786,320
61797,321
61808,323
61819,320
61832,327
61843,314
61854,327
61865,321
61877,325
61889,324
61900,318
61912,326
61923,320
61934,326
61945,323
61958,322
61969,326
61980,314
61991,331
62003,319
62014,324
62026,319
62038,317
62049,325
62060,316
62071,328
62083,318
62095,326
62106,321
62117,323
62129,331
62140,316
62151,329
62163,321
62175,327
62186,323
62197,324
62209,326
62220,321
62232,331
62243,321
62255,326
62266,325
62277,320
62289,331
62301,320
62312,331
62323,322
62334,324
62346,328
62358,320
62369,331
62381,321
62392,331
62403,325
62414,325
62427,328
62438,322
62449,333
62460,324
62472,332
62483,326
62495,324
62507,332
62518,323
62529,335
62540,324
62552,333
62564,329
62575,326
62586,329
62598,324
62609,335
62621,326
62632,331
62644,327
62655,327
62666,332
62678,323
62690,336
62701,321
62712,336
62724,332
62735,328
62746,336
62758,323
62770,340
62781,333
62792,345
62803,347
62815,344
62827,356
62838,348
62850,360
62861,351
62872,355
62883,361
62896,352
62907,359
62918,351
62929,361
62941,355
62952,355
62964,353
62976,345
62987,353
62998,345
63009,353
63022,343
63033,343
63044,339
63055,334
63067,345
63078,333
63090,342
63101,338
63113,342
63124,354
63135,348
63147,359
63159,351
63170,359
63181,351
63193,352
63204,350
63215,344
63227,350
63239,340
63250,351
63261,342
63272,340
63284,342
63296,334
63307,343
63319,334
63330,338
63341,336
63353,333
63365,335
63376,328
63387,340
63398,329
63410,336
63422,335
63433,334
63444,338
63456,327
63467,337
63478,327
63491,333
63502,331
63513,327
63524,335
63536,319
63547,333
63559,324
63570,327
63582,327
63593,321
63604,331
63616,325
63628,335
63639,325
63650,332
63662,328
63673,324
63684,330
63696,320
63708,330
63719,321
63730,324
63741,326
63754,317
63765,326
63776,316
63788,329
63799,318
63810,323
63822,322
63834,317
63845,325
63856,312
63867,323
63879,317
63891,318
63902,317
63913,314
63925,328
63936,313
63947,327
63960,322
63971,329
63982,332
63993,326
64005,335
64016,324
64028,337
64039,326
64051,327
64062,331
64073,323
64086,333
64097,324
64108,333
64119,327
64131,323
64142,331
64154,320
64165,333
64177,322
64188,329
64199,326
64210,324
64223,330
64234,321
64245,333
64257,321
64268,332
64279,325
64291,324
64303,332
64314,325
64325,338
64336,326
64348,335
64360,331
64371,335
64382,338
64394,331
64405,341
64416,333
64429,337
64440,333
64451,333
64462,343
64474,332
64486,342
64497,332
64508,336
64520,333
64531,329
64542,335
64555,317
64566,308
64577,287
64588,288
64600,291
64611,291
64623,309
64634,297
64646,313
64657,306
64668,311
64679,310
64692,309
64703,320
64714,310
64726,324
64737,312
64748,318
64760,321
64772,315
64783,331
64794,311
64805,332
64818,320
64829,324
64840,329
64851,320
64863,336
64874,323
64886,338
64898,330
64909,330
64920,340
64931,325
64943,341
64955,334
64966,334
64977,333
64989,338
65000,334
65011,322
65024,332
65035,324
65046,330
65057,327
65069,326
65080,339
65092,331
65103,350
65115,336
65126,344
65137,344
65148,341
65161,354
65172,342
65183,356
65195,344
65206,351
65218,344
65229,341
65241,355
65252,339
65263,353
65274,341
65287,342
65298,345
65309,339
65320,349
65332,337
65343,349
65355,339
65367,341
65378,342
65389,336
65400,349
65412,338
65424,348
65435,341
65446,341
65458,343
65469,335
65480,345
65492,332
65504,343
65515,331
65526,332
65538,337
65550,327
65561,340
65572,326
65584,339
65595,329
65606,329
65618,336
65630,325
65641,343
65652,328
65664,337
65675,334
65687,329
65698,337
65710,325
65721,340
65732,328
65743,336
65756,334
65767,332
65778,340
65789,329
65801,341
65812,328
65824,340
65836,337
65847,330
65858,343
65869,330
65881,342
65893,331
65904,337
65915,336
65927,333
65938,341
65950,328
65961,342
65973,332
65984,330
65995,340
66007,319
66019,356
66030,335
66041,350
66053,334
66064,340
66075,343
66087,333
66099,344
66110,331
66121,345
66132,333
66144,331
66156,340
66167,325
66179,350
66190,340
66201,357
66212,354
66225,348
66236,359
66247,343
66258,357
66270,341
66282,349
66293,344
66305,341
66316,346
66327,335
66338,347
66351,334
66362,344
66373,334
66384,334
66396,341
66407,328
66419,343
66430,330
66442,337
66453,333
66464,330
66476,335
66488,322
66499,336
66510,327
66522,335
66533,335
66544,350
66556,361
66568,350
66579,367
66590,351
66601,358
66613,352
66625,348
66636,356
66648,343
66659,356
66670,344
66682,348
66694,345
66705,337
66716,349
66727,337
66739,355
66751,345
66762,352
66774,351
66785,342
66796,354
66807,338
66820,350
66831,341
66842,343
66853,342
66865,333
66876,346
66888,331
66899,347
66911,334
66922,337
66933,342
66945,330
66957,348
66968,335
66979,347
66991,335
67002,334
67014,340
67025,325
67037,339
67048,315
67059,311
67070,300
67083,304
67094,308
67105,301
67117,316
67128,303
67139,316
67151,307
67163,309
67174,314
67185,304
67196,318
67208,306
67220,315
67231,311
67243,309
67254,316
67265,305
67276,325
67289,306
67300,317
67311,316
67322,310
67334,321
67345,311
67357,329
67368,314
67380,321
67391,322
67402,325
67415,345
67426,329
67437,348
67448,332
67460,339
67471,337
67483,330
67494,343
67506,329
67517,342
67528,332
67539,335
67552,332
67563,325
67574,340
67586,326
67597,338
67608,327
67620,331
67632,333
67643,326
67654,337
67665,326
67677,339
67689,330
67700,332
67712,336
67723,325
67734,336
67746,328
67758,339
67769,334
67780,332
67791,336
67803,327
67815,344
67826,324
67837,336
67849,334
67860,330
67871,338
67884,323
67895,341
67906,328
67917,333
67929,331
67940,328
67952,335
67963,323
67975,337
67986,326
67997,333
68008,328
68021,327
68032,335
68043,325
68055,339
68066,330
68077,335
68089,330
68101,328
68112,337
68123,325
68134,342
68147,326
68158,334
68169,331
68180,328
68192,341
68203,325
68215,338
68227,328
68238,334
68249,334
68260,326
68272,342
68284,326
68295,341
68306,331
68318,336
68329,333
68340,327
68353,340
68364,328
68375,331
68386,318
68398,321
68409,327
68421,317
68432,332
68444,324
68455,334
68466,327
68478,330
68490,332
68501,322
68512,341
68524,325
68535,336
68547,330
68558,329
68570,335
68581,326
68592,340
68603,326
68616,336
68627,332
68638,328
68649,336
68661,324
68672,340
68684,326
68696,337
68707,333
68718,328
68729,338
68741,327
68753,342
68764,328
68775,338
68787,332
68798,330
68809,336
68822,325
68833,342
68844,328
68855,336
68867,332
68879,330
68890,337
68901,329
68913,341
68924,331
68935,336
68947,334
68959,326
68970,341
68981,324
68993,340
69004,328
69016,331
69027,332
69039,325
69050,343
69061,326
69072,339
69085,332
69096,339
69107,337
69118,328
69130,343
69141,328
69153,343
69165,332
69176,336
69187,337
69198,333
69211,349
69222,336
69233,353
69244,345
69256,346
69267,348
69279,339
69291,356
69302,339
69313,349
69324,345
69336,340
69348,350
69359,334
69370,352
69382,335
69393,348
69404,343
69416,338
69428,325
69439,310
69450,326
69462,317
69473,327
69485,323
69496,322
69508,332
69519,318
69530,342
69541,324
69554,335
69565,335
69576,327
69587,339
69599,328
69611,344
69622,330
69634,339
69645,335
69656,333
69667,346
69680,339
69691,349
69702,335
69713,341
69725,336
69736,331
69748,343
69760,331
69771,344
69782,333
69793,338
69805,337
69817,330
69828,344
69839,330
69851,346
69862,334
69873,335
69885,338
69897,334
69908,343
69919,328
69931,341
69943,330
69954,327
69965,328
69977,318
69988,332
69999,318
70011,329
70023,322
70034,319
70045,326
70056,311
70068,334
70080,316
70091,331
70103,323
70114,324
70125,328
70136,320
70149,336
70160,322
70171,330
70182,332
70194,329
70205,337
70217,327
70228,332
70240,304
70251,301
70262,298
70274,296
70286,311
70297,308
70308,321
70320,314
70331,324
70343,325
70354,322
70366,335
70377,326
70388,341
70400,334
70412,339
70423,337
70434,335
70446,342
70457,334
70468,349
70480,338
70492,342
70503,342
70514,334
70525,349
70537,333
70549,348
70560,337
70572,340
70583,343
70594,334
70605,347
70618,333
70629,343
70640,337
70651,336
70663,338
70675,330
70686,344
70697,328
70709,341
70720,334
70731,335
70744,339
70755,331
70766,342
70777,334
70789,339
70800,338
70812,337
70823,342
70835,334
70846,345
70857,331
70868,340
70881,340
70892,332
70903,344
70915,333
70926,349
70937,334
70949,341
70961,337
70972,332
70983,343
70994,334
71006,345
71018,333
71029,340
71041,338
71052,331
71063,344
71075,332
71087,344
71098,337
71109,338
71120,340
71132,329
71144,350
71155,331
71166,336
71178,335
71189,339
71200,316
71213,307
71224,309
71235,361
71246,350
71258,297
71269,365
71281,328
71292,338
71304,344
71315,351
71326,330
71337,332
71350,346
71361,327
71372,338
71384,356
71395,318
71407,347
71418,322
71430,338
71441,329
71452,320
71463,332
71476,318
71487,344
71498,324
71510,327
71521,334
71532,322
71544,342
71556,325
71567,338
71578,334
71589,333
71601,339
71613,329
71624,343
71635,332
71647,342
71658,335
71669,332
71682,342
71693,329
71704,346
71715,332
71727,343
71738,340
71750,334
71761,345
71773,332
71784,348
71795,334
71808,342
71819,337
71830,332
71841,344
71853,335
71864,347
71876,335
71887,338
71899,336
71910,333
71921,341
71932,328
71945,339
71956,327
71967,332
71979,333
71990,325
72001,339
72013,323
72025,334
72036,325
72047,331
72058,331
72070,323
72082,335
72093,321
72104,338
72116,325
72127,327
72139,327
72151,320
72162,332
72173,319
72184,330
72196,321
72208,324
72219,329
72230,317
72242,334
72253,320
72264,332
72276,324
72288,327
72299,332
72310,321
72322,339
72333,326
72345,337
72356,333
72368,333
72379,340
72390,326
72401,346
72414,331
72425,343
72436,342
72448,335
72459,344
72470,332
72482,351
72494,336
72505,350
72516,353
72527,347
72540,357
72551,342
72562,359
72573,345
72585,351
72596,352
72608,344
72620,357
72631,343
72642,360
72653,348
72665,352
72677,350
72688,346
72699,359
72711,343
72722,359
72733,347
72745,351
72757,349
72768,342
72779,353
72791,341
72802,353
72814,341
72825,343
72837,345
72848,337
72859,352
72871,337
72883,348
72894,340
72905,340
72916,340
72928,330
72940,338
72951,319
72963,316
72974,283
72985,268
72996,261
73009,243
73020,264
73031,257
73042,276
73054,280
73065,285
73077,302
73089,299
73100,321
73111,313
73122,331
73134,330
73146,332
73157,339
73168,330
73180,345
73191,332
73202,335
73214,324
73226,300
73237,293
73248,271
73260,276
73272,267
73283,276
73294,281
73306,284
73317,296
73328,290
73340,310
73352,302
73363,315
73374,316
73385,316
73397,326
73409,316
73420,332
73432,322
73443,328
73454,328
73465,323
73478,338
73489,327
73500,344
73511,337
73523,343
73534,348
73546,341
73558,355
73569,340
73580,355
73591,346
73604,351
73615,352
73626,345
73637,358
73649,345
73660,358
73672,351
73683,350
73695,355
73706,346
73717,360
73729,345
73741,356
73752,346
73763,344
73775,348
73786,338
73797,350
73809,338
73821,347
73832,340
73843,340
73854,346
73866,333
73878,347
73889,335
73901,347
73912,340
73923,338
73934,347
73947,334
73958,348
73969,334
73980,344
73992,338
74004,337
74015,346
74027,330
74038,343
74049,324
74060,326
74073,307
74084,293
74095,290
74106,265
74118,276
74129,259
74141,264
74152,258
74164,256
74175,272
74186,262
74198,283
74210,279
74221,296
74232,307
74244,314
74255,339
74266,340
74278,363
74290,364
74301,379
74312,391
74323,390
74336,410
74347,401
74358,421
74370,408
74381,410
74392,407
74404,397
74416,406
74427,390
74438,403
74449,392
74461,395
74473,394
74484,381
74496,393
74507,379
74518,390
74529,384
74542,385
74553,385
74564,374
74575,387
74587,374
74598,380
74610,374
74621,372
74633,375
74644,362
74655,375
74667,360
74679,368
74690,363
74701,359
74713,366
74724,352
74736,366
74747,351
74759,359
74770,352
74781,345
74792,355
74805,339
74816,352
74827,342
74839,345
74850,341
74861,335
74873,344
74885,332
74896,343
74907,334
74918,335
74930,336
74942,329
74953,338
74964,327
74976,341
74987,329
74998,330
75011,332
75022,324
75033,335
75044,322
75056,335
75068,326
75079,324
75090,330
75102,320
75113,334
75124,319
75137,331
75148,323
75159,322
75170,330
75182,317
75193,329
75205,321
75216,330
75228,323
75239,323
75250,327
75261,316
75274,331
75285,319
75296,332
75308,324
75319,323
75330,329
75342,320
75354,334
75365,318
75376,329
75387,322
75399,323
75411,328
75422,317
75433,333
75445,317
75456,328
75468,320
75480,320
75491,330
75502,318
75513,333
75525,320
75537,329
75548,326
75559,320
75571,331
75582,318
75593,333
75606,319
75617,326
75628,322
75639,318
75651,329
75662,313
75674,325
75685,318
75697,324
75708,323
75719,323
75730,333
75743,318
75754,341
75765,317
75777,326
75788,330
75800,322
75811,334
75823,318
75834,335
75845,324
75856,329
75869,332
75880,323
75891,337
75902,324
75914,334
75925,325
75937,326
75949,329
75960,320
75971,331
75982,321
75994,335
76006,327
76017,327
76028,331
76040,325
76051,341
76062,332
76075,340
76086,332
76097,331
76108,338
76120,328
76131,343
76143,332
76154,342
76166,336
76177,332
76188,338
76200,328
76212,341
76223,331
76234,336
76246,330
76257,309
76269,337
76280,311
76292,346
76303,342
76314,332
76325,330
76338,325
76349,342
76360,325
76371,344
76383,331
76394,338
76406,337
76418,330
76429,343
76440,327
76451,342
76463,330
76475,336
76486,333
76497,327
76509,339
76520,327
76532,340
76544,329
76555,331
76566,333
76577,324
76589,338
76601,325
76612,338
76623,328
76635,327
76646,332
76657,323
76669,336
76681,322
76692,336
76703,326
76715,329
76726,333
76738,323
76749,340
76761,324
76772,335
76783,330
76794,325
76807,334
76818,323
76829,338
76840,325
76852,335
76863,328
76875,326
76887,332
76898,319
76909,337
76920,323
76933,334
76944,331
76955,327
76966,335
76978,321
76989,334
77001,320
77012,329
77024,324
77035,319
77046,327
77058,312
77070,321
77081,297
77092,291
77104,280
77115,264
77126,276
77138,261
77150,279
77161,272
77172,280
77184,289
77195,286
77207,310
77218,309
77230,332
77241,333
77252,354
77264,360
77276,366
77287,384
77298,378
77309,395
77321,387
77333,392
77344,392
77356,384
77367,395
77378,380
77389,393
77402,383
77413,379
77424,382
77435,372
77447,384
77458,365
77470,378
77481,369
77493,366
77504,370
77515,357
77527,370
77539,356
77550,363
77561,357
77573,356
77584,359
77595,347
77607,362
77619,348
77630,355
77641,353
77652,351
77665,355
77676,346
77687,363
77699,346
77710,354
77721,349
77733,344
77745,351
77756,337
77767,351
77778,339
77790,344
77802,334
77813,345
77825,354
77836,334
77847,349
77858,337
77871,340
77882,344
77893,332
77904,345
77916,330
77927,346
77939,328
77950,338
77962,332
77973,326
77984,338
77997,324
78008,335
78019,322
78030,334
78042,309
78053,296
78065,306
78076,295
78088,312
78099,303
78110,304
78121,312
78134,302
78145,319
78156,305
78168,318
78179,312
78190,307
78202,318
78214,314
78225,325
78236,311
78247,324
78259,316
78271,318
78282,322
78294,313
78305,328
78316,310
78327,327
78340,321
78351,318
78362,328
78373,315
78385,328
78397,315
78408,330
78419,324
78431,324
78442,331
78453,322
78466,332
78477,326
78488,334
78499,329
78511,322
78522,339
78534,319
78545,336
78557,325
78568,330
78579,330
78590,325
78603,339
78614,325
78625,339
78637,327
78648,331
78659,334
78671,319
78683,325
78694,313
78705,331
78716,316
78729,325
78740,320
78751,318
78763,330
78774,318
78785,334
78797,318
78809,332
78820,329
78831,325
78842,339
78854,325
78866,344
78877,335
78888,335
78900,341
78911,332
78922,346
78935,333
78946,352
78957,331
78968,335
78980,333
78991,306
79003,320
79014,310
79026,320
79037,312
79048,314
79059,323
79072,313
79083,328
79094,317
79106,328
79117,320
79129,320
79140,326
79152,315
79163,331
79174,318
79185,328
79198,325
79209,321
79220,329
79232,320
79243,337
79254,322
79266,330
79278,329
79289,322
79300,332
79311,320
79323,337
79335,326
79346,331
79357,324
79369,316
79380,330
79391,318
79404,336
79415,323
79426,328
79437,328
79449,324
79461,336
79472,319
79483,336
79495,326
79506,330
79517,333
79529,323
79541,336
79552,321
79563,336
79575,331
79586,334
79598,334
79609,328
79621,344
79632,327
79643,342
79654,332
79667,335
79678,339
79689,332
79700,347
79712,334
79723,347
79735,341
79747,341
79758,345
79769,336
79780,351
79792,338
79804,351
79815,341
79826,341
79838,349
79849,334
79861,346
79873,336
79884,349
79895,342
79906,345
79918,356
79930,349
79941,367
79952,359
79964,372
79975,365
79986,365
79998,369
80010,354
80021,366
80032,354
80044,360
80055,356
80067,351
80078,356
80090,342
80101,356
80112,344
80123,348
80136,345
80147,341
80158,351
80169,335
80181,354
80193,338
80204,344
80216,344
80227,338
80238,349
80249,341
80262,357
80273,351
80284,352
80295,353
80307,344
80318,360
80330,341
80342,360
80353,347
80364,350
80375,349
80387,339
80399,353
80410,339
80421,352
80433,342
80444,338
80455,344
80467,331
80479,343
80490,330
80501,344
80513,334
80524,335
80536,336
80547,328
80559,341
80570,329
80581,338
80593,331
80605,326
80616,333
80627,324
80638,338
80650,323
80662,333
80673,323
80685,321
80696,320
80707,310
80718,325
80731,311
80742,324
80753,319
80764,316
80776,327
80787,314
80799,329
80811,315
80822,325
80833,321
80844,319
80856,328
80868,315
80879,329
80890,320
80902,324
80913,326
80925,317
80936,331
80948,317
80959,331
80970,320
80982,324
80994,326
81005,320
81016,332
81028,316
81039,336
81050,322
81062,326
81074,331
81085,322
81096,340
81107,322
81119,337
81131,327
81142,330
81154,334
81165,323
81176,340
81187,323
81200,338
81211,331
81222,331
81233,335
81245,324
81256,341
81268,324
81280,337
81291,330
81302,328
81313,333
81326,325
81337,338
81348,325
81359,335
81371,330
81382,326
81394,335
81405,322
81417,341
81428,325
81439,337
81451,330
81463,325
81474,337
81485,324
81497,339
81508,329
81519,334
81531,331
81543,327
81554,338
81565,324
81576,341
81588,329
81600,333
81611,335
81623,325
81634,338
81645,323
81657,337
81669,328
81680,330
81691,333
81702,326
81714,340
81726,325
81737,342
81748,330
81760,334
81771,337
81782,326
81795,343
81806,319
81817,343
81828,315
81840,305
81851,322
81863,275
81874,328
81886,284
81897,339
81908,312
81920,334
81932,332
81943,326
81954,338
81966,333
81977,343
81988,338
82000,338
82012,341
82023,333
82034,351
82045,332
82058,339
82069,338
82080,334
82092,335
82103,333
82114,343
82126,329
82138,342
82149,332
82160,334
82171,340
82183,326
82195,343
82206,335
82217,341
82229,337
82240,334
82251,338
82264,334
82275,346
82286,333
82297,342
82309,330
82320,335
82332,338
82343,327
82355,346
82366,327
82377,339
82390,332
82401,332
82412,343
82423,335
82435,346
82446,333
82458,342
82469,342
82481,334
82492,351
82503,330
82514,353
82527,340
82538,344
82549,346
82561,337
82572,350
82583,336
82595,349
82607,340
82618,341
82629,341
82640,336
82652,345
82664,332
82675,345
82686,335
82698,338
82709,338
82720,329
82733,343
82744,330
82755,339
82766,329
82778,331
82790,332
82801,321
82812,334
82824,323
82835,330
82846,323
82859,322
82870,323
82881,315
82892,330
82904,323
82915,328
82927,330
82938,332
82950,341
82961,329
82972,349
82983,333
82996,344
83007,336
83018,331
83030,338
83041,342
83052,349
83064,340
83076,340
83087,339
83098,334
83109,342
83122,325
83133,342
83144,331
83155,335
83167,334
83178,328
83190,336
83202,326
83213,340
83224,328
83235,330
83247,333
83259,326
83270,338
83281,332
83293,344
83304,341
83315,340
83328,343
83339,334
83350,346
83361,335
83373,346
83384,338
83396,341
83407,342
83419,332
83430,346
83441,333
83452,345
83465,338
83476,338
83487,343
83499,336
83510,349
83522,333
83533,347
83545,336
83556,337
83567,341
83578,337
83591,355
83602,352
83613,360
83624,359
83636,355
83647,357
83659,346
83671,361
83682,351
83693,357
83704,348
83716,353
83728,357
83739,343
83750,361
83762,348
83773,352
83784,350
83796,350
83808,359
83819,344
83830,364
83842,348
83854,356
83865,353
83876,349
83888,357
83899,341
83910,357
83922,340
83934,345
83945,340
83956,338
83968,345
83979,331
83991,344
84002,329
84014,337
84025,333
84036,326
84047,336
84060,323
84071,343
84082,331
84093,339
84105,333
84116,331
84128,339
84140,328
84151,341
84162,333
84173,338
84185,338
84197,330
84208,343
84219,327
84231,341
84242,330
84254,332
84265,335
84277,328
84288,342
84299,330
84311,345
84323,334
84334,339
84345,338
84357,326
84368,340
84379,322
84391,331
84403,325
84414,328
84425,333
84436,324
84448,341
84460,329
84471,346
84483,335
84494,334
84505,339
84516,338
84529,345
84540,326
84551,345
84562,337
84574,339
84586,347
84597,332
84609,351
84620,331
84631,342
84642,337
84655,330
84666,341
84677,316
84688,332
84700,318
84711,326
84723,320
84734,317
84746,325
84757,312
84768,328
84780,320
84792,322
84803,322
84814,318
84826,328
84837,316
84848,334
84860,321
84872,322
84883,328
84894,323
84905,324
84917,313
84929,346
84940,325
84952,339
84963,323
84974,343
84986,340
84998,328
85009,341
85020,327
85031,335
85043,336
85055,326
85066,340
85078,324
85089,337
85100,328
85111,330
85124,329
85135,312
85146,304
85157,267
85169,264
85180,238
85192,225
85203,215
85215,203
85226,211
85237,203
85249,215
85261,213
85272,226
85283,238
85295,235
85306,263
85318,258
85329,273
85341,275
85352,278
85363,290
85374,281
85387,304
85398,292
85409,310
85421,305
85432,308
85443,321
85455,311
85467,333
85478,319
85489,331
85500,331
85512,330
85524,338
85535,330
85547,346
85558,334
85569,343
85580,346
85593,337
85604,351
85615,341
85626,352
85638,346
85649,352
85661,353
85672,344
85684,357
85695,351
85706,360
85719,359
85730,356
85741,361
85752,351
85764,365
85775,347
85787,361
85798,347
85810,353
85821,341
85832,337
85843,349
85856,334
85867,348
85878,330
85890,338
85901,335
85912,327
85924,337
85936,322
85947,340
85958,328
85969,333
85981,335
85993,321
86004,346
86016,324
86027,348
86038,333
86050,339
86062,342
86073,331
86084,347
86095,331
86107,345
86119,337
86130,335
86141,339
86153,329
86164,342
86175,318
86188,322
86199,303
86210,293
86221,294
86233,274
86244,281
86256,259
86267,265
86279,250
86290,253
86301,262
86312,255
86325,269
86336,260
86347,269
86359,265
86370,273
86381,286
86393,276
86405,297
86416,287
86427,289
86438,292
86451,288
86462,304
86473,291
86484,311
86496,308
86507,324
86519,335
86531,339
86542,367
86553,372
86564,402
86576,409
86588,422
86599,435
86610,428
86622,448
86633,435
86644,446
86657,434
86668,434
86679,436
86690,423
86702,436
86713,417
86725,427
86736,418
86748,414
86759,425
86770,410
86782,430
86794,417
86805,427
86816,423
86828,415
86839,419
86851,403
86862,414
86874,398
86885,403
86896,396
86907,394
86920,399
86931,381
86942,394
86953,376
86965,386
86976,368
86988,362
87000,363
87011,348
87022,357
87033,346
87045,354
87057,350
87068,344
87079,356
87091,342
87102,357
87113,344
87126,348
87137,348
87148,338
87159,348
87171,333
87183,349
87194,336
87205,338
87217,337
87228,326
87239,332
87251,314
87263,319
87274,307
87285,296
87297,293
87308,280
87320,291
87331,285
87343,307
87354,305
87365,317
87376,333
87389,330
87400,356
87411,349
87422,367
87434,360
87445,363
87457,375
87469,359
87480,376
87491,364
87502,369
87515,360
87526,361
87537,364
87548,352
87560,365
87571,351
87583,360
87595,353
87606,350
87617,354
87628,344
87640,363
87652,354
87663,364
87674,359
87686,355
87697,359
87708,347
87720,357
87732,345
87743,348
87754,342
87766,339
87777,344
87789,329
87800,344
87812,329
87823,338
87834,331
87845,329
87858,336
87869,324
87880,335
87891,324
87903,328
87915,324
87926,320
87938,328
87949,317
87960,327
87971,317
87984,320
87995,317
88006,312
88017,322
88029,309
88040,322
88052,311
88064,315
88075,313
88086,307
88097,321
88109,304
88121,321
88132,310
88143,312
88155,316
88166,309
88177,322
88189,307
88201,320
88212,311
88223,315
88235,317
88247,309
88258,325
88269,309
88281,321
88292,313
88303,312
88315,318
88327,308
88338,323
88349,308
88360,322
88372,312
88384,317
88395,320
88407,310
88418,326
88429,313
88440,321
88453,314
88464,315
88475,321
88486,311
88498,328
88509,314
88521,322
88532,323
88544,317
88555,327
88566,315
88578,330
88590,317
88601,326
88612,322
88624,320
88635,333
88647,322
88658,335
88670,322
88681,327
88692,328
88704,323
88716,334
88727,321
88738,336
88750,322
88761,329
88772,330
88784,324
88796,332
88807,324
88818,333
88829,325
88841,328
88853,328
88864,320
88876,332
88887,320
88898,332
88909,326
88922,324
88933,330
88944,320
88955,333
88967,321
88979,334
88990,329
89001,327
89013,330
89024,320
89035,336
89048,323
89059,333
89070,330
89081,328
89093,336
89104,326
89116,339
89127,326
89139,334
89150,330
89161,330
89172,335
89185,328
89196,340
89207,330
89219,337
89230,332
89241,335
89253,350
89265,348
89276,364
89287,355
89298,368
89310,365
89322,360
89333,374
89345,358
89356,369
89367,360
89379,361
89391,360
89402,356
89413,362
89424,349
89436,359
89448,345
89459,348
89470,348
89482,341
89493,349
89504,337
89517,352
89528,341
89539,352
89550,352
89562,343
89573,357
89585,344
89596,354
89608,341
89619,347
89630,345
89641,336
89654,348
89665,331
89676,348
89688,332
89699,343
89711,335
89722,343
89734,349
89745,331
89756,327
89767,302
89780,301
89791,308
89802,303
89814,318
89825,306
89836,320
89848,307
89860,312
89871,316
89882,304
89893,320
89905,308
89917,315
89928,308
89939,307
89951,315
89962,306
89973,319
89986,309
89997,316
90008,316
90019,309
90031,323
90042,310
90054,328
90065,316
90077,324
90088,320
90099,319
90112,328
90123,317
90134,332
90145,320
90157,328
90168,327
90180,326
90191,335
90203,324
90214,339
90225,328
90236,334
90249,334
90260,324
90271,336
90283,325
90294,339
90305,330
90317,336
90329,339
90340,330
90351,342
90362,331
90374,343
90386,331
90397,311
90408,294
90420,270
90431,264
90443,234
90455,246
90466,238
90477,246
90488,253
90500,251
90512,272
90523,262
90534,283
90546,277
90557,286
90568,295
90580,297
90592,313
90603,307
90614,323
90626,316
90637,321
90649,329
90660,322
90672,337
90683,326
90694,336
90705,334
90718,335
90729,342
90740,331
90752,347
90763,335
90774,342
90786,342
90798,340
90809,348
90820,338
90831,349
90844,334
90855,331
90866,326
90877,308
90889,315
90900,284
90912,294
90924,270
90935,274
90946,274
90957,276
90969,300
90981,294
90992,329
91003,325
91015,344
91026,348
91037,357
91049,376
91061,374
91072,394
91083,390
91095,401
91106,404
91118,403
91129,416
91141,405
91152,419
91163,412
91175,411
91187,411
91198,403
91209,412
91220,393
91232,401
91244,392
91255,391
91267,394
91278,383
91289,394
91300,377
91313,386
91324,378
91335,376
91346,378
91358,369
91369,378
91381,368
91393,373
91404,367
91415,364
91426,370
91438,356
91450,367
91461,356
91472,366
91484,355
91495,353
91506,361
91518,344
91530,359
91541,345
91552,352
91564,344
91576,344
91587,352
91598,338
91610,351
91621,337
91632,344
91644,339
91656,336
91667,346
91678,331
91689,345
91701,334
91713,341
91724,337
91736,332
91747,344
91758,332
91769,344
91782,334
91793,338
91804,337
91815,330
91827,343
91838,329
91850,345
91862,335
91873,338
91884,339
91895,334
91908,344
91919,328
91930,342
91941,330
91953,333
91964,334
91976,327
91987,338
91999,325
92010,338
92021,326
92033,328
92045,331
92056,322
92067,335
92079,322
92090,330
92101,322
92113,322
92125,325
92136,318
92147,332
92158,320
92170,329
92182,320
92193,318
92205,326
92216,316
92227,331
92238,318
92251,329
92262,321
92273,319
92284,329
92296,319
92308,336
92319,323
92331,331
92342,326
92353,323
92364,331
92377,320
92388,334
92399,321
92410,330
92422,324
92433,323
92445,331
92456,321
92468,334
92479,321
92490,327
92502,324
92514,321
92525,333
92536,319
92548,331
92559,323
92570,326
92582,324
92594,318
92605,330
92616,318
92627,332
92640,323
92651,326
92662,327
92674,319
92685,331
92696,318
92708,332
92720,322
92731,322
92742,328
92753,318
92765,333
92777,320
92788,331
92800,322
92811,322
92822,325
92833,316
92846,331
92857,319
92868,331
92879,325
92891,325
92902,330
92914,319
92925,335
92937,320
92948,331
92959,326
92971,323
92983,331
92994,320
93005,335
93017,323
93028,331
93040,325
93051,328
93063,335
93074,325
93085,339
93096,326
93109,337
93120,329
93131,327
93143,335
93154,325
93165,339
93177,327
93189,334
93200,331
93211,327
93222,337
93234,324
93246,341
93257,327
93268,335
93280,332
93291,330
93302,340
93315,327
93326,342
93337,328
93348,333
93360,333
93372,325
93383,337
93394,326
93406,340
93417,330
93428,334
93441,330
93452,327
93463,341
93474,328
93486,342
93497,330
93509,331
93520,334
93532,324
93543,339
93554,326
93565,341
93578,331
93589,332
93600,334
93612,325
93623,340
93634,327
93646,340
93658,332
93669,332
93680,338
93691,329
93703,343
93715,329
93726,339
93737,334
93749,331
93760,338
93772,328
93784,342
93795,331
93806,339
93817,334
93829,333
93841,340
93852,327
93863,343
93875,331
93886,339
93897,334
93910,333
93921,340
93932,328
93943,343
93955,329
93966,336
93978,334
93989,331
94001,339
94012,328
94023,341
94034,331
94047,338
94058,334
94069,330
94081,339
94092,327
94104,340
94115,328
94127,335
94138,330
94149,322
94160,330
94173,315
94184,317
94195,288
94206,276
94218,276
94229,273
94241,290
94253,287
94264,312
94275,314
94286,319
94298,332
94310,327
94321,342
94332,336
94344,346
94355,343
94366,340
94379,349
94390,340
94401,357
94412,342
94424,354
94435,348
94447,350
94458,353
94470,343
94481,356
94492,341
94504,354
94516,346
94527,346
94538,352
94550,339
94561,353
94573,338
94584,349
94596,341
94607,340
94618,348
94629,336
94642,352
94653,338
94664,345
94675,343
94687,338
94698,345
94710,334
94722,348
94733,335
94744,342
94755,339
94767,333
94779,343
94790,332
94801,346
94813,332
94824,338
94836,337
94848,332
94859,343
94870,330
94881,345
94893,335
94905,339
94916,336
94927,331
94939,343
94950,333
94961,335
94973,321
94985,316
94996,316
95007,310
95019,329
95030,319
95042,334
95053,323
95065,328
95076,330
95087,324
95098,340
95111,326
95122,337
95133,328
95144,329
95156,334
95167,326
95179,337
95191,327
95202,336
95213,331
95224,330
95237,335
95248,323
95259,341
95270,330
95282,339
95293,340
95305,338
95316,344
95328,336
95339,349
95350,335
95362,345
95374,339
95385,337
95396,344
95408,333
95419,347
95430,334
95442,343
95454,338
95465,335
95476,344
95488,330
95499,347
95511,332
95522,344
95534,337
95545,335
95556,345
95568,331
95580,346
95591,333
95602,341
95613,339
95625,334
95637,343
95648,332
95660,344
95671,331
95682,334
95693,334
95706,328
95717,338
95728,328
95739,333
95751,312
95762,305
95774,293
95785,271
95797,281
95808,264
95819,278
95831,276
95843,284
95854,296
95865,302
95877,324
95888,318
95899,334
95911,330
95923,336
95934,341
95945,336
95956,355
95969,335
95980,347
95991,343
96003,342
96014,350
96025,341
96037,355
96049,341
96060,352
96071,346
96082,344
96094,352
96106,340
96117,355
96129,342
96140,350
96151,344
96162,341
96175,347
96186,338
96197,353
96208,339
96220,347
96231,343
96243,339
96254,347
96266,335
96277,351
96288,339
96301,343
96312,340
96323,335
96334,347
96346,333
96357,348
96369,335
96380,341
96392,339
96403,334
96414,346
96425,333
96438,345
96449,333
96460,338
96472,338
96483,331
96494,344
96506,331
96518,344
96529,333
96540,338
96551,337
96563,330
96575,343
96586,330
96598,341
96609,333
96620,334
96631,339
96644,331
96655,343
96666,330
96677,339
96689,331
96701,331
96712,337
96723,328
96735,342
96746,328
96757,333
96770,327
96781,330
96792,336
96803,326
96815,341
96826,329
96838,337
96849,331
96861,331
96872,337
96883,328
96894,341
96907,328
96918,337
96929,332
96941,332
96952,339
96963,329
96975,343
96987,329
96998,337
97009,334
97020,330
97033,342
97044,330
97055,343
97067,333
97078,337
97089,336
97101,331
97113,338
97124,327
97135,342
97146,330
97158,336
97170,335
97181,330
97192,339
97204,328
97215,340
97226,332
97239,336
97250,335
97261,327
97272,340
97284,324
97295,336
97307,322
97318,325
97330,328
97341,319
97352,327
97363,304
97376,303
97387,285
97398,276
97410,274
97421,257
97433,283
97444,269
97456,270
97467,289
97478,282
97489,306
97502,290
97513,318
97524,306
97536,322
97547,325
97558,324
97570,342
97582,332
97593,353
97604,340
97615,353
97627,349
97639,345
97650,353
97661,343
97673,359
97684,346
97695,354
97708,349
97719,346
97730,355
97741,342
97753,359
97765,347
97776,353
97787,350
97799,345
97810,356
97821,350
97833,358
97845,355
97856,364
97867,366
97879,357
97890,367
97902,354
97913,362
97925,350
97936,354
97947,351
97958,342
97971,354
97982,337
97993,347
98004,331
98016,328
98027,311
98039,289
98051,289
98062,262
98073,268
98084,256
98096,261
98108,268
98119,271
98130,296
98142,296
98153,318
98165,325
98177,334
98188,347
98199,346
98210,365
98222,357
98234,369
98245,368
98256,363
98268,371
98279,363
98290,374
98302,361
98314,366
98325,364
98336,359
98348,366
98359,353
98371,369
98382,355
98394,365
98405,357
98416,358
98427,368
98440,358
98451,371
98462,358
98473,364
98485,360
98497,353
98508,364
98520,350
98531,361
98542,351
98553,355
98566,356
98577,347
98588,357
98599,345
98611,355
98622,347
98634,350
98646,347
98657,341
98668,353
98679,340
98691,349
98703,342
98714,342
98725,343
98737,335
98748,348
98759,338
98771,353
98783,346
98794,345
98805,353
98817,344
98828,357
98840,342
98851,352
98863,344
98874,345
98885,348
98897,339
98909,351
98920,336
98931,348
98942,337
98954,338
98966,342
98977,333
98989,347
99000,332
99011,342
99022,333
99035,333
99046,338
99057,329
99068,340
99080,328
99091,334
99103,328
99115,325
99126,335
99137,323
99148,337
99160,325
99172,331
99183,327
99194,322
99206,331
99217,320
99229,332
99240,323
99252,328
99263,326
99274,321
99286,332
99298,321
99309,328
99320,315
99332,310
99343,302
99354,296
99366,309
99378,301
99389,315
99400,310
99411,312
99423,317
99435,310
99446,323
99458,310
99469,324
99480,315
99491,320
99504,322
99515,314
99526,330
99537,316
99549,329
99560,321
99572,322
99584,308
99595,282
99606,284
99617,260
99630,269
99641,265
99652,274
99663,289
99675,282
99686,304
99698,295
99709,309
99721,305
99732,306
99743,315
99755,306
99767,322
99778,311
99789,322
99801,320
99812,316
99823,329
99835,316
99847,333
99858,321
99869,327
99880,326
99892,323
99904,337
99915,322
99927,341
99938,331
99949,336
99961,334
99973,332
99984,341
99995,328
100006,345
100019,335
100032,333
100044,345
100057,333
100069,340
100081,345
100094,328
100107,348
100119,332
100131,332
100144,346
100156,333
100169,342
100182,344
100194,331
100206,348
100218,338
100232,333
100244,345
100256,331
100269,342
100281,341
100294,328
100306,340
100319,320
100331,302
100343,307
100356,270
100369,274
100381,273
100393,270
100406,300
100418,305
100431,320
100444,350
100456,349
100468,369
100481,380
100494,376
100506,403
100518,397
100531,395
100543,412
100555,397
100569,401
100581,402
100593,385
100605,401
100618,387
100631,381
100643,393
100656,377
100668,383
100680,384
100694,366
100706,383
100718,372
100730,367
100743,382
100755,368
100768,371
100781,374
100793,358
100805,375
100817,364
100831,354
100843,371
100855,352
100868,356
100880,363
100893,342
100905,359
100918,347
100930,340
100942,347
100955,327
100968,332
100980,337
100993,325
101005,339
101017,329
101030,323
101043,339
101055,324
101067,329
101080,336
101093,318
101105,333
101117,321
101130,315
101142,334
101154,319
101168,321
101180,329
101192,314
101204,327
101217,322
101230,295
101242,296
101255,270
101267,270
101279,274
101293,258
101305,271
101317,269
101329,262
101342,289
101354,283
101367,289
101380,305
101392,293
101404,311
101416,310
101430,302
101442,324
101454,308
101467,313
101479,322
101492,310
101505,325
101517,320
101529,310
101541,333
101554,318
101567,318
101579,332
101592,316
101604,328
101616,325
101629,316
101642,336
101654,323
101666,325
101679,334
101692,320
101704,334
101716,328
101729,314
101741,325
101753,303
101767,296
101779,304
101791,283
101804,296
101816,300
101829,297
101841,317
101854,309
101866,311
101878,326
101892,314
101904,324
101916,326
101928,316
101941,335
101953,307
101966,296
101979,301
101991,282
102003,296
102016,304
102029,296
102041,317
102053,309
102066,308
102078,328
102091,313
102104,325
102116,326
102128,317
102140,335
102153,324
102166,322
102178,337
102191,320
102203,324
102215,316
102228,288
102241,296
102253,270
102265,261
102278,273
102291,260
102303,273
102316,284
102328,284
102340,309
102352,314
102366,318
102378,348
102390,338
102403,359
102415,368
102428,364
102440,388
102453,384
102465,388
102477,410
102491,399
102503,408
102515,415
102528,405
102540,420
102552,409
102565,409
102578,420
102590,404
102602,405
102615,406
102628,392
102640,408
102652,396
102665,388
102677,405
102690,385
102703,389
102715,392
102727,379
102739,395
102752,381
102765,375
102777,388
102790,370
102802,373
102814,379
102828,363
102840,374
102852,366
102864,356
102877,375
102890,350
102902,349
102915,350
102927,337
102939,352
102951,345
102965,339
102977,353
102989,339
103002,342
103014,349
103027,331
103040,349
103052,341
103064,333
103076,348
103090,334
103102,333
103114,342
103127,326
103139,338
103151,336
103164,329
103177,346
103189,330
103201,328
103214,340
103227,323
103239,333
103251,332
103264,318
103276,337
103289,327
103302,326
103314,336
103326,320
103339,329
103351,329
103364,317
103376,334
103389,323
103401,323
103413,332
103427,317
103439,329
103451,327
103463,316
103476,334
103489,321
103501,320
103514,333
103526,319
103538,326
103550,328
103564,319
103576,334
103588,323
103601,317
103613,332
103626,316
103639,324
103651,328
103663,316
103675,334
103689,324
103701,320
103713,333
103726,316
103738,321
103750,318
103763,304
103776,320
103788,304
103800,296
103813,307
103826,288
103838,296
103851,299
103863,284
103875,305
103888,286
103901,276
103913,281
103925,254
103938,261
103950,260
103963,248
103975,271
103988,273
104000,268
104012,293
104026,287
104038,298
104050,307
104062,298
104075,327
104088,321
104100,323
104113,348
104125,335
104137,347
104150,353
104163,338
104175,353
104187,341
104200,334
104212,350
104225,341
104238,347
104250,351
104262,340
104274,358
104288,345
104300,341
104312,357
104325,344
104337,350
104349,354
104363,344
104375,354
104387,348
104399,335
104412,358
104425,339
104437,344
104450,351
104462,333
104474,352
104487,341
104500,329
104512,349
104524,326
104537,326
104549,320
104562,291
104574,296
104587,284
104599,274
104611,303
104625,297
104637,317
104649,339
104662,339
104674,365
104687,368
104699,369
104712,393
104724,383
104736,388
104749,400
104762,381
104774,393
104786,386
104799,371
104811,389
104824,370
104837,368
104849,379
104861,360
104873,372
104887,368
104899,357
104911,376
104924,359
104936,357
104948,366
104962,352
104974,366
104986,375
104998,365
105011,389
105024,371
105036,372
105049,380
105061,361
105073,371
105086,366
105099,354
105111,370
105123,356
105136,351
105148,362
105161,344
105174,354
105186,354
105198,335
105210,357
105224,341
105236,340
105248,349
105261,330
105273,344
105286,345
105298,330
105311,349
105323,334
105335,331
105348,346
105361,326
105373,337
105385,337
105398,323
105410,342
105423,328
105436,322
105448,339
105460,320
105473,330
105486,330
105498,317
105510,335
105523,324
105535,321
105547,337
105561,320
105573,328
105585,329
105597,313
105610,332
105623,323
105635,319
105648,336
105660,318
105672,325
105686,329
105698,313
105710,331
105722,324
105735,315
105747,332
105760,321
105773,326
105785,328
105797,318
105809,333
105823,327
105835,316
105847,338
105860,318
105872,325
105885,333
105897,315
105910,330
105922,320
105934,312
105947,333
105960,316
105972,315
105985,326
105997,307
106009,325
106022,317
106035,305
106047,329
106059,311
106072,318
106085,323
106097,313
106109,327
106122,323
106134,315
106146,339
106160,321
106172,328
106184,333
106196,318
106209,334
106222,326
106234,316
106247,335
106259,321
106271,321
106285,335
106297,315
106309,333
106321,328
106334,318
106346,339
106359,321
106372,324
106384,332
106396,319
106408,334
106422,332
106434,317
106446,341
106459,324
106471,325
106484,338
106497,319
106509,339
106521,332
106533,324
106546,344
106559,330
106571,331
106584,341
106596,324
106608,323
106621,298
106634,268
106646,274
106658,245
106671,235
106684,242
106696,217
106708,229
106721,230
106733,221
106745,248
106759,245
106771,258
106783,281
106796,274
106808,296
106821,302
106833,295
106846,322
106858,317
106870,319
106884,340
106896,327
106908,344
106920,350
106933,338
106945,358
106958,347
106971,344
106983,367
106995,344
107008,359
107021,362
107033,355
107045,374
107058,358
107070,358
107083,375
107096,355
107108,364
107120,369
107132,349
107145,381
107158,368
107170,362
107183,380
107195,362
107207,367
107220,372
107233,357
107245,375
107257,366
107270,356
107283,373
107295,355
107308,361
107320,366
107332,351
107344,369
107358,356
107370,349
107382,368
107395,348
107407,352
107420,358
107432,342
107445,357
107457,353
107469,341
107483,361
107495,345
107507,346
107520,353
107532,341
107544,353
107557,346
107570,336
107582,357
107594,343
107607,342
107620,351
107632,335
107644,350
107657,346
107669,333
107682,351
107695,335
107707,336
107719,348
107731,327
107744,345
107757,334
107769,319
107782,337
107794,320
107806,313
107820,325
107832,305
107844,325
107856,314
107869,308
107882,335
107894,315
107907,320
107919,334
107931,320
107943,334
107957,336
107969,325
107981,349
107994,336
108006,337
108019,349
108032,336
108044,345
108056,346
108068,331
108082,353
108094,337
108106,336
108119,349
108131,328
108143,344
108156,338
108169,328
108181,346
108193,337
108206,333
108219,355
108231,336
108243,351
108256,353
108268,335
108281,361
108294,343
108306,341
108318,354
108331,338
108343,346
108356,347
108368,333
108381,353
108393,340
108405,334
108419,352
108431,333
108443,341
108455,344
108468,330
108481,350
108493,337
108506,333
108518,349
108530,331
108542,339
108556,340
108568,327
108580,346
108593,335
108605,329
108618,346
108631,329
108643,337
108655,341
108667,323
108681,340
108693,331
108705,325
108718,346
108730,326
108742,335
108755,340
108768,324
108780,341
108792,333
108805,325
108818,346
108830,329
108843,332
108855,342
108867,324
108880,340
108893,335
108905,322
108917,344
108930,327
108942,329
108955,337
108967,321
108980,339
108992,330
109004,321
109018,341
109030,327
109042,327
109054,336
109067,320
109080,323
109092,307
109105,284
109117,307
109129,295
109142,301
109155,315
109167,301
109179,320
109192,317
109204,309
109217,333
109230,318
109242,316
109254,329
109266,313
109280,329
109292,329
109304,318
109317,339
109329,326
109341,321
109355,328
109367,296
109379,295
109391,282
109404,270
109417,286
109429,272
109442,268
109454,297
109466,282
109479,302
109492,304
109504,292
109516,314
109529,304
109541,299
109554,320
109566,299
109579,312
109591,314
109603,303
109617,322
109629,317
109641,315
109654,324
109666,304
109679,319
109691,297
109704,292
109716,313
109728,304
109741,299
109754,317
109766,301
109778,303
109791,292
109803,264
109816,273
109829,254
109841,248
109853,265
109865,251
109879,259
109891,270
109903,258
109916,279
109928,275
109940,273
109954,296
109966,284
109978,296
109990,305
110003,296
110016,320
110028,320
110041,317
110053,353
110065,344
110078,367
110091,381
110103,378
110115,405
110128,396
110140,367
110153,431
110166,438
110178,454
110190,468
110202,420
110216,486
110228,439
110240,430
110253,460
110265,432
110278,432
110290,433
110303,406
110315,425
110327,399
110340,404
110353,407
110365,401
110377,405
110390,405
110402,408
110415,405
110428,374
110440,406
110452,384
110465,378
110478,392
110490,380
110502,373
110515,397
110527,368
110539,379
110553,363
110565,373
110577,363
110589,367
110602,367
110615,354
110627,357
110640,352
110652,358
110664,361
110678,347
110690,362
110702,350
110714,356
110727,352
110739,353
110752,339
110765,340
110777,350
110789,338
110801,346
110815,342
110827,356
110839,337
110852,350
110864,347
110877,342
110889,351
110902,348
110914,338
110926,342
110939,331
110952,347
110964,336
110977,333
110989,342
111001,328
111014,331
111027,326
111039,316
111051,337
111064,318
111077,327
111089,342
111101,322
111114,327
111126,338
111138,321
111152,332
111164,332
111176,316
111188,333
111201,318
111214,318
111226,325
111239,316
111251,320
111263,317
111277,288
111289,276
111301,230
111313,218
111326,203
111338,188
111351,198
111364,199
111376,193
111388,214
111400,220
111414,225
111426,244
111438,240
111451,254
111463,256
111476,254
111489,275
111501,270
111513,282
111525,295
111538,290
111551,305
111563,307
111576,300
111588,319
111600,315
111613,313
111626,325
111638,315
111650,328
111663,326
111676,323
111688,323
111700,312
111713,308
111725,317
111737,311
111751,322
111763,324
111775,318
111788,333
111800,328
111813,327
111825,338
111838,330
111850,340
111862,341
111876,328
111888,343
111900,328
111912,323
111925,328
111937,302
111950,303
111963,291
111975,278
111987,287
112000,278
112013,278
112025,290
112037,282
112050,293
112062,291
112075,279
112088,299
112100,292
112112,293
112124,312
112137,308
112150,328
112162,337
112175,346
112187,368
112199,370
112212,377
112225,399
112237,398
112249,409
112262,419
112275,414
112287,435
112300,432
112312,428
112324,442
112336,436
112350,437
112362,442
112374,430
112387,442
112399,434
112412,426
112424,438
112437,421
112449,419
112461,418
112475,404
112487,414
112499,409
112512,403
112524,424
112536,417
112549,422
112562,424
112574,411
112586,420
112599,408
112612,398
112624,408
112636,392
112649,393
112661,395
112674,377
112687,387
112699,376
112711,368
112723,378
112736,363
112749,361
112761,366
112774,354
112786,361
112798,355
112812,346
112824,358
112836,344
112848,345
112861,350
112874,334
112886,344
112899,338
112911,329
112923,341
112935,330
112949,328
112961,336
112973,325
112986,332
112998,326
113011,306
113024,293
113036,270
113048,274
113060,284
113074,277
113086,286
113098,288
113111,280
113123,296
113135,289
113148,288
113161,299
113173,288
113185,296
113198,295
113211,288
113223,302
113235,294
113248,294
113260,308
113273,298
113286,307
113298,308
113310,301
113323,312
113335,306
113348,304
113360,319
113373,305
113385,312
113397,314
113411,305
113423,320
113435,312
113447,308
113460,321
113473,309
113485,318
113498,321
113510,310
113522,325
113534,318
113548,314
113560,328
113572,318
113585,324
113597,327
113610,318
113623,331
113635,323
113647,318
113659,332
113673,320
113685,323
113697,330
113710,319
113722,333
113734,326
113747,319
113760,335
113772,325
113784,326
113797,331
113810,318
113822,331
113835,327
113847,321
113859,335
113872,325
113885,322
113897,326
113909,298
113922,289
113934,280
113947,266
113959,286
113972,287
113984,300
113996,319
114010,314
114022,331
114034,333
114046,329
114059,347
114072,338
114084,342
114097,352
114109,343
114121,354
114134,352
114147,344
114159,356
114171,347
114184,346
114196,356
114209,344
114222,352
114234,350
114246,339
114258,350
114272,340
114284,341
114296,351
114309,340
114321,349
114333,346
114347,338
114359,353
114371,343
114383,342
114396,353
114409,340
114421,347
114434,346
114446,338
114458,352
114471,343
114484,340
114496,350
114508,338
114521,341
114533,342
114546,332
114558,345
114571,338
114583,334
114595,345
114609,332
114621,339
114633,339
114646,329
114658,343
114671,334
114683,336
114696,351
114708,339
114720,343
114733,345
114746,333
114758,347
114770,340
114783,332
114795,346
114808,332
114821,341
114833,343
114845,330
114857,345
114871,338
114883,334
114895,346
114908,336
114920,336
114932,343
114946,329
114958,344
114970,340
114982,333
114995,344
115008,338
115020,337
115033,342
115045,329
115057,340
115070,336
115083,328
115095,342
115107,329
115120,333
115132,342
115145,331
115158,343
115170,339
115182,330
115194,345
115208,334
115220,332
115232,340
115245,327
115257,339
115270,336
115282,327
115295,341
115307,330
115319,328
115332,340
115345,327
115357,336
115369,333
115382,321
115394,337
115407,328
115420,328
115432,338
115444,330
115457,335
115470,337
115482,328
115494,340
115507,330
115519,331
115531,338
115545,327
115557,334
115569,334
115581,325
115594,338
115607,329
115619,324
115632,337
115644,324
115656,332
115670,331
115682,324
115694,337
115706,327
115719,323
115731,338
115744,324
115757,329
115769,332
115781,320
115793,335
115807,326
115819,322
115831,336
115844,324
115856,327
115869,331
115881,321
115894,333
115906,328
115918,323
115931,339
115944,324
115956,328
115969,333
115981,323
115993,336
116006,330
116019,323
116031,339
116043,323
116056,328
116069,333
116081,322
116093,334
116106,330
116118,325
116130,338
116144,326
116156,329
116168,335
116180,324
116193,336
116206,332
116218,324
116231,336
116243,326
116255,329
116269,336
116281,324
116293,336
116305,335
116318,327
116330,341
116343,331
116356,333
116368,340
116380,327
116392,336
116406,334
116418,327
116430,342
116443,332
116455,331
116468,340
116481,327
116493,336
116505,334
116517,325
116530,342
116543,331
116555,331
116568,339
116580,328
116592,335
116605,334
116618,325
116630,339
116642,331
116655,326
116668,339
116680,329
116692,335
116705,338
116717,327
116729,342
116743,331
116755,328
116767,341
116780,329
116792,334
116805,338
116817,328
116830,344
116842,335
116854,310
116868,319
116880,311
116892,318
116904,322
116917,313
116929,327
116942,321
116955,316
116967,330
116979,320
116992,322
117005,326
117017,317
117029,330
117042,323
117054,318
117067,332
117080,317
117092,324
117104,328
117116,319
117129,333
117142,326
117154,322
117167,336
117179,324
117191,326
117204,334
117217,322
117229,336
117241,331
117254,324
117267,340
117279,328
117292,333
117304,339
117316,329
117328,341
117342,335
117354,327
117366,341
117379,331
117391,332
117404,341
117416,328
117429,338
117441,333
117453,325
117467,339
117479,331
117491,329
117504,339
117516,328
117528,338
117541,331
117554,324
117566,337
117578,331
117591,331
117604,342
117616,331
117628,338
117641,337
117653,329
117666,342
117679,332
117691,331
117703,342
117715,330
117728,338
117741,339
117753,328
117766,344
117778,333
117790,333
117804,343
117816,331
117828,339
117840,338
117853,329
117866,342
117878,333
117891,333
117903,343
117915,330
117927,336
117941,337
117953,326
117965,340
117978,334
117990,330
118003,344
118016,334
118028,346
118040,347
118052,336
118066,348
118078,343
118090,338
118103,349
118115,338
118127,340
118140,344
118153,332
118165,346
118177,338
118190,335
118203,347
118215,335
118227,338
118240,341
118252,331
118265,344
118278,338
118290,330
118302,344
118315,332
118327,336
118340,339
118352,331
118365,342
118377,335
118389,329
118403,344
118415,330
118427,333
118439,342
118452,330
118465,340
118477,336
118490,327
118502,342
118514,332
118526,330
118540,338
118552,312
118564,324
118577,316
118589,310
118602,328
118615,317
118627,318
118639,327
118651,314
118665,326
118677,324
118689,316
118702,332
118714,320
118726,322
118739,330
118752,320
118764,328
118776,328
118789,319
118802,333
118814,325
118827,323
118839,333
118851,320
118864,330
118877,331
118889,322
118901,336
118914,327
118926,329
118939,344
118951,336
118964,345
118976,345
118988,336
119002,349
119014,342
119026,338
119038,350
119051,338
119064,343
119076,344
119089,335
119101,347
119113,340
119126,336
119139,346
119151,334
119163,339
119176,343
119188,335
119201,346
119214,342
119226,334
119238,347
119250,336
119264,341
119276,345
119288,334
119301,348
119313,339
119325,335
119339,348
119351,339
119363,340
119375,344
119388,333
119401,345
119413,339
119426,324
119438,337
119450,328
119463,331
119476,332
119488,324
119500,335
119513,336
119525,327
119538,343
119550,327
119563,331
119575,333
119587,326
119601,336
119613,334
119625,329
119638,342
119650,336
119663,323
119675,327
119688,314
119700,330
119712,327
119725,324
119738,342
119750,328
119762,330
119775,336
119787,329
119800,336
119813,336
119825,326
119837,344
119849,330
119863,332
119875,338
119887,330
119900,339
119912,340
119924,338
119938,348
119950,337
119962,340
119974,345
119987,333
120000,345
120012,341
120025,336
120037,347
120049,337
120062,335
120075,344
120087,330
120099,337
120112,340
120124,329
120137,343
120150,334
120162,331
120174,342
120186,329
120200,337
120212,335
120224,325
120237,337
120249,331
120262,327
120274,335
120287,322
120299,331
120311,332
120324,327
120337,339
120349,332
120361,326
120374,340
120386,330
120399,336
120412,340
120424,330
120436,343
120449,336
120462,330
120474,345
120486,332
120499,333
120511,339
120523,329
120537,334
120549,331
120561,327
120573,333
120586,322
120599,322
120611,322
120624,313
120636,322
120648,320
120662,312
120674,328
120686,315
120698,312
120711,323
120723,312
120736,328
120749,324
120761,321
120773,335
120785,332
120799,332
120811,338
120823,322
120836,335
120848,335
120861,324
120873,349
120886,332
120898,326
120910,339
120923,325
120936,340
120948,340
120961,328
120973,347
120985,335
120998,323
121011,350
121023,329
121035,336
121048,326
121061,331
121073,334
121085,333
121098,333
121110,339
121122,323
121136,331
121148,332
121160,322
121172,332
121185,319
121198,337
121210,335
121223,333
121235,333
121247,330
121261,324
121273,340
121285,331
121297,322
121310,336
121322,336
121335,328
121348,337
121360,329
121372,329
121384,336
121398,325
121410,337
121422,327
121435,334
121447,332
121460,320
121473,334
121485,322
121497,310
121509,333
121522,317
121535,321
121547,333
121560,316
121572,330
121584,336
121597,327
121610,338
121622,326
121634,335
121647,342
121660,337
121672,335
121684,346
121697,329
121709,347
121721,329
121735,339
121747,344
121759,325
121772,339
121784,334
121797,325
121809,354
121822,317
121834,339
121846,345
121860,324
121872,345
121884,339
121896,329
121909,348
121921,337
121934,339
121947,339
121959,339
121971,340
121984,332
121997,332
122009,352
122021,323
122034,338
122046,343
122059,332
122072,343
122084,340
122096,330
122108,339
122121,338
122134,340
122146,337
122159,336
122171,341
122183,334
122196,333
122209,348
122221,333
122233,327
122246,340
122259,335
122271,337
122284,336
122296,326
122308,337
122320,331
122334,329
122346,338
122358,323
122371,338
122383,332
122396,326
122408,336
122421,327
122433,322
122445,344
122459,323
122471,330
122483,330
122496,320
122508,335
122520,324
122533,320
122546,336
122558,318
122570,320
122583,313
122596,282
122608,275
122620,264
122633,254
122645,274
122658,274
122671,288
122683,304
122695,298
122707,322
122720,328
122733,325
122745,341
122758,339
122770,352
122782,356
122796,348
122808,364
122820,357
122832,346
122845,366
122858,351
122870,353
122883,352
122895,340
122907,344
122919,331
122933,301
122945,290
122957,255
122970,256
122982,264
122995,265
123008,294
123020,309
123032,314
123044,342
123058,338
123070,348
123082,362
123095,353
123107,370
123119,370
123132,364
123145,377
123157,367
123169,367
123182,376
123195,362
123207,368
123219,367
123232,359
123244,370
123257,361
123270,358
123282,369
123294,355
123307,362
123319,359
123332,352
123344,364
123357,353
123369,351
123381,362
123395,346
123407,355
123419,355
123431,344
123444,358
123457,348
123469,347
123482,353
123494,339
123506,346
123518,346
123532,336
123544,348
123556,340
123569,332
123581,340
123594,324
123607,323
123619,304
123631,272
123643,263
123657,242
123669,234
123681,254
123694,248
123706,265
123718,286
123731,292
123744,314
123756,322
123768,328
123781,350
123794,343
123806,353
123819,361
123831,352
123843,367
123856,362
123869,356
123881,371
123893,361
123906,364
123918,364
123931,354
123943,363
123956,357
123968,352
123980,366
123994,353
124006,354
124018,361
124030,344
124043,356
124056,349
124068,342
124081,352
124093,341
124105,345
124118,350
124131,337
124143,347
124155,344
124168,337
124180,349
124193,338
124206,340
124218,348
124230,333
124242,344
124256,338
124268,328
124280,340
124293,320
124305,313
124317,319
124331,298
124343,301
124355,281
124367,252
124380,257
124393,247
124405,251
124418,270
124430,272
124442,293
124455,306
124468,304
124480,330
124492,329
124505,335
124517,351
124530,344
124542,357
124555,360
124567,354
124579,364
124593,357
124605,357
124617,369
124630,358
124642,363
124655,366
124667,350
124680,366
124692,355
124704,349
124717,362
124730,351
124742,356
124754,357
124767,347
124779,360
124792,349
124805,344
124817,358
124829,345
124841,348
124855,353
124867,342
124879,353
124892,346
124904,340
124916,352
124930,338
124942,340
124954,348
124966,337
124979,349
124992,342
125004,336
125017,346
125029,335
125041,336
125054,341
125067,333
125079,343
125091,340
125104,329
125116,341
125129,330
125142,333
125154,341
125166,329
125178,341
125192,336
125204,329
125216,341
125229,331
125241,329
125254,338
125266,323
125279,336
125291,330
125303,324
125316,336
125329,323
125341,320
125353,325
125366,311
125378,315
125391,300
125404,268
125416,267
125428,245
125441,247
125454,260
125466,253
125478,274
125491,284
125503,279
125515,304
125529,299
125541,306
125553,318
125565,314
125578,329
125591,330
125603,329
125616,346
125628,341
125640,340
125654,353
125666,343
125678,351
125690,355
125703,343
125715,359
125728,347
125741,346
125753,357
125765,346
125777,351
125791,353
125803,345
125815,358
125828,352
125840,344
125853,357
125865,344
125878,349
125890,351
125902,343
125915,356
125928,350
125940,344
125953,359
125965,346
125977,347
125990,350
126003,342
126015,350
126027,346
126040,339
126053,354
126065,339
126077,344
126090,346
126102,336
126114,348
126128,344
126140,335
126152,352
126164,340
126177,341
126190,348
126202,336
126215,347
126227,341
126239,333
126253,347
126265,335
126277,337
126289,342
126302,327
126314,332
126327,317
126340,300
126352,300
126364,280
126376,279
126390,288
126402,278
126414,296
126427,302
126439,303
126452,328
126465,328
126477,334
126489,350
126501,343
126514,359
126527,357
126539,353
126552,365
126564,360
126576,358
126589,368
126602,353
126614,365
126626,361
126639,350
126652,362
126664,349
126676,347
126689,358
126701,343
126713,352
126727,350
126739,342
126751,349
126764,341
126776,338
126789,351
126801,336
126814,343
126826,346
126838,333
126852,344
126864,337
126876,336
126888,345
126901,336
126913,340
126926,342
126939,330
126951,343
126963,335
126976,331
126989,342
127001,333
127013,337
127026,338
127038,328
127051,340
127064,333
127076,327
127088,340
127100,330
127113,333
127126,337
127138,326
127151,338
127163,331
127175,327
127188,339
127201,329
127213,331
127225,338
127238,324
127251,337
127263,332
127276,322
127288,336
127300,326
127312,327
127326,334
127338,322
127350,332
127363,325
127375,319
127388,331
127400,320
127413,320
127425,327
127437,316
127451,328
127463,326
127475,320
127488,333
127500,323
127512,324
127525,329
127538,313
127550,316
127562,299
127575,264
127588,263
127600,244
127612,243
127625,257
127637,252
127650,277
127663,289
127675,296
127687,320
127699,321
127712,327
127725,345
127737,333
127750,345
127762,350
127774,345
127788,362
127800,355
127812,354
127824,364
127837,352
127850,359
127862,358
127875,352
127887,362
127899,354
127911,348
127925,359
127937,347
127949,354
127962,354
127974,346
127987,360
128000,352
128012,346
128024,357
128036,345
128050,349
128062,351
128074,340
128087,355
128099,348
128111,341
128124,355
128137,339
128149,347
128161,348
128174,336
128187,350
128199,341
128211,336
128224,351
128236,339
128249,342
128262,348
128274,333
128286,346
128299,339
128311,333
128324,344
128336,333
128349,328
128361,329
128373,312
128387,316
128399,297
128411,276
128423,273
128436,256
128449,260
128461,269
128474,267
128486,282
128498,290
128510,292
128524,317
128536,315
128548,325
128561,340
128573,334
128586,352
128599,352
128611,349
128623,363
128635,356
128649,354
128661,363
128673,352
128686,361
128698,356
128710,348
128723,363
128736,350
128748,351
128760,359
128773,348
128786,359
128798,360
128811,353
128823,364
128835,360
128848,350
128861,364
128873,350
128885,358
128898,356
128910,347
128923,359
128935,350
128948,345
128960,356
128972,343
128986,351
128998,348
129010,339
129022,351
129035,344
129048,340
129060,353
129073,334
129085,345
129097,343
129110,336
129123,346
129135,336
129147,334
129160,345
129172,331
129185,337
129198,337
129210,328
129222,340
129234,333
129248,329
129260,340
129272,330
129285,332
129297,336
129309,325
129323,339
129335,329
129347,323
129359,339
129372,324
129385,331
129397,334
129410,322
129422,338
129434,330
129447,324
129460,334
129472,325
129484,327
129497,333
129509,322
129522,336
129534,326
129547,322
129559,336
129571,325
129585,326
129597,335
129609,321
129622,337
129634,330
129647,322
129659,337
129672,325
129684,326
129696,334
129709,323
129722,333
129734,329
129746,321
129759,335
129771,323
129784,327
129797,334
129809,322
129821,331
129833,330
129847,321
129859,335
129871,324
129884,325
129896,333
129908,321
129922,328
129934,329
129946,315
129958,333
129971,324
129984,323
129996,335
130009,322
130021,328
130033,329
130046,321
130059,334
130071,327
130083,324
130096,334
130108,321
130121,329
130134,329
130146,321
130158,336
130170,328
130184,325
130196,338
130208,338
130221,347
130233,352
130246,342
130258,355
130271,346
130283,338
130295,352
130308,338
130321,345
130333,345
130345,337
130358,350
130370,343
130383,340
130396,352
130408,337
130420,343
130433,345
130446,334
130458,347
130470,339
130483,333
130495,344
130507,333
130521,336
130533,339
130545,323
130557,333
130570,305
130583,275
130595,270
130608,247
130620,251
130632,262
130646,261
130658,288
130670,296
130682,301
130695,322
130707,318
130720,324
130733,335
130745,330
130757,343
130769,340
130783,336
130795,347
130807,338
130820,342
130832,348
130845,339
130857,346
130870,344
130882,337
130894,348
130907,338
130920,343
130932,351
130945,339
130957,352
130969,347
130982,341
130995,352
131007,346
131019,344
131032,357
131045,342
131057,352
131069,349
131082,340
131094,353
131106,344
131120,343
131132,350
131144,338
131156,345
131169,343
131182,336
131194,349
131207,341
131219,337
131231,349
131245,334
131257,342
131269,343
131281,332
131294,346
131306,337
131319,334
131332,342
131344,334
131356,336
131368,338
131382,326
131394,341
131406,330
131419,330
131431,341
131444,331
131457,334
131469,336
131481,327
131493,339
131506,332
131519,327
131531,340
131544,326
131556,330
131568,335
131581,323
131594,335
131606,329
131618,325
131631,337
131644,327
131656,331
131668,335
131681,321
131693,333
131705,333
131719,325
131731,339
131743,329
131756,331
131768,337
131781,325
131793,339
131806,334
131818,326
131830,340
131844,331
131856,332
131868,340
131880,328
131893,340
131905,332
131918,326
131931,341
131943,331
131955,332
131968,338
131981,328
131993,336
132005,332
132018,325
132030,341
132043,329
132056,329
132068,335
132080,324
132092,332
132105,328
132118,323
132130,341
132143,326
132155,324
132167,339
132180,324
132193,335
132205,338
132217,328
132230,344
132243,337
132255,334
132268,350
132280,337
132292,341
132304,344
132318,336
132330,347
132342,338
132355,335
132367,346
132380,332
132392,338
132405,340
132417,331
132429,345
132443,337
132455,330
132467,342
132480,330
132492,337
132504,339
132517,326
132530,342
132542,329
132554,327
132567,336
132580,324
132592,331
132604,332
132617,320
132629,330
132642,323
132655,318
132667,334
132679,321
132691,327
132704,331
132717,322
132729,335
132742,331
132754,324
132766,339
132780,326
132792,331
132804,336
132816,325
132829,338
132842,333
132854,328
132867,343
132879,332
132891,333
132903,337
132917,327
132929,339
132941,335
132954,329
132966,344
132979,330
132992,337
133004,340
133016,330
133028,341
133042,333
133054,327
133066,341
133079,331
133091,332
133103,336
133116,326
133129,335
133141,331
133153,326
133166,338
133179,329
133191,329
133203,337
133216,326
133228,334
133241,329
133254,325
133266,338
133278,327
133291,326
133303,335
133316,325
133328,333
133341,332
133353,325
133365,336
133379,327
133391,327
133403,334
133415,324
133428,330
133441,326
133453,315
133466,321
133478,295
133490,264
133502,256
133516,232
133528,238
133540,242
133553,243
133565,272
133578,281
133591,293
133603,317
133615,315
133627,334
133641,343
133653,344
133665,369
133678,368
133690,370
133702,383
133715,372
133728,375
133740,377
133752,368
133765,379
133778,371
133790,364
133803,375
133815,363
133827,366
133840,365
133853,355
133865,369
133877,359
133890,354
133902,368
133915,355
133927,357
133940,360
133952,337
133964,342
133978,338
133990,334
134002,350
134014,333
134027,335
134040,341
134052,330
134065,342
134077,337
134089,330
134102,341
134115,330
134127,336
134139,339
134152,328
134164,337
134177,333
134190,327
134202,344
134214,330
134226,333
134240,338
134252,326
134264,338
134277,334
134289,328
134301,341
134315,331
134327,330
134339,338
134351,326
134364,334
134377,333
134389,325
134402,340
134414,330
134426,328
134439,338
134452,323
134464,333
134476,331
134489,323
134501,338
134514,329
134526,329
134539,337
134551,326
134563,335
134577,332
134589,325
134601,339
134614,332
134626,326
134639,338
134651,322
134664,333
134676,331
134688,326
134701,337
134714,330
134726,326
134738,337
134751,324
134763,332
134776,335
134789,331
134801,347
134813,340
134825,338
134839,348
134851,340
134863,341
134876,346
134888,333
134900,347
134914,340
134926,335
134938,348
134950,336
134963,333
134976,334
134988,327
135001,337
135013,331
135025,326
135038,338
135051,329
135063,332
135075,336
135088,326
135100,340
135113,330
135126,327
135138,338
135150,330
135162,329
135176,334
135188,324
135200,336
135213,331
135225,326
135238,341
135250,330
135263,334
135275,338
135287,329
135300,339
135313,335
135325,333
135337,347
135350,336
135362,336
135375,344
135388,330
135400,342
135412,337
135425,333
135438,342
135450,334
135462,335
135475,342
135487,328
135499,338
135513,333
135525,323
135537,337
135549,325
135562,320
135575,327
135587,302
135600,286
135612,260
135624,234
135638,241
135650,228
135662,225
135674,243
135687,240
135699,254
135712,261
135725,256
135737,280
135749,276
135761,278
135775,293
135787,287
135799,298
135812,300
135824,293
135837,312
135849,306
135862,307
135874,323
135886,313
135899,323
135912,328
135924,318
135937,336
135949,328
135961,322
135974,333
135987,312
135999,309
136011,301
136024,283
136037,282
136049,266
136061,258
136074,274
136086,275
136098,300
136112,319
136124,326
136136,357
136148,363
136161,369
136174,395
136186,391
136199,407
136211,415
136223,409
136237,426
136249,422
136261,415
136273,432
136286,419
136298,424
136311,427
136324,407
136336,416
136348,412
136360,400
136374,410
136386,396
136398,394
136411,395
136423,380
136436,392
136449,384
136461,377
136473,389
136485,378
136498,376
136511,382
136523,368
136536,378
136548,372
136560,362
136573,376
136586,359
136598,358
136610,363
136623,349
136636,357
136648,351
136660,343
136673,357
136685,346
136697,343
136711,352
136723,338
136735,346
136748,342
136760,335
136773,349
136785,336
136798,337
136810,342
136822,330
136836,336
136848,337
136860,327
136872,341
136885,330
136897,330
136910,336
136923,327
136935,335
136947,328
136960,320
136973,331
136985,323
136997,322
137010,333
137022,323
137035,328
137048,328
137060,319
137072,334
137084,322
137097,320
137110,335
137122,321
137135,324
137147,328
137159,317
137172,333
137185,323
137197,320
137209,333
137222,320
137235,327
137247,331
137260,318
137272,329
137284,325
137296,311
137310,324
137322,312
137334,319
137347,323
137359,312
137372,325
137384,320
137397,314
137409,331
137421,319
137435,322
137447,329
137459,315
137472,329
137484,325
137496,317
137509,330
137522,321
137534,323
137546,328
137559,317
137572,330
137584,320
137596,320
137609,339
137621,334
137634,338
137647,346
137659,333
137671,343
137683,335
137696,329
137709,345
137721,334
137734,335
137746,339
137758,328
137772,336
137784,331
137796,326
137808,337
137821,326
137834,317
137846,309
137859,272
137871,262
137883,253
137895,237
137909,259
137921,261
137933,279
137946,307
137958,304
137971,323
137984,330
137996,329
138008,348
138020,343
138034,346
138046,356
138058,345
138071,356
138083,355
138095,349
138108,359
138121,350
138133,347
138145,360
138158,346
138171,348
138183,350
138195,342
138208,355
138220,346
138233,344
138246,352
138258,339
138270,348
138283,346
138295,338
138308,349
138320,343
138333,338
138345,355
138357,341
138371,350
138383,350
138395,341
138407,354
138420,347
138433,323
138445,328
138458,308
138470,310
138482,317
138494,311
138508,327
138520,320
138532,317
138545,328
138557,317
138570,321
138583,328
138595,316
138607,328
138619,325
138633,317
138645,335
138657,325
138670,329
138682,336
138694,325
138707,336
138720,332
138732,326
138744,342
138757,327
138770,330
138782,338
138795,327
138807,334
138819,331
138832,326
138845,339
138857,332
138869,330
138882,338
138894,327
138907,336
138919,335
138932,328
138944,341
138956,332
138970,329
138982,333
138994,316
139006,318
139019,307
139032,284
139044,285
139057,269
139069,270
139081,291
139094,298
139107,321
139119,330
139131,334
139144,354
139156,353
139169,355
139182,370
139194,361
139206,371
139218,369
139232,360
139244,375
139256,365
139269,357
139281,368
139293,353
139307,360
139319,362
139331,349
139343,364
139356,355
139369,347
139381,359
139394,348
139406,350
139418,350
139431,345
139444,358
139456,349
139468,349
139481,358
139493,349
139506,352
139518,356
139531,344
139543,354
139555,347
139569,323
139581,336
139593,326
139606,330
139618,336
139631,323
139643,337
139656,332
139668,325
139680,339
139693,328
139706,331
139718,336
139730,323
139743,334
139755,328
139768,324
139781,336
139793,325
139805,327
139817,331
139831,319
139843,329
139855,328
139868,318
139880,332
139892,324
139906,328
139918,332
139930,323
139942,333
139955,331
139968,326
139980,338
139993,327
140005,328
140017,337
140030,323
140043,334
140055,333
140067,325
140080,340
140092,329
140105,330
140118,336
140130,325
140142,335
140154,333
140168,325
140180,338
140192,331
140205,329
140217,337
140230,327
140242,333
140255,333
140267,322
140279,339
140292,328
140305,329
140317,341
140329,332
140342,340
140354,336
140367,325
140380,335
140392,330
140404,328
140417,341
140430,333
140442,339
140454,338
140467,325
140479,339
140491,330
140505,325
140517,342
140529,326
140541,329
140554,332
140567,323
140579,338
140592,328
140604,324
140616,335
140630,323
140642,326
140654,333
140666,320
140679,334
140691,326
140704,322
140717,335
140729,324
140741,328
140753,333
140767,321
140779,344
140791,336
140804,332
140816,344
140829,331
140841,336
140854,341
140866,330
140878,342
140891,336
140904,331
140916,342
140929,332
140941,335
140953,336
140966,326
140979,337
140991,336
141003,327
141016,342
141029,328
141041,329
141053,340
141066,314
141078,323
141090,313
141104,310
141116,330
141128,313
141140,315
141153,322
141166,316
141178,321
141191,324
141203,315
141215,328
141229,321
141241,324
141253,333
141265,322
141278,330
141290,329
141303,324
141316,336
141328,328
141340,323
141352,340
141366,326
141378,334
141390,335
141403,322
141415,339
141428,329
141441,327
141453,341
141465,327
141477,336
141490,336
141503,327
141515,341
141528,332
141540,328
141552,339
141565,328
141578,332
141590,337
141602,326
141615,340
141628,330
141640,330
141652,340
141665,328
141677,336
141689,338
141703,329
141715,343
141727,336
141740,332
141752,340
141765,328
141777,336
141790,337
141802,327
141814,341
141828,334
141840,329
141852,344
141864,330
141877,334
141889,341
141902,330
141915,340
141927,334
141939,330
141952,343
141965,332
141977,335
141989,340
142002,331
142014,340
142027,339
142040,331
142052,345
142064,333
142076,336
142089,339
142102,329
142114,342
142127,336
142139,331
142151,346
142164,334
142177,335
142189,344
142201,327
142214,339
142227,334
142239,331
142252,345
142264,336
142276,336
142288,343
142302,331
142314,341
142326,338
142339,332
142351,348
142364,338
142376,337
142389,344
142401,333
142413,341
142427,339
142439,330
142451,346
142464,335
142476,335
142488,346
142501,334
142514,340
142526,337
142538,329
142551,345
142564,334
142576,333
142588,342
142601,329
142613,339
142626,338
142639,330
142651,344
142663,332
142675,331
142688,341
142701,329
142713,337
142726,343
142738,327
142750,342
142764,336
142776,338
142788,351
142800,331
142813,342
142826,344
142838,332
142851,346
142863,335
142875,334
142887,346
142901,331
142913,342
142925,341
142938,328
142950,345
142963,332
142976,328
142988,331
143000,327
143012,334
143026,336
143038,327
143050,334
143063,323
143075,309
143087,328
143100,312
143113,312
143125,315
143137,311
143150,325
143163,315
143175,299
143187,323
143200,305
143212,317
143225,317
143238,310
143250,322
143262,308
143275,316
143287,324
143300,313
143312,316
143325,323
143337,313
143349,329
143363,324
143375,320
143387,330
143399,324
143412,325
143425,330
143437,320
143450,331
143462,335
143474,320
143486,345
143500,332
143512,331
143524,336
143537,336
143549,336
143562,346
143575,328
143587,344
143599,340
143611,336
143625,346
143637,335
143649,340
143662,341
143674,334
143686,348
143699,338
143712,336
143724,342
143736,337
143749,338
143762,344
143774,331
143787,343
143799,338
143811,335
143824,344
143837,331
143849,342
143861,338
143874,333
143886,344
143899,339
143911,332
143924,340
143936,336
143948,341
143962,341
143974,334
143986,346
143998,333
144011,335
144024,344
144036,326
144049,338
144061,340
144073,331
144086,342
144099,336
144111,333
144123,335
144136,335
144148,338
144161,346
144174,328
144186,353
144198,343
144210,338
144224,358
144236,346
144248,346
144261,348
144273,336
144285,353
144299,336
144311,340
144323,350
144335,338
144348,342
144361,347
144373,333
144386,350
144398,341
144410,328
144423,356
144436,340
144448,335
144460,339
144473,335
144485,336
144498,334
144510,328
144523,338
144535,330
144547,330
144561,341
144573,324
144585,335
144598,332
144610,317
144623,339
144635,327
144648,328
144660,333
144672,324
144685,331
144698,331
144710,325
144722,332
144735,327
144747,324
144760,331
144773,324
144785,331
144797,330
144809,324
144823,335
144835,328
144847,324
144860,335
144872,322
144884,332
144898,333
144910,322
144922,337
144934,327
144947,326
144960,337
144972,326
144985,332
144997,335
145009,326
145022,338
145035,330
145047,328
145059,341
145072,327
145084,336
145097,335
145110,325
145122,339
145134,332
145146,327
145160,340
145172,330
145184,331
145197,336
145209,325
145222,338
145234,332
145247,326
145259,340
145271,329
145284,331
145297,336
145309,322
145321,336
145334,331
145346,326
145359,339
145372,327
145384,330
145396,334
145409,322
145422,337
145434,330
145446,326
145459,338
145471,329
145483,331
145497,336
145509,324
145521,335
145533,329
145546,325
145559,338
145571,328
145584,328
145596,338
145608,325
145622,336
145634,334
145646,326
145658,342
145671,331
145683,331
145696,340
145709,328
145721,338
145733,336
145745,328
145759,341
145771,332
145783,331
145796,340
145808,329
145821,339
145833,336
145846,326
145858,341
145870,333
145883,330
145896,340
145908,330
145921,336
145933,336
145945,325
145958,341
145971,331
145983,328
145995,341
146008,327
146021,337
146033,339
146045,321
146058,336
146070,328
146082,327
146096,340
146108,326
146120,333
146132,333
146145,326
146158,340
146170,333
146183,327
146195,338
146207,328
146221,333
146233,335
146245,327
146257,339
146270,333
146282,327
146295,341
146308,329
146320,330
146332,333
146344,325
146358,337
146370,330
146382,324
146395,338
146407,326
146420,332
146433,334
146445,326
146457,337
146469,332
146482,326
146495,338
146507,326
146520,330
146532,334
146544,324
146557,335
146570,331
146582,324
146594,338
146607,328
146620,330
146632,337
146644,327
146657,339
146669,333
146681,325
146695,340
146707,333
146719,329
146732,338
146744,327
146757,338
146769,335
146782,327
146794,343
146806,330
146820,331
146832,338
146844,320
146856,321
146869,301
146881,284
146894,288
146907,280
146919,288
146931,307
146944,306
146957,322
146969,325
146981,321
146994,337
147006,332
147019,335
147032,347
147044,339
147056,350
147068,350
147081,343
147094,357
147106,348
147119,346
147131,357
147143,343
147156,351
147169,349
147181,341
147193,354
147206,345
147219,341
147231,355
147244,342
147256,354
147268,356
147280,343
147294,357
147306,349
147318,342
147331,354
147343,342
147356,348
147368,344
147381,329
147393,320
147405,282
147419,262
147431,266
147443,250
147456,261
147468,282
147480,281
147493,312
147506,319
147518,320
147530,345
147543,336
147556,348
147568,358
147580,347
147593,365
147605,363
147618,357
147631,371
147643,358
147655,361
147667,368
147680,355
147693,367
147705,360
147718,355
147730,366
147742,355
147756,354
147768,361
147780,351
147792,360
147805,355
147818,347
147830,362
147843,348
147855,350
147867,355
147879,343
147893,354
147905,348
147917,338
147930,355
147942,341
147955,340
147968,349
147980,336
147992,341
148004,341
148018,329
148030,346
148042,333
148055,333
148067,343
148079,329
148092,339
148105,334
148117,324
148129,338
148142,332
148155,328
148167,339
148179,327
148192,333
148204,332
148217,322
148230,337
148242,327
148254,325
148267,336
148279,325
148292,330
148304,331
148317,322
148329,337
148341,324
148355,322
148367,336
148379,325
148391,332
148404,332
148417,323
148429,334
148442,327
148454,324
148466,336
148478,326
148492,332
148504,334
148516,321
148529,334
148541,321
148554,319
148567,331
148579,319
148591,325
148603,330
148617,320
148629,333
148641,325
148654,321
148666,335
148678,325
148691,329
148704,333
148716,322
148728,334
148741,328
148754,320
148766,335
148779,325
148791,327
148803,335
148816,320
148829,335
148841,329
148853,322
148866,337
148878,327
148891,329
148903,338
148916,327
148928,339
148940,336
148954,328
148966,343
148978,331
148990,333
149003,340
149016,330
149028,336
149041,335
149053,331
149065,342
149078,332
149091,330
149103,339
149115,328
149128,335
149140,335
149153,327
149166,342
149178,333
149190,329
149202,339
149216,328
149228,334
149240,334
149253,326
149265,341
149277,329
149291,329
149303,337
149315,327
149327,334
149340,334
149353,325
149365,342
149378,332
149390,329
149402,342
149415,329
149428,336
149440,337
149452,328
149465,340
149477,334
149490,329
149502,343
149515,330
149527,333
149539,338
149553,324
149565,339
149577,333
149590,328
149602,341
149615,331
149627,334
149640,339
149652,329
149664,339
149677,333
149690,328
149702,341
149714,331
149727,335
149739,337
149752,326
149765,338
149777,333
149789,329
149801,342
149815,331
149827,334
149839,339
149852,328
149864,338
149876,331
149890,327
149902,335
149914,327
149926,329
149939,338
149952,324
149964,337
149977,332
149989,324
150001,342
150014,331
150027,330
150039,339
150051,326
150064,338
150076,332
150089,327
150102,341
150114,332
150126,329
150138,337
150152,327
150164,335
150176,333
150189,325
150201,339
150214,330
150226,329
150239,337
150251,327
150263,337
150276,334
150289,328
150301,340
150313,332
150326,332
150338,342
150351,330
150364,338
150376,336
150388,327
150401,340
150414,336
150426,329
150438,343
150451,330
150463,337
150475,336
150489,329
150501,340
150513,333
150525,332
150538,343
150551,331
150563,334
150576,337
150588,328
150600,341
150614,335
150626,331
150638,343
150650,331
150663,332
150675,341
150688,327
150701,339
150713,334
150725,331
150737,340
150751,332
150763,335
150775,338
150788,331
150800,340
150813,335
150825,328
150838,342
150850,328
150862,331
150875,338
150888,328
150900,341
150913,335
150925,329
150937,342
150950,331
150963,334
150975,342
150987,328
151000,340
151013,334
151025,327
151037,337
151050,321
151062,298
151074,281
151088,258
151100,259
151112,257
151124,250
151137,278
151150,282
151162,300
151175,321
151187,322
151199,336
151213,344
151225,339
151237,357
151249,350
151262,352
151274,363
151287,352
151300,362
151312,358
151324,351
151336,366
151350,354
151362,352
151374,363
151387,350
151399,357
151412,356
151425,347
151437,359
151449,352
151461,346
151474,357
151487,344
151499,348
151512,350
151524,336
151536,355
151549,344
151562,339
151574,352
151586,341
151599,345
151612,342
151624,332
151636,341
151649,337
151661,329
151673,344
151687,332
151699,336
151711,341
151724,330
151736,341
151749,335
151761,329
151774,342
151786,331
151798,333
151812,336
151824,323
151836,338
151848,332
151861,327
151873,340
151886,333
151899,332
151911,339
151923,327
151936,339
151949,335
151961,328
151973,342
151986,333
151998,331
152011,339
152024,326
152036,336
152048,335
152060,325
152073,342
152086,329
152098,331
152111,336
152123,325
152135,334
152148,330
152161,325
152173,339
152185,328
152198,328
152211,335
152223,323
152236,330
152248,329
152260,321
152272,335
152286,327
152298,325
152310,334
152323,324
152335,333
152348,336
152360,329
152373,342
152385,333
152397,332
152411,341
152423,330
152435,337
152448,337
152460,329
152472,344
152485,332
152498,331
152510,340
152522,330
152535,334
152548,337
152560,326
152572,339
152585,331
152597,327
152610,340
152623,329
152635,333
152647,336
152659,325
152672,337
152685,331
152697,326
152710,340
152722,327
152734,331
152748,334
152760,326
152772,337
152784,332
152797,326
152810,340
152822,328
152835,332
152847,338
152859,328
152871,339
152885,335
152897,326
152909,340
152922,328
152934,332
152947,337
152960,327
152972,337
152984,334
152996,327
153010,340
153022,329
153034,332
153047,337
153059,328
153071,336
153084,332
153097,327
153109,338
153121,328
153134,328
153147,338
153159,327
153171,337
153184,333
153196,325
153209,338
153222,330
153234,329
153246,341
153259,329
153271,330
153284,323
153296,315
153309,330
153321,321
153333,322
153347,334
153359,321
153371,330
153383,330
153396,321
153409,335
153421,327
153434,324
153446,335
153458,324
153470,331
153484,332
153496,321
153508,337
153521,328
153533,327
153546,336
153559,328
153571,331
153583,335
153595,325
153609,340
153621,332
153633,328
153646,343
153658,328
153670,335
153683,337
153696,327
153708,338
153720,334
153733,328
153746,340
153758,326
153771,331
153783,337
153795,326
153808,338
153821,330
153833,323
153845,331
153858,315
153870,298
153883,284
153895,264
153908,264
153920,256
153932,250
153946,267
153958,269
153970,286
153982,303
153995,303
154008,326
154020,328
154033,327
154045,345
154057,337
154070,344
154083,349
154095,341
154107,353
154120,352
154132,345
154145,359
154158,348
154170,348
154182,357
154194,344
154208,354
154220,350
154232,343
154245,359
154257,347
154269,346
154283,357
154295,346
154307,354
154319,352
154332,345
154345,359
154357,348
154370,346
154382,357
154394,345
154407,352
154420,349
154432,341
154444,353
154457,345
154469,342
154482,352
154494,340
154507,348
154519,348
154531,340
154545,350
154557,343
154569,338
154582,346
154594,331
154607,333
154619,328
154632,308
154644,313
154656,295
154669,289
154682,300
154694,296
154706,305
154719,318
154731,318
154744,339
154757,342
154769,341
154781,358
154793,349
154807,355
154819,358
154831,345
154844,360
154856,346
154868,333
154882,335
154894,310
154906,297
154918,282
154931,250
154944,245
154956,234
154969,219
154981,230
154993,217
155006,221
155019,233
155031,229
155043,246
155056,253
155068,256
155081,279
155094,279
155106,289
155118,302
155130,300
155144,316
155156,321
155168,320
155181,340
155193,337
155206,342
155218,356
155231,346
155243,358
155255,359
155268,352
155281,365
155293,355
155305,351
155318,355
155330,337
155343,335
155356,323
155368,299
155380,305
155393,283
155406,279
155418,293
155430,283
155443,299
155455,307
155467,310
155481,340
155493,344
155505,358
155517,384
155530,390
155543,404
155555,417
155568,414
155580,433
155592,428
155606,431
155618,451
155630,437
155642,445
155655,448
155667,437
155680,449
155693,439
155705,430
155717,439
155729,420
155743,421
155755,418
155767,401
155780,406
155792,400
155805,389
155817,401
155830,386
155842,389
155854,384
155867,372
155880,380
155892,371
155905,362
155917,377
155929,362
155942,359
155955,365
155967,351
155979,361
155992,356
156005,345
156017,361
156029,349
156042,349
156054,354
156066,339
156080,349
156092,344
156104,337
156116,348
156129,339
156142,339
156154,341
156167,330
156179,337
156191,334
156205,321
156217,337
156229,326
156241,325
156254,333
156266,318
156279,324
156292,322
156304,309
156316,325
156328,315
156342,315
156354,326
156366,311
156379,318
156391,317
156404,306
156417,322
156429,313
156441,310
156453,324
156466,311
156479,317
156491,320
156504,310
156516,322
156528,316
156541,312
156554,324
156566,316
156578,317
156591,322
156604,313
156616,327
156628,316
156641,312
156653,326
156665,314
156679,320
156691,324
156703,316
156716,329
156728,321
156741,317
156753,329
156766,318
156778,320
156790,326
156804,314
156816,332
156828,328
156840,328
156853,344
156865,332
156878,334
156891,343
156903,329
156915,341
156928,336
156941,328
156953,342
156965,331
156978,332
156990,340
157003,324
157016,334
157028,332
157040,324
157052,339
157065,329
157078,330
157090,339
157103,327
157115,336
157127,334
157140,326
157153,339
157165,329
157177,331
157190,339
157203,325
157215,331
157228,327
157240,311
157252,315
157264,294
157278,278
157290,288
157302,273
157315,290
157327,299
157340,296
157352,317
157365,316
157377,316
157389,328
157403,319
157415,328
157427,332
157440,325
157452,338
157464,331
157477,328
157490,339
157502,332
157514,334
157527,339
157540,327
157552,342
157564,336
157577,330
157589,343
157602,336
157615,341
157627,347
157639,338
157651,350
157664,344
157677,340
157689,355
157702,339
157714,341
157726,349
157740,336
157752,346
157764,340
157776,336
157789,348
157802,338
157814,340
157827,349
157839,341
157851,355
157863,354
157877,349
157889,360
157901,349
157914,350
157926,356
157939,342
157952,356
157964,349
157976,340
157988,355
158002,341
158014,340
158026,348
158039,334
158051,339
158063,330
158076,309
158089,294
158101,269
158113,260
158126,271
158139,261
158151,279
158163,284
158176,284
158188,303
158201,304
158214,309
158226,326
158238,322
158251,330
158263,334
158276,326
158288,341
158301,334
158313,332
158325,342
158339,331
158351,334
158363,336
158375,324
158388,339
158401,331
158413,327
158426,341
158438,328
158450,336
158462,337
158476,329
158488,342
158500,337
158513,334
158525,348
158538,335
158551,341
158563,344
158575,336
158587,346
158601,342
158613,336
158625,348
158638,338
158650,341
158662,350
158675,336
158688,348
158700,345
158712,341
158725,354
158738,341
158750,344
158763,346
158775,334
158787,345
158800,334
158813,326
158825,340
158837,329
158850,329
158862,335
158875,324
158887,336
158900,329
158912,325
158924,340
158938,328
158950,332
158962,337
158974,326
158987,337
159000,313
159012,304
159025,319
159037,301
159049,312
159062,321
159075,310
159087,321
159099,321
159112,314
159124,330
159137,325
159150,316
159162,338
159174,316
159186,326
159200,328
159212,314
159224,335
159237,326
159249,315
159261,326
159275,321
159287,326
159299,337
159311,319
159324,334
159337,328
159349,325
159362,343
159374,324
159386,333
159399,333
159412,331
159424,347
159436,332
159449,330
159461,340
159474,332
159486,333
159499,331
159511,333
159523,332
159537,344
159549,317
159561,348
159574,316
159586,337
159599,333
159611,330
159624,331
159636,337
159648,317
159661,335
159674,322
159686,329
159698,339
159711,306
159723,321
159736,313
159749,296
159761,304
159773,281
159785,282
159799,306
159811,299
159823,317
159836,322
159848,317
159860,336
159874,327
159886,330
159898,344
159910,330
159923,332
159936,345
159948,325
159961,349
159973,325
159985,339
159998,339
160011,334
160023,342
160035,336
160048,334
160060,347
160073,335
160086,342
160098,351
160110,347
160122,353
160136,348
160148,353
160160,354
160173,344
160185,350
160198,367
160210,354
160223,369
160235,355
160247,363
160260,356
160273,361
160285,352
160297,367
160310,350
160322,355
160335,353
160348,344
160360,359
160372,351
160385,341
160398,355
160410,346
160422,339
160435,342
160447,345
160459,343
160473,336
160485,332
160497,345
160509,328
160522,331
160535,344
160547,325
160560,338
160572,326
160584,332
160598,336
160610,327
160622,323
160634,335
160647,321
160659,334
160672,322
160685,319
160697,336
160709,320
160721,323
160735,333
160747,318
160759,332
160772,325
160784,325
160797,324
160809,318
160822,318
160834,335
160846,308
160859,335
160872,323
160884,321
160897,328
160909,321
160921,318
160934,334
160947,308
160959,330
160971,322
160984,316
160997,334
161009,314
161021,321
161034,330
161046,317
161058,334
161072,323
161084,320
161096,324
161108,322
161121,320
161134,328
161146,330
161159,317
161171,321
161183,306
161197,342
161209,330
161221,329
161233,354
161246,345
161258,346
161271,356
161284,336
161296,351
161308,339
161320,340
161334,342
161346,340
161358,340
161371,339
161383,329
161396,345
161409,333
161421,326
161433,348
161445,325
161458,333
161471,336
161483,324
161496,333
161508,332
161520,331
161533,337
161546,331
161558,334
161570,334
161583,329
161596,341
161608,331
161620,328
161633,340
161645,324
161657,336
161671,336
161683,332
161695,335
161708,341
161720,311
161733,314
161745,308
161758,305
161770,317
161782,320
161796,328
161808,329
161820,326
161832,337
161845,331
161857,332
161870,338
161883,329
161895,336
161907,338
161920,331
161933,343
161945,336
161957,336
161970,341
161982,336
161995,342
162008,345
162020,333
162032,346
162044,339
162057,337
162070,349
162082,338
162095,342
162107,344
162119,335
162132,346
162145,338
162157,336
162169,346
162182,338
162195,342
162207,343
162220,336
162232,345
162244,339
162256,336
162270,348
162282,338
162294,338
162307,341
162319,335
162332,346
162344,340
162357,337
162369,346
162381,337
162395,340
162407,344
162419,336
162432,345
162444,341
162456,337
162469,351
162482,338
162494,340
162506,343
162519,334
162532,346
162544,340
162556,336
162569,347
162581,337
162594,338
162607,345
162619,336
162631,344
162643,337
162656,337
162669,347
162681,334
162694,337
162706,343
162718,333
162732,340
162744,337
162756,330
162768,342
162781,333
162794,333
162806,338
162819,328
162831,332
162843,332
162855,322
162869,334
162881,320
162893,321
162906,331
162918,317
162931,325
162944,328
162956,314
162968,328
162980,319
162994,316
163006,331
163018,317
163031,325
163043,326
163055,319
163068,329
163081,325
163093,319
163105,334
163118,316
163131,319
163143,312
163155,295
163168,282
163180,248
163193,234
163206,242
163218,239
163230,257
163243,276
163255,283
163268,310
163280,317
163293,321
163305,342
163317,341
163331,347
163343,355
163355,349
163367,362
163380,360
163393,356
163405,368
163418,362
163430,361
163442,365
163454,357
163468,366
163480,360
163492,354
163505,366
163517,356
163530,357
163543,365
163555,355
163567,362
163579,360
163593,351
163605,368
163617,353
163630,354
163642,356
163654,345
163667,353
163680,353
163692,345
163704,356
163717,349
163730,347
163742,354
163755,345
163767,351
163779,353
163792,341
163805,360
163817,346
163829,347
163842,359
163854,344
163867,346
163879,350
163892,331
163904,356
163916,333
163930,329
163942,346
163954,318
163966,330
163979,328
163992,321
164004,327
164017,321
164029,327
164041,334
164054,319
164067,332
164079,331
164091,319
164104,325
164116,326
164129,320
164142,322
164154,318
164166,319
164178,331
164192,309
164204,336
164216,318
164229,320
164241,326
164253,329
164267,319
164279,329
164291,314
164303,337
164316,323
164329,320
164341,328
164354,326
164366,318
164378,335
164391,319
164404,326
164416,329
164428,316
164441,333
164453,333
164466,322
164478,338
164491,331
164503,334
164515,323
164529,328
164541,332
164553,334
164566,328
164578,333
164591,341
164603,328
164616,337
164628,341
164640,341
164653,340
164666,337
164678,363
164690,341
164703,352
164715,355
164728,345
164741,351
164753,351
164765,349
164777,361
164791,357
164803,352
164815,358
164828,350
164840,359
164852,351
164866,341
164878,359
164890,341
164902,347
164915,347
164928,337
164940,344
164953,340
164965,331
164977,343
164990,333
165003,332
165015,341
165027,329
165040,341
165052,333
165065,326
165078,338
165090,327
165102,326
165114,330
165128,323
165140,331
165152,325
165165,319
165177,333
165190,320
165202,322
165215,326
165227,318
165239,329
165252,324
165265,320
165277,329
165289,323
165302,323
165314,329
165327,321
165340,331
165352,327
165364,320
165377,336
165390,328
165402,326
165414,333
165427,321
165439,331
165451,328
165465,320
165477,332
165489,323
165501,321
165514,334
165527,321
165539,330
165552,328
165564,322
165576,332
165590,326
165602,322
165614,332
165626,320
165639,330
165651,329
165664,321
165677,336
165689,324
165701,325
165713,334
165727,324
165739,332
165751,332
165764,319
165776,333
165789,324
165801,327
165814,335
165826,324
165838,330
165851,331
165864,323
165876,336
165889,331
165901,326
165913,338
165926,325
165939,330
165951,334
165963,324
165976,334
165989,329
166001,325
166013,340
166026,327
166038,330
166050,336
166064,325
166076,336
166088,331
166100,324
166113,337
166126,325
166138,327
166151,321
166163,302
166175,292
166189,260
166201,247
166213,258
166225,256
166238,268
166250,284
166263,288
166276,313
166288,318
166300,320
166312,342
166326,342
166338,346
166350,354
166363,347
166375,360
166388,357
166401,355
166413,367
166425,360
166437,358
166450,369
166463,354
166475,362
166488,358
166500,349
166512,362
166525,356
166538,349
166550,361
166562,350
166575,357
166588,354
166600,348
166612,359
166625,353
166637,347
166649,362
166663,349
166675,353
166687,351
166700,342
166712,355
166725,345
166737,344
166750,356
166762,345
166774,345
166788,349
166800,340
166812,348
166824,342
166837,338
166849,352
166862,340
166875,342
166887,346
166899,334
166912,345
166925,339
166937,336
166949,347
166962,337
166974,339
166987,339
167000,330
167012,342
167024,339
167036,333
167049,343
167062,334
167074,335
167087,340
167099,329
167111,338
167124,333
167137,328
167149,340
167161,328
167174,326
167187,334
167199,324
167212,326
167224,328
167236,318
167248,331
167262,318
167274,320
167286,322
167299,304
167311,302
167324,281
167336,260
167349,270
167361,262
167373,275
167387,295
167399,296
167411,314
167424,322
167436,320
167448,339
167461,333
167474,339
167486,349
167498,344
167511,350
167524,353
167536,345
167548,361
167561,355
167573,353
167586,362
167599,350
167611,356
167623,357
167635,344
167648,356
167661,347
167673,344
167686,355
167698,346
167710,350
167724,355
167736,344
167748,357
167760,351
167773,347
167786,359
167798,345
167811,347
167823,351
167835,340
167847,352
167861,348
167873,342
167885,351
167898,342
167910,344
167923,348
167936,335
167948,349
167960,340
167972,333
167986,346
167998,336
168010,336
168023,343
168035,331
168047,343
168060,337
168073,327
168085,340
168097,328
168110,331
168123,337
168135,327
168147,336
168160,333
168172,325
168185,334
168198,326
168210,324
168222,335
168235,324
168247,333
168260,330
168272,320
168285,334
168297,325
168309,326
168323,334
168335,324
168347,331
168359,330
168372,323
168385,335
168397,326
168410,325
168422,333
168434,324
168446,331
168460,331
168472,322
168484,334
168497,326
168509,322
168522,333
168535,321
168547,328
168559,328
168571,320
168585,336
168597,327
168609,325
168622,333
168634,324
168646,329
168659,332
168672,325
168684,336
168696,331
168709,325
168722,338
168734,326
168747,332
168759,336
168771,323
168784,336
168797,332
168809,324
168821,339
168834,329
168846,332
168859,337
168871,329
168884,338
168896,335
168908,329
168922,341
168934,331
168946,332
168958,335
168971,323
168984,335
168996,331
169009,327
169021,338
169033,329
169046,333
169059,337
169071,329
169083,337
169096,336
169108,327
169121,338
169134,331
169146,332
169158,340
169170,327
169184,336
169196,334
169208,326
169221,337
169233,328
169245,329
169259,337
169271,325
169283,337
169295,333
169308,329
169321,340
169333,333
169346,333
169358,341
169370,328
169383,335
169396,334
169408,325
169420,335
169433,326
169445,323
169458,329
169470,315
169483,315
169495,305
169507,283
169521,281
169533,265
169545,259
169558,268
169570,257
169583,264
169595,266
169608,251
169620,265
169632,256
169645,257
169658,269
169670,262
169682,268
169695,273
169707,270
169720,283
169733,275
169745,275
169757,288
169769,282
169783,289
169795,295
169807,283
169820,298
169832,292
169844,287
169858,300
169870,294
169882,299
169894,304
169907,299
169920,311
169932,312
169945,307
169957,326
169969,330
169982,345
169995,365
170007,369
170019,397
170032,406
170044,413
170057,433
170070,428
170082,432
170094,439
170106,428
170120,437
170132,432
170144,424
170157,431
170169,420
170182,417
170194,420
170207,408
170219,414
170231,408
170244,397
170257,408
170269,397
170281,393
170294,400
170306,385
170319,391
170332,386
170344,376
170356,389
170369,376
170382,378
170394,381
170406,369
170419,373
170431,374
170443,363
170457,376
170469,364
170481,362
170493,366
170506,353
170519,355
170531,359
170544,347
170556,360
170568,352
170582,343
170594,355
170606,339
170618,344
170631,343
170643,337
170656,346
170669,339
170681,335
170693,344
170705,332
170719,333
170731,337
170743,327
170756,338
170768,329
170781,324
170793,334
170806,322
170818,326
170830,328
170843,316
170856,328
170868,323
170881,316
170893,329
170905,317
170918,322
170931,324
170943,316
170955,327
170968,320
170981,311
170993,328
171005,316
171018,317
171030,325
171042,314
171056,324
171068,323
171080,313
171092,329
171105,317
171118,317
171130,326
171143,313
171155,321
171167,319
171181,310
171193,327
171205,327
171217,330
171230,340
171242,329
171255,339
171268,336
171280,328
171292,343
171304,331
171318,329
171330,341
171342,328
171355,335
171367,336
171380,323
171393,340
171405,328
171417,328
171429,336
171442,324
171455,333
171467,332
171480,322
171492,340
171504,329
171517,324
171530,338
171542,322
171554,329
171567,333
171580,321
171592,334
171604,326
171617,318
171629,336
171641,320
171655,327
171667,331
171679,320
171692,334
171704,324
171717,315
171729,335
171742,318
171754,328
171766,329
171780,316
171792,331
171804,325
171816,319
171829,336
171841,322
171854,328
171867,332
171879,322
171891,333
171904,328
171917,321
171929,338
171941,326
171954,327
171966,332
171979,322
171992,336
172004,328
172016,323
172028,338
172041,327
172054,328
172066,335
172079,324
172091,336
172103,331
172116,324
172129,339
172141,329
172153,328
172166,340
172179,324
172191,336
172204,333
172216,326
172228,339
172240,329
172254,329
172266,337
172278,324
172291,336
172303,331
172316,322
172328,340
172341,330
172353,327
172365,340
172379,326
172391,337
172403,336
172416,325
172428,343
172440,333
172453,329
172466,343
172478,328
172490,333
172503,338
172516,324
172528,339
172540,330
172553,326
172565,340
172578,327
172591,332
172603,334
172615,325
172627,340
172640,330
172653,324
172665,339
172678,326
172690,335
172702,336
172716,326
172728,339
172740,334
172752,326
172765,343
172778,329
172790,333
172803,337
172815,324
172827,338
172839,333
172853,326
172865,342
172877,328
172890,331
172902,338
172915,326
172928,339
172940,332
172952,325
172964,343
172978,329
172990,333
173002,340
173015,325
173027,338
173039,332
173052,324
173065,342
173077,328
173089,331
173102,337
173115,325
173127,334
173139,331
173152,322
173164,339
173177,326
173190,328
173202,338
173214,325
173227,334
173239,331
173252,321
173264,341
173277,328
173289,328
173301,339
173315,325
173327,333
173339,334
173351,325
173364,341
173377,331
173389,328
173402,340
173414,326
173426,336
173438,336
173452,325
173464,341
173476,333
173489,328
173501,342
173514,328
173527,333
173539,336
173551,326
173563,339
173577,332
173589,328
173601,343
173614,330
173626,334
173638,339
173651,325
173664,342
173676,334
173688,328
173701,343
173714,328
173726,336
173739,339
173751,327
173763,341
173776,333
173789,327
173801,343
173813,331
173826,332
173838,340
173851,325
173863,340
173876,334
173888,327
173900,342
173914,328
173926,332
173938,337
173950,324
173963,338
173976,332
173988,326
174001,342
174013,330
174025,331
174038,339
174051,325
174063,343
174075,333
174088,331
174100,342
174113,332
174126,331
174138,338
174150,323
174162,337
174176,334
174188,325
174200,344
174213,335
174225,331
174237,343
174251,326
174263,338
174275,335
174287,325
174300,342
174313,332
174325,330
174338,340
174350,327
174362,337
174375,337
174388,326
174400,342
174412,334
174425,331
174437,341
174450,330
174462,335
174475,340
174487,326
174499,345
174513,334
174525,331
174537,343
174550,327
174562,335
174575,334
174587,321
174600,336
174612,327
174624,321
174637,336
174650,324
174662,328
174674,334
174687,321
174699,341
174712,331
174725,327
174737,341
174749,330
174761,331
174775,339
174787,324
174799,339
174812,334
174824,324
174836,344
174850,332
174862,332
174874,341
174886,329
174899,346
174912,337
174924,331
174937,347
174949,335
174961,340
174974,346
174987,337
174999,351
175011,354
175024,345
175036,361
175049,350
175062,350
175074,357
175086,349
175098,359
175112,352
175124,344
175136,357
175149,349
175161,345
175174,356
175186,342
175199,352
175211,348
175223,346
175236,358
175249,352
175261,349
175273,359
175286,344
175298,355
175311,348
175324,339
175336,354
175348,336
175361,324
175374,314
175386,293
175398,310
175411,310
175423,305
175435,321
175449,311
175461,311
175473,322
175485,311
175498,316
175511,319
175523,308
175536,322
175548,317
175560,305
175574,318
175586,308
175598,319
175610,318
175623,312
175635,329
175648,317
175661,316
175673,329
175685,322
175697,326
175711,330
175723,318
175735,338
175748,328
175760,327
175773,335
175785,326
175798,330
175810,335
175822,325
175835,337
175848,334
175860,325
175873,342
175885,325
175897,330
175910,333
175923,320
175935,335
175947,329
175960,325
175973,340
175985,326
175997,326
176010,334
176022,321
176034,335
176048,327
176060,320
176072,332
176084,323
176097,321
176110,332
176122,317
176135,329
176147,323
176159,314
176173,330
176185,319
176197,318
176209,326
176222,312
176234,320
176247,314
176260,311
176272,320
176284,305
176296,289
176310,292
176322,280
176334,283
176347,283
176359,281
176372,302
176385,298
176397,305
176409,324
176421,313
176434,325
176447,327
176459,321
176472,338
176484,328
176496,327
176509,338
176522,329
176534,333
176546,338
176559,336
176572,361
176584,353
176596,352
176609,364
176621,350
176633,355
176647,353
176659,345
176671,356
176684,346
176696,344
176709,355
176721,344
176734,351
176746,352
176758,345
176772,359
176784,350
176796,346
176808,359
176821,347
176833,347
176846,354
176859,342
176871,352
176883,336
176896,306
176909,307
176921,295
176933,307
176946,320
176958,308
176971,324
176984,317
176996,312
177008,330
177020,318
177033,326
177046,331
177058,321
177071,333
177083,329
177095,323
177108,339
177121,327
177133,331
177145,339
177158,324
177171,338
177183,338
177196,327
177208,345
177220,330
177232,334
177246,339
177258,321
177270,334
177283,331
177295,317
177308,332
177320,297
177333,276
177345,275
177357,262
177371,286
177383,300
177395,305
177408,334
177420,329
177432,336
177445,352
177458,343
177470,359
177482,362
177495,352
177508,370
177520,356
177532,360
177545,372
177557,359
177570,369
177583,366
177595,353
177607,370
177619,369
177632,357
177645,374
177657,353
177670,362
177682,365
177694,347
177708,366
177720,353
177732,346
177744,363
177757,346
177770,355
177782,357
177795,347
177807,365
177819,349
177831,342
177845,363
177857,343
177869,346
177882,347
177894,324
177907,334
177920,299
177932,266
177944,278
177956,262
177970,269
177982,285
177994,284
178007,319
178019,324
178031,325
178044,360
178057,347
178069,354
178081,371
178094,353
178107,374
178119,367
178131,358
178144,380
178156,359
178169,362
178182,372
178194,351
178206,366
178219,358
178231,342
178244,370
178256,346
178269,349
178281,362
178293,339
178307,358
178319,348
178331,331
178343,363
178356,338
178369,338
178381,358
178394,324
178406,348
178418,339
178430,315
178444,355
178456,322
178468,327
178481,353
178493,314
178506,345
178519,332
178531,310
178543,352
178555,312
178569,310
178581,331
178593,270
178606,275
178618,261
178630,228
178643,276
178656,246
178668,256
178680,300
178693,271
178706,309
178718,320
178731,303
178743,353
178755,328
178768,330
178781,369
178793,329
178805,359
178818,359
178830,335
178843,380
178855,352
178868,349
178880,384
178892,334
178906,361
178918,363
178930,334
178942,374
178955,328
178968,313
178980,343
178993,305
179005,325
179017,334
179030,302
179043,344
179055,313
179067,300
179080,326
179092,270
179105,276
179118,274
179130,239
179142,297
179154,282
179168,295
179180,353
179192,325
179205,355
179217,376
179229,338
179243,385
179255,362
179267,352
179279,397
179292,351
179305,371
179317,385
179330,346
179342,386
179354,361
179367,347
179380,387
179392,349
179404,363
179417,378
179429,342
179442,374
179454,358
179467,331
179479,385
179491,336
179505,357
179517,368
179529,330
179542,369
179554,346
179567,328
179579,366
179592,304
179604,302
179616,298
179629,250
179642,298
179654,276
179666,268
179679,327
179691,294
179704,324
179717,351
179729,312
179741,363
179753,342
179767,331
179779,386
179791,334
179804,356
179816,375
179828,332
179842,379
179854,353
179866,334
179878,395
179891,336
179904,353
179916,378
179929,322
179941,372
179953,347
179966,325
179979,382
179991,327
180003,341
180016,370
180028,317
180041,364
180054,341
180066,318
180078,376
180090,323
180104,335
180116,369
180128,312
180141,358
180153,340
180166,315
180178,373
180191,318
180203,329
180215,362
180228,309
180241,352
180253,339
180265,311
180278,368
180290,319
180303,322
180316,361
180328,305
180340,347
180353,338
180366,306
180378,364
180390,312
180403,315
180415,356
180427,297
180441,336
180453,326
180465,292
180477,349
180490,298
180503,288
180515,316
180528,229
180540,259
180552,248
180566,211
180578,271
180590,226
180602,238
180615,296
180627,245
180640,290
180653,298
180665,259
180677,319
180689,277
180703,275
180715,330
180727,270
180740,315
180752,331
180765,292
180777,359
180790,321
180802,317
180814,373
180827,318
180840,351
180852,363
180865,318
180877,374
180889,337
180902,326
180915,385
180927,327
180939,352
180952,367
180965,322
180977,383
180989,350
181002,336
181014,396
181026,337
181040,359
181052,385
181064,327
181076,379
181089,351
181102,329
181114,390
181127,321
181139,340
181151,351
181165,275
181177,314
181189,258
181201,235
181214,313
181226,272
181239,311
181252,358
181264,310
181276,373
181288,353
181302,334
181314,406
181326,345
181339,363
181351,402
181364,342
181377,393
181389,375
181401,345
181413,408
181426,350
181439,358
181451,400
181464,336
181476,382
181488,368
181501,331
181514,395
181526,336
181538,347
181551,388
181564,327
181576,372
181588,362
181601,322
181613,391
181625,333
181639,338
181651,386
181663,320
181676,360
181688,358
181701,316
181713,381
181726,329
181738,322
181750,388
181764,301
181776,356
181788,335
181800,310
181813,372
181825,321
181838,322
181851,375
181863,307
181875,353
181888,352
181901,306
181913,358
181925,300
181938,285
181950,318
181963,209
181976,251
181988,272
182000,196
182012,272
182025,234
182038,222
182050,308
182063,265
182075,304
182087,338
182100,291
182113,358
182125,329
182137,324
182150,390
182163,329
182175,362
182188,388
182200,337
182212,396
182224,359
182238,342
182250,398
182262,334
182275,353
182287,378
182300,313
182312,357
182325,330
182337,270
182349,321
182363,251
182375,261
182387,304
182400,246
182412,330
182424,318
182437,310
182450,397
182462,340
182474,371
182487,414
182500,349
182512,409
182524,384
182537,355
182549,421
182562,356
182575,373
182587,411
182599,346
182611,398
182624,379
182637,339
182649,416
182662,346
182674,362
182686,407
182700,328
182712,391
182724,366
182736,336
182749,410
182762,351
182774,358
182787,407
182799,327
182811,374
182823,366
182837,317
182849,385
182861,324
182874,325
182886,369
182899,302
182912,352
182924,350
182936,314
182948,376
182962,315
182974,306
182986,380
182999,300
183011,338
183023,352
183036,296
183049,368
183061,312
183073,313
183086,377
183099,300
183111,346
183123,352
183136,297
183148,365
183161,317
183174,308
183186,380
183198,297
183211,341
183223,352
183236,297
183248,369
183261,316
183273,314
183285,371
183299,308
183311,341
183323,356
183335,304
183348,360
183361,326
183373,303
183386,360
183398,304
183410,313
183422,347
183436,286
183448,326
183460,310
183473,267
183485,311
183498,222
183511,218
183523,251
183535,190
183547,258
183561,251
183573,240
183585,334
183598,281
183610,316
183622,368
183635,302
183648,375
183660,346
183672,316
183685,402
183698,316
183710,350
183723,393
183735,306
183747,390
183760,349
183773,318
183785,410
183797,315
183810,346
183822,391
183835,300
183847,372
183860,333
183872,287
183884,369
183898,246
183910,260
183922,310
183934,224
183947,309
183960,299
183972,272
183985,367
183997,301
184009,324
184022,385
184035,311
184047,368
184059,363
184072,315
184084,392
184097,330
184110,334
184122,398
184134,312
184146,369
184160,364
184172,310
184184,394
184197,334
184209,329
184221,400
184235,316
184247,366
184259,370
184271,314
184284,392
184297,332
184309,328
184322,401
184334,310
184346,361
184359,373
184372,303
184384,393
184396,324
184409,324
184421,400
184434,306
184446,355
184459,372
184471,301
184483,385
184497,324
184509,312
184521,397
184534,296
184546,350
184559,374
184571,293
184584,384
184596,322
184608,305
184621,394
184634,297
184646,343
184658,374
184671,286
184683,380
184696,321
184709,289
184721,384
184733,268
184745,324
184759,366
184771,276
184783,370
184796,313
184808,296
184820,384
184834,286
184846,323
184858,378
184870,278
184883,371
184896,322
184908,289
184921,381
184933,279
184945,291
184958,386
184971,239
184983,302
184995,278
185008,191
185020,327
185033,203
185046,251
185058,306
185070,222
185082,332
185096,306
185108,280
185120,396
185133,295
185145,336
185158,400
185170,297
185183,379
185195,346
185207,313
185220,414
185233,314
185245,333
185257,411
185270,312
185282,380
185295,370
185308,301
185320,401
185332,306
185345,315
185358,384
185370,253
185382,308
185395,281
185407,211
185419,322
185433,222
185445,242
185457,336
185469,225
185482,324
185495,341
185507,283
185520,406
185532,329
185544,339
185558,440
185570,324
185582,411
185594,419
185607,329
185619,455
185632,353
185645,347
185657,460
185669,311
185681,402
185695,413
185707,306
185719,442
185732,329
185744,326
185757,439
185769,297
185782,374
185794,399
185806,293
185819,415
185832,328
185844,310
185857,432
185869,285
185881,354
185894,395
185907,285
185919,395
185931,309
185944,268
185957,456
185969,281
185981,347
185994,392
186006,275
186018,408
186032,314
186044,284
186056,423
186068,261
186081,337
186094,373
186106,262
186119,368
186131,317
186143,263
186157,393
186169,268
186181,302
186193,366
186206,257
186218,366
186231,320
186244,273
186256,392
186268,266
186280,304
186294,377
186306,249
186318,351
186331,323
186343,261
186356,386
186369,279
186381,292
186393,393
186405,268
186418,338
186431,349
186443,277
186456,390
186468,296
186480,298
186493,401
186506,269
186518,368
186530,355
186543,283
186556,403
186568,292
186580,322
186593,408
186605,272
186617,371
186631,373
186643,284
186655,404
186668,313
186680,334
186693,406
186705,302
186718,370
186730,379
186742,286
186756,404
186768,325
186780,302
186792,410
186805,281
186817,353
186830,374
186843,276
186855,388
186867,311
186880,298
186893,400
186905,276
186917,333
186930,366
186942,270
186955,373
186968,313
186980,283
186992,394
187004,274
187017,322
187030,365
187042,264
187055,372
187067,320
187079,274
187092,390
187105,276
187117,317
187129,378
187142,257
187155,371
187167,316
187180,281
187192,384
187204,275
187216,318
187230,375
187242,277
187254,368
187267,338
187279,288
187292,399
187304,292
187317,319
187329,394
187341,278
187355,372
187367,346
187379,286
187392,401
187404,297
187416,320
187429,398
187442,283
187454,366
187466,352
187479,285
187492,398
187504,300
187516,311
187529,398
187541,277
187554,360
187567,357
187579,284
187591,400
187603,302
187616,313
187629,405
187641,282
187654,360
187666,364
187678,285
187692,398
187704,308
187716,306
187728,404
187741,281
187754,354
187766,368
187779,282
187791,395
187803,308
187815,301
187829,405
187841,280
187853,348
187866,371
187878,279
187891,388
187904,315
187916,296
187928,402
187940,279
187954,338
187966,376
187978,277
187991,382
188003,318
188015,292
188028,402
188041,280
188053,335
188065,380
188078,277
188091,380
188103,321
188115,289
188128,400
188140,280
188153,328
188166,383
188178,272
188190,377
188203,328
188215,287
188228,396
188240,285
188253,325
188265,388
188277,275
188291,376
188303,334
188315,287
188327,399
188340,288
188353,321
188365,390
188378,274
188390,372
188402,340
188414,282
188428,397
188440,292
188452,318
188465,395
188477,273
188490,363
188503,344
188515,279
188527,396
188539,294
188553,311
188565,395
188577,274
188590,360
188602,352
188614,279
188627,393
188640,296
188652,309
188664,400
188677,276
188690,356
188702,357
188715,276
188727,391
188739,298
188752,302
188765,398
188777,273
188789,348
188802,361
188814,275
188827,390
188839,306
188852,302
188864,397
188876,281
188890,344
188902,369
188914,275
188926,389
188939,310
188952,299
188964,401
188977,278
188989,340
189001,372
189014,272
189027,386
189039,314
189051,293
189064,400
189076,279
189089,333
189102,376
189114,270
189126,384
189138,318
189152,289
189164,402
189176,280
189189,328
189201,381
189213,270
189227,380
189239,326
189251,288
189263,402
189276,281
189289,324
189301,386
189314,272
189326,374
189338,330
189351,284
189364,401
189376,285
189388,321
189401,392
189413,270
189426,372
189438,338
189451,283
189463,399
189475,289
189489,318
189501,395
189513,271
189526,369
189538,345
189551,282
189563,399
189576,293
189588,317
189600,397
189613,277
189626,363
189638,353
189650,285
189663,398
189675,301
189688,311
189701,400
189713,278
189725,358
189737,359
189751,283
189763,398
189775,302
189788,309
189800,402
189812,278
189826,355
189838,367
189850,280
189862,395
189875,307
189888,302
189900,401
189913,276
189925,348
189937,369
189950,277
189963,390
189975,311
189987,297
190000,403
190012,279
190025,343
190038,371
190050,274
190062,384
190074,314
190088,295
190100,398
190112,275
190125,332
190137,365
190150,254
190162,338
190175,250
190187,214
190199,327
190212,221
190225,288
190237,353
190249,256
190262,371
190274,323
190287,291
190300,408
190312,291
190324,339
190337,401
190350,287
190362,394
190374,349
190387,302
190399,420
190411,302
190425,342
190437,409
190449,291
190461,390
190474,355
190487,300
190499,414
190512,304
190524,334
190536,406
190550,286
190562,376
190574,354
190586,293
190599,402
190611,303
190624,324
190637,403
190649,289
190661,368
190673,358
190687,289
190699,401
190711,306
190724,319
190736,406
190749,280
190761,364
190774,362
190786,282
190798,399
190811,306
190824,306
190836,397
190849,276
190861,353
190873,363
190886,281
190899,392
190911,304
190923,302
190936,397
190949,279
190961,346
190973,364
190986,282
190998,385
191010,310
191024,303
191036,400
191048,288
191060,339
191073,373
191086,275
191098,380
191111,308
191123,288
191135,394
191149,276
191161,331
191173,377
191185,276
191198,383
191210,320
191223,294
191236,400
191248,283
191260,335
191272,381
191286,276
191298,376
191310,326
191323,290
191335,393
191348,283
191361,321
191373,378
191385,270
191397,366
191410,319
191423,264
191435,353
191448,235
191460,272
191472,351
191485,250
191498,352
191510,325
191522,277
191535,396
191548,290
191560,320
191572,395
191585,278
191597,373
191609,349
191623,288
191635,406
191647,297
191660,322
191672,401
191685,284
191697,370
191710,354
191722,288
191734,400
191748,303
191760,314
191772,401
191784,275
191797,357
191809,352
191822,278
191835,394
191847,293
191859,314
191872,400
191885,270
191897,361
191909,360
191922,271
191934,405
191947,289
191960,300
191972,394
191984,300
191996,355
192009,370
192022,286
192034,400
192047,310
192059,325
192071,409
192084,279
192097,372
192109,394
192121,294
192134,412
192147,334
192159,311
192172,428
192184,292
192196,369
192208,402
192222,290
192234,420
192246,330
192259,307
192271,423
192284,291
192296,351
192309,399
192321,276
192333,394
192347,339
192359,297
192371,421
192384,271
192396,352
192408,399
192421,276
192434,391
192446,327
192458,290
192471,417
192484,283
192496,332
192508,399
192521,273
192533,387
192546,331
192559,283
192571,407
192583,274
192595,314
192608,388
192621,256
192633,368
192646,330
192658,268
192670,402
192684,277
192696,316
192708,395
192720,261
192733,374
192746,337
192758,274
192771,404
192783,279
192795,304
192807,400
192821,255
192833,359
192845,339
192858,261
192870,392
192883,278
192896,292
192908,389
192920,249
192932,343
192946,328
192958,234
192970,347
192983,216
192995,220
193007,321
193020,176
193033,279
193045,294
193057,216
193070,362
193083,264
193095,275
193107,400
193120,256
193132,353
193145,374
193158,264
193170,418
193182,309
193195,307
193207,436
193220,276
193232,372
193245,395
193257,273
193269,428
193283,318
193295,310
193307,437
193319,282
193332,362
193345,398
193357,277
193370,406
193382,315
193394,291
193406,415
193420,273
193432,334
193444,387
193457,272
193469,392
193482,328
193495,291
193507,410
193519,281
193531,329
193545,389
193557,275
193569,377
193582,333
193594,288
193606,396
193619,290
193632,322
193644,386
193656,279
193669,370
193682,340
193694,289
193707,392
193719,297
193731,317
193744,392
193757,279
193769,369
193781,347
193794,288
193806,401
193819,299
193831,317
193844,402
193856,280
193868,367
193882,352
193894,287
193906,403
193918,299
193931,317
193944,405
193956,278
193969,364
193981,361
193993,283
194006,403
194019,302
194031,312
194043,405
194056,279
194068,358
194081,365
194094,280
194106,398
194118,307
194130,306
194144,406
194156,277
194168,353
194181,368
194193,278
194205,395
194219,304
194231,296
194243,403
194255,269
194268,337
194281,360
194293,255
194306,355
194318,256
194330,234
194343,352
194356,229
194368,309
194380,353
194393,254
194405,377
194418,314
194430,296
194443,414
194455,288
194467,349
194481,400
194493,291
194505,407
194518,343
194530,303
194543,420
194555,281
194568,322
194580,378
194592,263
194605,378
194618,325
194630,288
194642,404
194655,286
194667,325
194680,398
194693,276
194705,380
194717,342
194729,289
194743,409
194755,292
194767,328
194780,403
194792,281
194804,378
194818,350
194830,282
194842,402
194854,290
194867,309
194880,402
194892,277
194905,373
194917,357
194929,292
194942,418
194955,307
194967,321
194979,402
194992,262
195004,326
195017,292
195030,201
195042,316
195054,191
195066,263
195080,344
195092,293
195104,346
195117,374
195129,295
195142,419
195154,327
195167,327
195179,429
195191,298
195204,385
195217,393
195229,304
195241,422
195254,329
195266,320
195279,434
195292,299
195304,371
195316,396
195329,299
195342,416
195354,338
195366,320
195379,428
195391,302
195403,362
195417,398
195429,293
195441,405
195453,329
195466,307
195479,413
195491,284
195504,344
195516,379
195528,254
195542,309
195554,248
195566,208
195578,339
195591,207
195603,270
195616,331
195629,206
195641,343
195653,259
195665,205
195679,336
195691,166
195703,316
195716,340
195728,213
195741,321
195753,279
195766,239
195778,365
195790,251
195803,307
195816,384
195828,273
195841,367
195853,333
195865,259
195878,379
195891,243
195903,280
195915,347
195928,226
195941,311
195953,282
195965,227
195978,348
195990,242
196002,272
196016,363
196028,248
196040,352
196052,346
196065,276
196078,410
196090,305
196103,341
196115,440
196127,302
196141,409
196153,407
196165,335
196177,470
196190,364
196202,372
196215,485
196228,340
196240,436
196252,433
196264,343
196278,479
196290,363
196302,366
196315,476
196327,332
196340,410
196353,432
196365,325
196377,456
196389,356
196402,351
196415,458
196427,322
196440,390
196452,417
196464,313
196477,435
196490,346
196502,330
196514,445
196527,306
196540,373
196552,410
196564,296
196577,417
196589,337
196601,310
196615,427
196627,291
196639,350
196652,398
196664,280
196677,402
196689,331
196702,295
196714,418
196726,279
196740,337
196752,395
196764,263
196776,390
196789,327
196801,284
196814,409
196827,276
196839,330
196851,388
196864,259
196877,378
196889,328
196901,275
196914,401
196926,281
196939,313
196952,392
196964,259
196976,370
196988,329
197001,273
197014,400
197026,275
197039,309
197051,387
197063,262
197076,360
197089,336
197101,272
197113,393
197126,278
197139,310
197151,392
197164,261
197176,353
197188,341
197200,266
197214,391
197226,282
197238,299
197251,394
197263,260
197276,350
197288,347
197301,264
197313,395
197325,287
197339,299
197351,395
197363,265
197376,340
197388,360
197400,260
197413,389
197426,290
197438,292
197450,393
197463,264
197476,338
197488,363
197500,266
197513,387
197525,300
197538,286
197551,399
197563,266
197575,334
197587,370
197600,262
197613,384
197625,303
197638,290
197650,394
197662,273
197676,323
197688,367
197700,251
197712,354
197725,283
197738,240
197750,345
197763,209
197775,254
197787,302
197799,182
197813,301
197825,242
197837,208
197850,338
197862,207
197875,264
197888,321
197900,205
197912,324
197924,267
197938,225
197950,350
197962,223
197975,275
197987,341
197999,221
198012,332
198025,293
198037,241
198049,376
198062,253
198075,304
198087,377
198099,253
198112,359
198124,332
198137,273
198150,415
198162,301
198174,343
198187,436
198199,290
198212,404
198224,361
198237,275
198249,405
198261,275
198275,306
198287,417
198299,285
198311,412
198324,410
198337,350
198349,502
198362,380
198374,412
198386,513
198398,366
198412,464
198424,460
198436,368
198449,504
198461,381
198474,392
198487,490
198499,353
198511,430
198523,444
198537,345
198549,474
198561,370
198574,370
198586,479
198598,329
198611,416
198624,429
198636,320
198648,456
198661,352
198674,340
198686,457
198699,312
198711,382
198723,412
198736,302
198749,423
198761,344
198773,320
198786,432
198798,297
198811,359
198823,396
198836,280
198848,405
198860,327
198874,302
198886,413
198898,289
198910,336
198923,387
198936,276
198948,384
198961,323
198973,292
198985,408
198998,280
199011,330
199023,380
199035,269
199048,374
199060,323
199073,277
199086,399
199098,275
199110,317
199122,383
199136,264
199148,367
199160,327
199173,270
199185,394
199197,272
199211,306
199223,382
199235,255
199247,358
199260,328
199273,264
199285,391
199298,271
199310,301
199322,383
199335,254
199348,353
199360,331
199372,259
199385,383
199397,272
199410,295
199422,381
199435,252
199447,347
199459,340
199473,260
199485,387
199497,277
199510,292
199522,387
199535,257
199547,346
199560,343
199572,260
199584,390
199597,282
199610,292
199622,394
199634,260
199647,347
199659,354
199672,259
199685,384
199697,291
199709,293
199721,395
199735,264
199747,346
199759,358
199772,260
199784,384
199796,298
199810,291
199822,400
199834,267
199846,342
199859,369
199872,268
199884,378
199897,313
199909,289
199921,398
199934,276
199947,334
199959,380
199971,265
199984,397
199996,310
200009,296
200022,418
200034,261
200046,343
200058,392
200072,273
200084,400
200096,327
200109,290
200121,412
200134,283
200146,339
200159,403
200171,271
200183,405
200196,340
200209,296
200221,432
200233,285
200246,350
200258,405
200271,279
200284,396
200296,337
200308,285
200321,408
200334,277
200346,313
200358,383
200371,253
200383,364
200395,319
200409,263
200421,392
200433,270
200445,303
200458,388
200471,253
200483,360
200496,331
200508,265
200520,392
200534,273
200546,300
200558,391
200570,262
200583,359
200595,345
200608,264
200621,404
200633,281
200645,308
200657,402
200671,270
200683,354
200695,357
200708,268
200720,394
200733,292
200745,307
200758,406
200770,272
200782,356
200795,358
200808,271
200820,392
200833,296
200845,300
200857,403
200870,273
200883,341
200895,378
200907,267
200920,405
200933,300
200945,298
200957,397
200970,281
200982,345
200994,373
201008,271
201020,387
201032,308
201044,291
201057,405
201070,268
201082,342
201095,381
201107,271
201119,393
201133,316
201145,296
201157,408
201169,270
201182,338
201194,380
201207,268
201220,392
201232,311
201244,284
201256,404
201270,269
201282,334
201294,381
201307,263
201319,384
201332,321
201345,278
201357,406
201369,268
201381,325
201394,385
201407,257
201419,389
201432,311
201444,301
201456,400
201469,281
201482,339
201494,403
201506,273
201519,397
201532,343
201544,291
201556,427
201569,274
201581,316
201593,395
201607,272
201619,398
201631,356
201644,276
201656,427
201669,289
201681,330
201694,413
201706,277
201718,387
201732,368
201744,280
201756,421
201768,285
201781,305
201793,410
201806,261
201819,379
201831,352
201843,272
201856,410
201869,295
201881,311
201893,418
201906,264
201918,367
201931,359
201944,266
201956,404
201968,288
201980,292
201993,418
202006,256
202018,361
202031,363
202043,253
202055,407
202068,289
202081,294
202093,408
202105,252
202118,354
202131,369
202143,259
202156,407
202168,279
202180,309
202192,411
202206,257
202218,355
202230,373
202243,265
202255,402
202268,300
202280,286
202293,406
202305,262
202317,340
202331,392
202343,249
202355,389
202368,300
202380,272
202392,411
202405,246
202418,321
202430,374
202442,239
202455,394
202468,294
202480,272
202492,394
202505,246
202517,313
202530,370
202543,232
202555,343
202567,253
202579,189
202592,331
202605,176
202617,250
202630,342
202642,206
202654,363
202668,304
202680,256
202692,418
202704,264
202717,330
202730,411
202742,267
202755,403
202767,351
202779,286
202791,440
202805,289
202817,336
202829,422
202842,270
202854,400
202867,354
202880,278
202892,422
202904,277
202916,317
202930,416
202942,258
202954,389
202967,352
202979,279
202991,426
203004,287
203017,321
203029,426
203041,261
203054,385
203067,362
203079,273
203091,426
203104,285
203116,312
203129,419
203142,261
203154,375
203166,366
203179,269
203191,424
203204,294
203216,304
203229,428
203241,264
203253,366
203267,376
203279,268
203291,418
203303,303
203316,303
203329,425
203341,269
203354,360
203366,378
203378,270
203390,404
203404,306
203416,299
203428,414
203441,273
203453,344
203466,381
203479,272
203491,394
203503,315
203515,297
203529,405
203541,280
203553,337
203566,380
203578,272
203590,384
203603,322
203616,290
203628,403
203640,278
203653,335
203666,379
203678,270
203691,380
203703,324
203715,288
203728,401
203741,284
203753,325
203765,384
203778,274
203790,380
203803,333
203815,287
203828,404
203840,287
203852,328
203866,393
203878,273
203890,375
203902,339
203915,285
203928,401
203940,292
203953,324
203965,396
203977,277
203990,370
204003,347
204015,283
204027,403
204040,290
204052,320
204065,398
204078,275
204090,371
204102,351
204114,285
204128,400
204140,298
204152,316
204165,400
204177,273
204189,364
204203,354
204215,279
204227,396
204239,290
204252,300
204265,387
204277,252
204290,326
204302,318
204314,237
204327,364
204340,274
204352,287
204364,390
204377,266
204389,346
204402,359
204414,276
204427,398
204439,305
204451,305
204465,409
204477,285
204489,355
204502,375
204514,284
204527,401
204539,317
204552,308
204564,416
204576,287
204589,356
204602,384
204614,279
204626,404
204639,319
204651,306
204664,415
204677,284
204689,348
204701,384
204713,280
204727,395
204739,328
204751,299
204764,411
204776,285
204788,340
204802,386
204814,274
204826,394
204838,327
204851,297
204864,416
204876,282
204889,341
204901,395
204913,274
204926,391
204939,333
204951,294
204963,414
204976,282
204988,332
205001,393
205014,273
205026,384
205038,337
205050,287
205064,410
205076,288
205088,326
205101,398
205113,272
205126,380
205138,339
205151,283
205163,409
205175,286
205188,315
205201,399
205213,264
205225,361
205238,332
205250,263
205263,381
205276,251
205288,258
205300,342
205313,208
205326,315
205338,309
205350,249
205363,387
205375,283
205387,312
205401,407
205413,278
205425,377
205437,372
205450,290
205463,421
205475,312
205488,326
205500,427
205512,289
205526,379
205538,375
205550,296
205562,417
205575,317
205587,320
205600,425
205613,284
205625,370
205637,381
205649,283
205663,413
205675,312
205687,311
205700,425
205712,281
205725,367
205737,382
205750,276
205762,395
205774,306
205787,318
205800,431
205812,297
205825,358
205837,394
205849,267
205862,417
205875,324
205887,308
205899,440
205912,286
205925,361
205937,404
205949,277
205962,417
205974,332
205986,300
206000,422
206012,285
206024,346
206036,394
206049,254
206062,423
206074,335
206087,291
206099,425
206111,274
206125,339
206137,400
206149,277
206161,390
206174,338
206186,293
206199,422
206212,272
206224,328
206236,389
206248,258
206262,393
206274,337
206286,278
206299,419
206311,271
206324,316
206337,400
206349,259
206361,368
206373,324
206386,256
206399,389
206411,245
206424,322
206436,380
206448,254
206461,359
206474,336
206486,264
206498,412
206511,280
206524,309
206536,410
206548,261
206561,370
206573,348
206585,269
206599,403
206611,276
206623,296
206636,393
206648,261
206661,356
206673,357
206686,265
206698,395
206710,289
206724,287
206736,408
206748,274
206760,367
206773,371
206785,272
206798,413
206811,294
206823,299
206835,418
206848,253
206861,351
206873,374
206885,269
206898,415
206910,302
206923,297
206936,418
206948,266
206960,348
206972,374
206985,246
206998,402
207010,280
207023,275
207035,402
207047,251
207060,337
207073,367
207085,255
207097,393
207110,298
207123,273
207135,410
207148,247
207160,324
207172,379
207184,245
207198,386
207210,298
207222,275
207235,404
207247,255
207260,328
207272,379
207285,249
207297,386
207309,307
207323,268
207335,409
207347,260
207360,318
207372,388
207384,246
207397,381
207410,310
207422,267
207434,407
207447,257
207460,319
207472,386
207484,248
207497,371
207509,322
207522,264
207535,405
207547,264
207559,309
207571,395
207584,250
207597,371
207609,330
207622,268
207634,404
207646,272
207660,307
207672,399
207684,257
207696,366
207709,340
207722,269
207734,405
207747,280
207759,305
207771,410
207783,258
207797,368
207809,350
207821,261
207834,415
207846,278
207859,303
207872,416
207884,256
207896,371
207908,365
207922,267
207934,421
207946,289
207959,306
207971,426
207983,259
207996,364
208009,367
208021,265
208033,409
208046,296
208059,298
208071,417
208083,267
208096,354
208108,374
208121,266
208134,402
208146,303
208158,296
208171,414
208183,267
208196,348
208208,379
208221,262
208233,400
208245,308
208259,291
208271,415
208283,269
208295,340
208308,384
208321,265
208333,386
208346,318
208358,288
208370,409
208382,276
208396,332
208408,384
208420,267
208433,382
208445,320
208458,284
208471,406
208483,278
208495,327
208507,383
208521,273
208533,377
208545,331
208558,283
208570,404
208582,284
208595,322
208608,390
208620,270
208632,371
208645,335
208658,281
208670,400
208683,285
208695,321
208707,395
208720,270
208733,373
208745,344
208757,288
208770,408
208782,289
208795,321
208807,402
208820,274
208832,372
208844,354
208858,280
208870,405
208882,291
208894,315
208907,407
208920,268
208932,366
208945,354
208957,267
208969,384
208982,262
208995,262
209007,345
209019,206
209032,293
209044,291
209057,212
209070,346
209082,257
209094,276
209106,380
209120,261
209132,350
209144,366
209157,283
209169,404
209181,315
209195,315
209207,423
209219,291
209231,371
209244,387
209257,297
209269,413
209282,330
209294,315
209306,425
209319,294
209332,364
209344,386
209356,294
209369,398
209381,332
209394,311
209406,418
209419,294
209431,347
209443,390
209457,292
209469,395
209481,335
209494,305
209506,412
209519,295
209531,344
209544,390
209556,288
209568,388
209581,336
209594,298
209606,406
209618,292
209631,336
209643,389
209656,282
209669,381
209681,338
209693,293
209705,404
209719,291
209731,328
209743,390
209756,282
209768,372
209780,343
209794,289
209806,405
209818,290
209830,323
209843,391
209856,280
209868,371
209881,342
209893,290
209905,396
209918,293
209931,310
209943,383
209955,262
209968,365
209980,340
209993,295
210006,363
210018,293
210030,335
210042,374
210056,282
210068,338
210080,336
210093,301
210105,392
210118,297
210130,296
210143,399
210155,290
210167,342
210180,365
210193,294
210205,383
210217,313
210230,298
210242,407
210255,274
210268,360
210280,349
210292,298
210305,375
210318,314
210330,296
210342,401
210355,275
210367,343
210379,367
210393,272
210405,389
210417,299
210429,300
210442,396
210455,272
210467,337
210480,364
210492,276
210504,382
210518,310
210530,296
210542,398
210554,278
210567,338
210579,380
210592,275
210605,381
210617,326
210629,297
210641,410
210655,284
210667,342
210679,378
210692,282
210704,378
210717,336
210729,302
210742,405
210754,293
210766,332
210779,395
210792,292
210804,396
210817,341
210829,306
210841,420
210854,305
210867,332
210879,368
210891,249
210904,367
210917,360
210929,295
210941,390
210954,285
210966,322
210978,383
210992,274
211004,345
211016,318
211028,254
211041,396
211054,314
211066,302
211079,379
211091,268
211103,348
211117,342
211129,289
211141,380
211153,304
211166,297
211178,401
211191,281
211204,359
211216,355
211228,288
211240,405
211254,295
211266,323
211278,394
211291,298
211303,357
211316,366
211329,287
211341,399
211353,310
211365,317
211378,406
211391,290
211403,355
211416,371
211428,282
211440,400
211453,302
211466,308
211478,402
211490,272
211503,357
211516,367
211528,268
211540,390
211553,306
211565,296
211577,401
211591,269
211603,327
211615,337
211628,219
211640,324
211653,220
211665,209
211678,316
211690,184
211702,271
211716,308
211728,225
211740,344
211752,290
211765,274
211777,400
211790,283
211803,352
211815,399
211827,291
211840,408
211853,349
211865,319
211877,438
211890,307
211902,365
211915,413
211928,298
211940,408
211952,350
211964,303
211977,419
211990,292
212002,322
212015,379
212027,231
212039,328
212052,265
212065,210
212077,338
212089,205
212102,259
212115,332
212127,227
212140,338
212152,320
212164,273
212176,397
212190,295
212202,324
212214,407
212227,284
212239,388
212252,364
212264,304
212277,423
212289,322
212301,343
212315,425
212327,306
212339,392
212352,377
212364,308
212376,415
212389,321
212402,324
212414,408
212426,294
212439,362
212452,357
212464,285
212476,368
212489,282
212501,266
212514,337
212527,226
212539,283
212551,298
212563,224
212576,333
212589,275
212601,277
212614,377
212626,278
212638,342
212652,372
212664,295
212676,399
212688,336
212701,330
212714,420
212726,317
212739,375
212751,398
212763,323
212775,408
212789,354
212801,335
212813,423
212826,320
212838,370
212851,404
212864,309
212876,411
212888,352
212900,327
212914,425
212926,317
212938,363
212951,408
212963,309
212975,398
212988,354
213001,317
213013,416
213025,307
213038,348
213051,402
213063,295
213075,394
213088,348
213100,310
213113,412
213126,306
213138,344
213150,404
213163,293
213175,393
213188,346
213200,303
213213,414
213225,299
213237,340
213251,406
213263,286
213275,383
213287,352
213300,300
213313,407
213325,302
213338,323
213350,409
213362,283
213374,380
213388,349
213400,287
213412,405
213425,288
213437,328
213450,404
213463,277
213475,374
213487,352
213499,291
213513,402
213525,297
213537,307
213550,369
213562,281
213574,394
213587,356
213600,283
213612,407
213624,296
213637,303
213650,389
213662,262
213675,364
213687,365
213699,275
213712,401
213725,290
213737,305
213749,402
213762,285
213774,344
213787,373
213799,275
213812,395
213824,302
213836,295
213850,408
213862,268
213874,347
213886,368
213899,271
213912,391
213924,303
213937,289
213949,402
213961,266
213974,340
213987,369
213999,267
214011,379
214024,318
214036,298
214049,408
214062,276
214074,345
214086,381
214098,273
214112,386
214124,320
214136,288
214149,401
214161,283
214173,334
214187,379
214199,272
214211,379
214223,324
214236,283
214249,401
214261,281
214274,325
214286,385
214298,270
214311,380
214324,325
214336,285
214348,402
214361,284
214373,318
214386,392
214398,269
214411,369
214423,332
214435,278
214449,397
214461,282
214473,315
214486,387
214498,269
214511,367
214523,342
214536,279
214548,399
214560,288
214573,312
214586,401
214598,262
214610,370
214623,349
214635,268
214648,412
214661,280
214673,315
214685,413
214697,265
214711,368
214723,354
214735,264
214748,417
214760,284
214772,307
214786,420
214798,260
214810,368
214822,362
214835,264
214848,414
214860,285
214873,301
214885,417
214897,261
214910,358
214923,366
214935,264
214947,405
214960,294
214972,296
214985,419
214998,258
215010,355
215022,367
215034,255
215048,408
215060,296
215072,287
215085,421
215097,253
215110,354
215122,378
215135,252
215147,410
215159,296
215172,287
215185,423
215197,257
215209,342
215222,387
215234,251
215247,407
215260,305
215272,280
215284,432
215297,251
215310,342
215322,398
215334,242
215347,410
215359,315
215371,269
215385,437
215397,250
215409,331
215421,405
215434,241
215447,407
215459,320
215472,270
215484,430
215496,253
215510,326
215522,404
215534,243
215546,395
215559,329
215571,258
215584,430
215597,260
215609,316
215621,409
215633,244
215647,389
215659,332
215671,249
215684,433
215696,259
215709,297
215721,421
215734,234
215746,381
215758,342
215771,256
215784,429
215796,266
215809,307
215821,420
215833,242
215846,374
215859,352
215871,260
215883,420
215896,276
215909,302
215921,412
215933,252
215946,361
215958,357
215970,262
215984,401
215996,288
216008,289
216020,408
216033,259
216046,352
216058,359
216071,263
216083,395
216095,295
216109,289
216121,404
216133,264
216145,342
216158,370
216170,265
216183,391
216196,301
216208,287
216220,404
216232,265
216246,340
216258,373
216270,269
216283,391
216295,314
216308,296
216321,413
216333,276
216345,344
216357,387
216370,276
216383,399
216395,326
216408,295
216420,418
216432,280
216445,341
216458,392
216470,272
216482,398
216495,328
216508,287
216520,420
216532,272
216545,328
216557,385
216569,238
216583,347
216595,280
216607,213
216620,355
216632,211
216645,263
216657,358
216670,224
216682,368
216694,323
216708,268
216720,426
216732,284
216744,335
216757,425
216769,287
216782,407
216795,366
216807,302
216819,443
216832,306
216845,344
216857,435
216869,284
216882,404
216894,372
216907,294
216920,438
216932,300
216944,332
216956,432
216969,276
216982,388
216994,375
217007,288
217019,441
217031,307
217044,327
217057,444
217069,270
217081,392
217094,384
217107,284
217119,436
217132,308
217144,317
217156,440
217168,274
217182,372
217194,384
217206,271
217219,435
217231,305
217244,321
217256,462
217269,290
217281,403
217293,421
217307,308
217319,456
217331,338
217344,332
217356,460
217368,291
217381,382
217394,407
217406,283
217418,433
217431,319
217444,311
217456,444
217468,285
217481,376
217493,421
217506,284
217519,431
217531,330
217543,307
217555,448
217568,273
217581,357
217593,405
217606,264
217618,413
217630,322
217644,283
217656,437
217668,268
217680,338
217693,408
217706,262
217718,405
217731,329
217743,281
217755,432
217767,266
217781,334
217793,406
217805,253
217818,395
217830,330
217843,272
217856,427
217868,259
217880,315
217892,409
217906,243
217918,384
217930,324
217943,264
217955,415
217967,258
217980,307
217993,401
218005,236
218017,378
218030,332
218043,242
218055,405
218067,242
218080,263
218092,436
218105,246
218118,341
218130,313
218142,162
218155,328
218167,130
218180,152
218192,279
218205,58
218216,260
218228,163
218242,95
218253,309
218265,93
218276,272
218289,227
218301,115
218314,364
218327,152
218339,219
218351,366
218363,154
218377,343
218389,320
218401,205
218414,430
218426,236
218439,279
218451,439
218464,200
218476,374
218488,369
218501,229
218514,458
218526,265
218539,279
218551,464
218563,205
218576,369
218589,368
218601,195
218613,438
218626,230
218639,245
218651,413
218663,168
218676,329
218688,375
218700,213
218714,491
218726,319
218738,321
218750,542
218763,294
218776,432
218788,482
218801,304
218813,527
218825,370
218839,335
218851,539
218863,321
218875,410
218888,489
218900,278
218913,510
218926,371
218938,328
218950,530
218962,301
218976,401
218988,479
219000,292
219013,480
219025,344
219038,295
219051,513
219063,257
219075,380
219087,447
219100,257
219113,431
219125,354
219138,261
219150,478
219162,260
219175,357
219188,452
219200,251
219212,438
219225,352
219238,274
219250,468
219262,270
219275,355
219287,448
219299,251
219313,425
219325,359
219337,263
219350,460
219362,264
219375,312
219387,444
219400,231
219412,396
219424,340
219438,252
219450,445
219462,255
219474,299
219487,452
219499,224
219512,392
219525,367
219537,244
219549,446
219561,271
219575,283
219587,464
219599,231
219612,373
219624,380
219637,240
219650,450
219662,265
219674,281
219686,447
219699,224
219712,361
219724,377
219737,217
219749,438
219761,260
219774,234
219787,456
219799,217
219811,353
219824,400
219837,181
219849,453
219862,272
219874,276
219886,459
219898,231
219912,341
219924,412
219936,232
219949,443
219961,311
219974,277
219986,451
219999,242
220011,346
220023,409
220037,239
220049,419
220061,302
220073,265
220086,441
220098,245
220111,322
220124,415
220136,224
220148,422
220161,309
220174,250
220186,458
220198,233
220211,330
220223,404
220236,233
220249,411
220261,316
220273,246
220285,446
220298,239
220311,318
220323,421
220336,200
220348,411
220360,323
220374,244
220386,442
220398,243
220410,303
220423,419
220436,220
220448,386
220461,336
220473,231
220485,442
220497,242
220511,275
220523,430
220535,221
220548,367
220560,350
220573,232
220585,431
220598,253
220610,276
220622,440
220636,211
220648,373
220660,357
220673,228
220685,441
220697,249
220710,287
220723,440
220735,214
220747,369
220760,368
220773,221
220785,443
220797,263
220810,264
220822,455
220835,216
220848,371
220860,379
220872,229
220884,442
220897,279
220910,256
220922,466
220935,216
220947,368
220959,390
220973,222
220985,445
220997,288
221009,266
221022,458
221035,223
221047,354
221060,400
221072,223
221084,441
221096,291
221110,260
221122,464
221134,230
221147,348
221159,414
221172,219
221185,429
221197,308
221209,254
221221,448
221235,218
221247,315
221259,408
221272,218
221284,409
221296,315
221309,256
221322,448
221334,245
221346,316
221359,423
221372,218
221384,413
221396,321
221409,252
221421,445
221434,247
221447,306
221459,422
221471,235
221484,388
221496,340
221509,255
221521,436
221534,259
221546,312
221558,426
221572,241
221584,388
221596,342
221608,259
221621,435
221634,266
221646,304
221659,436
221671,234
221683,382
221696,360
221709,250
221721,435
221733,271
221746,299
221758,436
221771,240
221784,378
221796,366
221808,254
221820,434
221834,274
221846,300
221858,436
221871,244
221883,364
221895,385
221908,254
221921,430
221933,288
221945,296
221958,440
221971,247
221983,361
221996,387
222008,253
222020,426
222033,297
222046,284
222058,440
222070,249
222083,349
222095,400
222108,244
222120,423
222133,304
222145,273
222157,436
222171,234
222183,332
222195,352
222208,188
222220,342
222233,235
222245,194
222258,373
222270,192
222282,289
222295,367
222308,213
222320,388
222332,302
222345,270
222357,427
222370,254
222383,330
222395,416
222407,252
222419,413
222433,334
222445,281
222457,440
222470,272
222482,331
222494,420
222508,261
222520,402
222532,347
222544,286
222557,426
222570,288
222582,328
222595,411
222607,276
222619,375
222632,356
222645,282
222657,420
222669,291
222682,322
222694,426
222707,265
222720,393
222732,369
222744,274
222756,439
222770,291
222782,320
222794,447
222807,260
222819,390
222832,384
222844,267
222857,454
222869,292
222881,309
222894,457
222907,253
222919,389
222931,387
222944,262
222956,446
222969,294
222982,306
222994,449
223006,259
223019,375
223032,390
223044,254
223056,440
223069,298
223081,293
223093,443
223107,254
223119,355
223131,393
223143,256
223156,420
223169,295
223181,289
223194,433
223206,249
223218,348
223232,393
223244,248
223256,405
223268,308
223281,270
223293,447
223306,257
223319,350
223331,421
223343,253
223355,437
223369,336
223381,290
223393,468
223406,266
223418,344
223431,443
223443,232
223456,444
223468,336
223480,260
223493,473
223506,258
223518,332
223531,435
223543,237
223555,415
223568,334
223581,258
223593,442
223605,246
223618,314
223631,414
223643,213
223655,360
223668,311
223680,195
223692,388
223706,182
223718,233
223730,375
223742,180
223755,338
223768,325
223780,219
223793,428
223805,255
223817,305
223831,448
223843,245
223855,394
223867,393
223880,254
223892,472
223905,292
223918,322
223930,472
223942,258
223954,403
223968,407
223980,267
223992,466
224005,302
224017,291
224030,478
224043,245
224055,388
224067,402
224079,250
224092,457
224105,298
224117,290
224130,462
224142,236
224154,363
224167,404
224180,230
224192,452
224204,291
224217,282
224230,448
224242,246
224254,342
224267,406
224279,236
224291,429
224305,308
224317,276
224329,460
224342,240
224354,339
224367,426
224379,228
224392,429
224404,326
224416,260
224430,474
224442,230
224454,330
224466,439
224479,223
224491,434
224504,326
224517,263
224529,466
224541,243
224553,321
224567,443
224579,206
224591,425
224604,333
224616,225
224629,481
224642,234
224654,310
224666,450
224678,208
224691,412
224704,344
224716,229
224729,472
224741,232
224753,299
224766,449
224779,202
224791,404
224803,349
224816,218
224829,473
224841,244
224854,286
224866,462
224878,197
224890,399
224904,360
224916,220
224928,461
224941,253
224953,291
224966,445
224978,214
224991,367
225003,375
225015,228
225029,441
225041,270
225053,276
225065,448
225078,217
225090,367
225103,374
225116,234
225128,431
225140,276
225153,273
225166,441
225178,226
225190,349
225203,383
225215,233
225228,426
225241,288
225253,254
225265,448
225277,228
225290,339
225303,393
225315,223
225328,418
225340,294
225352,263
225366,443
225378,236
225390,335
225402,401
225415,232
225428,410
225440,312
225453,274
225465,440
225477,250
225489,324
225503,412
225515,233
225527,406
225540,326
225552,257
225565,444
225577,248
225590,319
225602,414
225614,236
225628,396
225640,330
225652,260
225665,439
225677,253
225689,317
225702,423
225715,233
225727,395
225739,345
225752,256
225765,444
225777,258
225789,313
225802,433
225814,236
225827,385
225840,362
225852,250
225864,435
225876,265
225889,300
225902,436
225914,236
225927,369
225939,371
225951,252
225965,435
225977,274
225989,289
226001,444
226014,234
226027,374
226039,369
226052,251
226064,434
226076,278
226088,299
226102,440
226114,245
226126,358
226139,384
226151,235
226164,427
226177,290
226189,285
226201,440
226213,234
226227,361
226239,386
226251,242
226264,426
226276,295
226288,276
226301,439
226314,242
226326,343
226338,399
226351,232
226364,420
226376,311
226388,272
226401,442
226413,252
226426,341
226439,414
226451,231
226463,424
226476,317
226488,271
226501,454
226513,246
226526,337
226538,421
226550,233
226564,417
226576,324
226588,260
226600,460
226613,246
226626,324
226638,433
226651,222
226663,420
226675,338
226688,252
226701,462
226713,251
226725,318
226738,434
226750,230
226763,404
226776,345
226788,251
226800,451
226812,249
226826,303
226838,429
226850,218
226863,368
226875,331
226887,194
226900,392
226913,188
226925,229
226937,366
226950,153
226963,312
226975,300
226988,186
227000,398
227012,229
227025,268
227038,421
227050,212
227062,349
227075,373
227087,233
227100,445
227112,273
227125,290
227137,449
227149,232
227163,362
227175,386
227187,235
227200,433
227212,275
227225,269
227237,442
227250,216
227262,344
227274,372
227287,189
227300,406
227312,252
227324,232
227337,443
227349,227
227362,350
227375,429
227387,258
227399,470
227411,339
227425,294
227437,513
227449,270
227462,381
227474,470
227486,262
227500,480
227512,356
227524,284
227536,510
227549,275
227562,371
227574,475
227587,260
227599,466
227611,360
227624,289
227637,493
227649,275
227661,353
227674,457
227686,261
227699,426
227712,356
227724,299
227736,427
227748,297
227762,331
227774,382
227786,291
227799,339
227811,341
227824,296
227836,325
227849,307
227861,291
227873,331
227886,310
227899,305
227911,334
227923,313
227936,323
227948,329
227961,310
227974,336
227986,319
227998,315
228011,344
228024,318
228036,329
228048,336
228061,315
228073,340
228085,335
228099,319
228111,351
228123,323
228135,335
228148,345
228161,322
228173,342
228186,338
228198,323
228210,349
228224,330
228236,335
228248,341
228260,324
228273,335
228285,333
228298,316
228311,340
228323,324
228335,327
228347,342
228361,314
228373,344
228385,336
228398,320
228410,350
228423,326
228435,336
228448,350
228460,333
228472,345
228485,343
228498,329
228510,355
228523,339
228535,331
228547,353
228560,327
228573,343
228585,324
228597,334
228610,348
228623,331
228635,320
228647,353
228660,321
228672,334
228684,335
228698,319
228710,342
228722,327
228734,323
228747,340
228760,319
228772,332
228785,332
228797,315
228809,342
228823,328
228835,321
228847,346
228859,322
228872,332
228884,339
228897,319
228910,339
228922,328
228934,315
228946,337
228960,321
228972,316
228984,320
228997,282
229009,289
229022,272
229035,253
229047,276
229059,244
229071,249
229084,252
229097,236
229109,256
229122,251
229134,252
229146,289
229159,281
229172,293
229184,321
229196,307
229209,339
229222,339
229234,330
229246,363
229259,345
229271,357
229283,367
229297,351
229309,374
229321,366
229334,356
229346,382
229359,358
229371,363
229384,375
229396,352
229408,370
229422,366
229434,352
229446,370
229458,353
