timestamp,signal_jaw,signal_brow
0,344,523
10,344,509
21,346,511
31,346,514
41,343,511
53,342,514
63,344,519
74,342,509
84,344,516
95,341,510
106,343,512
116,344,511
128,343,512
138,339,511
149,344,518
159,342,514
171,341,512
181,341,516
191,338,517
202,341,518
212,341,509
224,338,516
234,340,515
245,338,519
256,337,506
269,338,518
282,338,514
295,343,514
309,345,513
323,331,520
336,337,514
350,333,517
363,336,514
376,334,515
391,335,514
404,334,519
417,337,512
431,336,517
444,336,515
458,335,510
472,339,519
485,338,515
498,337,515
512,336,518
526,337,514
539,336,513
552,333,516
566,332,519
579,332,510
593,330,515
607,330,517
620,330,508
633,328,514
647,330,518
661,332,512
674,330,514
688,332,519
701,332,517
714,334,511
729,330,523
742,331,514
755,331,518
769,331,516
783,331,516
796,327,514
809,333,520
823,329,515
836,331,514
850,329,519
864,329,518
877,327,516
890,328,517
904,327,518
918,327,510
931,324,518
945,328,516
958,326,514
971,328,519
986,324,513
999,332,518
1012,337,515
1027,326,525
1041,325,511
1056,326,520
1071,325,516
1085,324,520
1099,324,511
1114,324,516
1129,324,520
1143,323,519
1158,324,513
1172,321,518
1187,324,522
1202,322,510
1216,321,516
1230,324,518
1245,320,523
1260,320,513
1274,318,518
1289,317,521
1303,322,517
1318,317,510
1333,317,520
1347,316,514
1361,314,512
1376,316,519
1391,316,518
1405,316,515
1420,316,514
1434,319,513
1449,318,520
1464,321,510
1478,320,514
1492,316,513
1507,323,519
1522,318,510
1537,320,516
1551,317,516
1565,321,518
1580,320,506
1595,318,515
1609,320,516
1624,323,509
1638,322,514
1653,325,514
1668,319,513
1682,322,511
1696,321,512
1711,323,518
1726,322,509
1740,322,510
1755,321,512
1769,322,512
1784,327,513
1799,331,505
1813,328,516
1827,321,511
1842,327,505
1857,324,513
1871,326,515
1886,328,509
1900,326,507
1915,323,507
1930,325,516
1944,325,507
1958,327,507
1973,327,518
1988,325,511
2002,328,512
2017,329,506
2031,331,515
2045,336,508
2061,329,508
2075,328,510
2089,327,510
2104,330,513
2119,326,508
2134,326,517
2148,325,518
2162,326,504
2177,328,514
2192,331,516
2206,329,515
2221,328,513
2235,328,508
2250,331,517
2265,328,514
2279,332,513
2293,333,509
2308,334,506
2323,335,505
2337,331,508
2352,338,509
2366,329,513
2381,333,508
2396,320,510
2410,324,519
2424,327,507
2439,328,515
2454,329,511
2468,330,518
2483,329,510
2497,329,515
2511,330,520
2527,332,511
2541,337,512
2555,338,516
2570,338,516
2585,338,513
2599,342,515
2614,350,515
2628,339,515
2642,344,516
2658,339,512
2672,343,517
2686,346,513
2701,343,510
2716,348,517
2731,334,513
2745,342,512
2759,340,512
2774,337,515
2789,345,514
2803,336,508
2818,344,514
2832,342,516
2847,341,511
2862,342,514
2876,340,515
2890,336,513
2905,338,511
2920,335,511
2934,330,522
2949,332,516
2963,334,506
2977,333,513
2993,333,525
3007,340,502
3021,337,512
3036,338,515
3051,340,515
3065,339,505
3080,342,509
3094,343,518
3108,343,508
3124,344,511
3138,345,512
3152,345,513
3167,341,510
3182,342,508
3196,337,516
3211,341,516
3225,342,510
3239,337,509
3255,342,511
3269,341,512
3283,339,511
3298,343,513
3313,339,513
3328,338,512
3342,341,513
3356,346,511
3371,345,512
3386,346,508
3400,342,515
3415,348,512
3429,340,510
3443,350,509
3459,342,506
3473,342,514
3487,344,510
3502,338,508
3517,339,514
3531,339,509
3546,337,512
3560,337,510
3574,336,518
3590,349,510
3604,341,506
3618,335,514
3633,334,513
3648,342,509
3662,333,511
3677,342,513
3691,337,514
3705,341,504
3721,337,510
3735,339,518
3749,341,511
3764,341,503
3779,336,516
3793,342,514
3808,342,504
3822,339,507
3836,334,516
3852,334,514
3866,336,507
3880,333,509
3895,332,513
3909,331,506
3924,331,512
3939,334,512
3953,331,510
3968,336,512
3983,332,511
3997,331,516
4012,333,512
4026,332,508
4040,331,510
4056,330,514
4070,329,511
4084,328,508
4099,329,516
4114,330,509
4128,328,508
4143,330,510
4157,326,514
4171,333,515
4187,332,509
43666,341,511
43681,347,511
43697,346,514
43712,350,515
43728,348,509
43744,347,506
43759,351,516
43774,344,507
43791,347,516
43806,333,512
43822,347,506
43837,326,517
4383791,347,516
43806,333,512
43822,347,506
43837,326,517
43853,335,518
43869,340,506
43884,328,508
43899,339,515
43916,332,513
43931,328,513
43947,340,507
43962,336,508
43977,334,516
43994,343,510
44009,334,510
44024,337,511
44040,340,506
44056,340,517
44071,340,514
44087,350,507
44102,350,513
44119,329,509
44134,348,518
44149,337,515
44165,341,507
44181,339,515
44196,345,514
44212,336,514
44227,341,509
44242,340,513
44259,335,519
44274,341,513
44290,339,514
44305,333,500
44321,338,510
44337,340,510
44352,356,511
44367,336,501
44384,330,505
44399,343,489
44414,322,501
44430,330,485
44446,328,509
44462,332,489
44477,333,467
44492,331,443
44508,333,426
44524,326,395
44539,325,352
44555,326,348
44570,319,392
44587,323,365
44602,328,387
44617,313,379
44633,315,425
44649,304,430
44664,314,446
44680,297,441
44695,308,425
44710,308,436
44727,309,451
44742,310,492
44758,311,458
44773,312,492
44789,312,449
44805,313,491
44820,312,478
44835,316,531
44852,321,477
44867,319,500
44882,325,473
44898,317,528
44914,322,498
44930,328,461
44945,326,489
44960,329,501
44976,326,527
44992,331,501
45007,336,505
45023,340,491
45038,347,506
45054,349,530
45070,355,510
45085,357,644
45101,364,769
45117,367,854
45132,350,940
45148,352,987
45163,352,992
45179,349,995
45195,354,995
45210,354,994
45225,352,992
45241,352,986
45257,352,937
45273,353,908
45288,356,851
45303,353,846
45320,350,811
45335,354,803
45350,354,759
45366,349,735
45382,350,697
45398,344,681
45413,347,648
45428,347,627
45445,349,605
45460,346,578
45475,350,568
45491,343,540
45506,343,522
45522,340,508
45538,336,494
45553,336,472
45569,336,439
45585,334,419
45600,332,399
45616,336,372
45631,336,335
45647,337,323
45663,336,279
45678,337,279
45693,336,264
45709,336,263
45725,338,262
45741,337,274
45756,337,275
45771,337,278
45788,332,228
45803,343,190
45818,342,158
45834,330,146
45850,335,176
45865,328,201
45881,333,192
45896,329,214
45913,330,219
45928,326,239
45943,327,258
45959,324,266
45974,320,297
45990,321,288
46006,321,311
46021,315,354
46036,312,338
46053,317,365
46068,313,346
46084,315,348
46099,309,372
46115,310,387
46131,314,368
46146,309,419
46161,313,405
46178,312,408
46193,314,436
46209,321,424
46224,315,456
46239,316,450
46256,318,462
46271,318,457
46286,322,464
46302,324,469
46318,329,487
46333,332,494
46349,336,510
46364,337,548
46381,337,614
46396,337,659
46411,336,686
46427,336,674
46443,330,702
46458,331,687
46474,332,681
46489,334,675
46504,328,691
46521,341,677
46536,330,688
46552,329,663
46567,328,665
46583,329,663
46599,327,662
46614,327,645
46629,327,649
46646,327,630
46661,328,631
46676,326,619
46692,328,601
46707,327,604
46724,328,597
46739,329,587
46754,329,574
46770,328,560
46786,327,558
46801,323,553
46817,326,540
46832,322,528
46849,323,517
46864,328,514
46879,325,512
46895,327,494
46911,327,504
46926,329,484
46942,326,498
46957,328,513
46972,330,527
46989,331,502
47004,328,461
47020,328,428
47035,327,379
47051,325,356
47067,325,360
47082,323,384
47097,327,385
47114,326,391
47129,327,412
47144,324,382
47160,322,401
47176,327,414
47192,324,411
47207,324,432
47222,328,427
47238,326,430
47254,324,418
47269,327,435
47285,339,452
47300,330,446
47316,325,439
47332,330,466
47347,327,458
47363,329,466
47379,332,459
47394,332,464
47410,333,487
47425,334,474
47441,332,467
47457,334,484
47472,337,492
47488,334,488
47503,336,481
47519,335,498
47535,339,504
47550,339,509
47565,336,515
47582,341,544
47597,338,540
47612,343,540
47628,344,628
47644,345,725
47660,346,725
47675,346,755
47690,349,769
47706,344,774
47722,345,768
47737,347,766
47753,342,745
47768,347,737
47784,343,711
47800,346,724
47815,344,709
47831,344,740
47847,344,729
47862,343,706
47878,346,791
47893,345,857
47909,344,908
47925,344,976
47940,348,977
47955,346,974
47971,346,975
47987,342,967
48003,343,966
48018,343,874
48033,342,783
48050,346,738
48065,342,760
48080,342,758
48096,344,730
48112,355,683
48128,341,674
48143,340,638
48158,344,591
48175,342,544
48190,340,496
48205,345,439
48221,343,394
48236,348,328
48252,345,307
48268,343,302
48283,352,294
48299,348,276
48315,347,273
48330,349,266
48346,346,266
48361,348,251
48377,344,279
48393,341,263
48408,339,303
48423,337,309
48440,338,306
48455,335,294
48471,334,174
48486,328,196
48501,332,201
48518,328,187
48533,329,183
48548,329,234
48564,330,226
48580,329,214
48595,327,221
48611,326,254
48626,326,247
48643,330,276
48658,330,294
48673,325,291
48689,330,300
48704,331,295
48720,329,290
48736,334,312
48751,334,337
48766,325,334
48783,331,329
48798,331,353
48814,329,367
48829,327,376
48845,330,409
48861,329,383
48876,330,373
48891,341,410
48908,336,411
48923,333,441
48939,333,425
48954,338,421
48969,333,428
48986,343,461
49001,342,461
49016,346,471
49032,347,485
49048,348,642
49063,349,662
49079,354,708
49094,356,743
49111,355,865
49126,352,880
49141,352,908
49157,351,934
49173,348,951
49188,345,953
49204,347,967
49219,343,944
49234,343,937
49251,343,909
49266,340,901
49282,342,940
49297,339,912
49313,340,872
49329,340,896
49344,340,884
49359,343,889
49376,338,833
49391,338,856
49406,338,860
49422,337,841
49438,337,836
49454,337,823
49469,335,792
49484,339,749
49500,340,678
49516,340,616
49531,337,525
49547,336,435
49562,335,364
49579,335,317
49594,338,303
49609,336,292
49625,338,284
49641,340,263
49656,347,265
49672,346,260
49687,337,252
49702,342,250
49719,340,255
49734,336,285
49750,339,288
49765,334,312
49781,336,293
49797,334,298
49812,332,302
49827,331,300
49844,332,293
49859,333,281
49874,331,297
49890,331,309
49906,333,326
49922,328,311
49937,322,305
49952,328,307
49968,324,320
49984,323,319
49999,326,322
50015,322,322
50030,324,361
50046,323,360
50062,321,329
50077,312,373
50093,331,399
50109,306,400
50124,309,385
50140,317,357
50155,310,378
50171,314,380
50187,310,388
50202,317,384
50217,314,409
50233,319,431
50249,320,425
50265,317,412
50280,322,422
50295,328,440
50312,330,427
50327,337,448
50342,341,432
50358,345,448
50374,346,470
50390,350,462
50405,351,652
50420,353,644
50437,352,653
50452,365,722
50467,363,753
50483,348,788
50498,352,842
50514,353,872
50530,349,861
50545,348,876
50561,350,869
50577,344,878
50592,345,842
50608,346,861
50623,345,835
50639,344,813
50655,346,828
50670,346,825
50685,348,813
50701,344,770
50717,348,730
50733,340,761
50748,342,768
50763,338,762
50780,342,696
50795,334,736
50810,336,763
50826,341,731
50842,337,730
50857,338,709
50873,338,697
50888,335,678
50905,340,666
50920,337,639
50935,337,583
50951,337,500
50966,335,454
50982,336,426
50998,336,409
51013,335,393
51028,337,391
51045,337,378
51060,337,364
51076,337,379
51091,338,355
51107,337,377
51123,337,361
51138,336,394
51153,337,398
51170,336,407
51185,339,394
51201,339,388
51216,345,382
51231,334,376
51248,333,364
51263,333,238
51278,329,264
51294,333,246
51310,332,250
51325,330,260
51341,329,258
51356,330,279
51373,329,281
51388,330,286
51403,328,298
51419,329,291
51435,329,306
51450,328,302
51466,329,312
51481,328,319
51496,327,330
51513,324,329
51528,323,359
51544,325,356
51559,324,362
51575,326,362
51591,325,379
51606,327,371
51621,324,372
51638,323,403
51653,326,411
51668,326,407
51684,325,400
51699,324,419
51716,322,429
51731,327,423
51746,327,428
51762,330,434
51778,329,472
51793,329,531
51809,329,586
51824,330,602
51841,328,584
51856,326,610
51871,326,593
51887,324,600
51903,320,588
51918,323,588
51934,322,591
51949,321,575
51964,333,584
51981,324,569
51996,320,566
52012,320,570
52027,323,563
52043,323,562
52059,322,559
52074,322,563
52089,321,546
52106,324,553
52121,323,546
52136,328,551
52152,321,549
52168,326,541
52184,327,541
52199,322,541
52214,330,534
52230,325,533
52246,325,514
52261,324,524
52277,325,523
52292,324,520
52308,324,524
52324,322,521
52339,325,523
52355,324,521
52371,324,515
52386,327,513
52402,324,508
52417,325,516
52433,323,477
52449,329,515
52464,328,493
52480,330,526
52495,334,517
52511,332,538
52527,331,573
52542,330,606
52557,326,616
52574,329,600
52589,330,587
52604,329,592
52620,325,572
52636,323,581
52652,324,552
52667,323,550
52682,323,514
52698,323,464
52714,324,454
52729,331,403
52745,336,426
52760,323,407
52776,325,419
52792,326,429
52807,329,414
52823,326,415
52839,329,431
52854,323,447
52870,329,479
52885,326,426
52901,325,436
52917,324,458
52932,328,435
52947,329,442
52963,330,431
52979,323,432
52995,328,479
53010,327,482
53025,325,465
53042,328,460
53057,326,474
53072,331,469
53088,324,450
53104,332,484
53120,331,472
53135,334,487
53150,344,459
53167,347,484
53182,347,555
53197,349,616
53213,353,611
53228,351,602
53244,350,648
53260,351,672
53275,347,735
53291,347,728
53307,347,731
53322,345,760
53338,348,789
53353,345,815
53369,346,791
53385,344,812
53400,343,791
53415,345,818
53432,343,814
53447,347,823
53463,344,838
53478,342,793
53493,342,788
53510,349,790
53525,360,807
53540,344,786
53556,344,776
53572,340,765
53587,341,735
53603,339,740
53618,342,717
53635,340,692
53650,340,661
53665,341,624
53681,341,569
53696,343,501
53712,344,422
53728,346,388
53743,341,352
53758,342,370
53775,341,354
53790,337,356
53806,336,367
53821,334,411
53837,334,411
53853,336,406
53868,337,400
53883,336,413
53900,335,384
53915,333,419
53931,334,279
53946,333,256
53961,333,273
53978,329,267
53993,332,259
54008,326,279
54024,327,253
54040,332,291
54055,329,296
54071,330,289
54086,327,286
54103,325,282
54118,328,284
54133,324,295
54149,327,315
54165,325,263
54180,322,297
54196,324,281
54211,324,327
54226,326,306
54243,324,317
54258,327,335
54274,342,338
54289,330,328
54305,331,348
54321,331,348
54336,334,363
54351,331,367
54368,334,361
54383,339,379
54398,339,384
54414,342,409
54430,349,412
54446,347,422
54461,352,445
54476,352,413
54492,353,529
54508,356,507
54523,354,524
54539,352,504
54554,350,511
54571,349,514
54586,348,509
54601,353,525
54617,344,514
54633,349,499
54648,344,499
54664,344,519
54679,347,555
54694,346,548
54711,347,595
54726,343,625
54742,344,648
54757,340,694
54773,345,681
54789,342,702
54804,343,637
54819,346,679
54836,344,636
54851,344,587
54866,345,623
54882,346,601
54898,345,633
54914,342,620
54929,340,630
54944,340,649
54960,338,620
54976,341,622
54991,340,617
55007,337,623
55022,348,603
55038,344,603
55054,337,552
55069,338,522
55085,336,510
55101,337,500
55116,337,502
55132,338,497
55147,340,489
55163,340,505
55179,337,522
55194,338,518
55209,334,521
55225,336,527
55241,333,522
55257,331,512
55272,326,497
55287,328,495
55304,321,503
55319,320,493
55334,318,510
55350,316,421
55366,319,410
55382,313,413
55397,313,409
55412,310,391
55429,304,396
55444,312,371
55459,308,425
55475,307,417
55490,308,429
55506,307,396
55522,307,396
55537,308,380
55553,306,393
55569,304,399
55584,305,451
55600,312,414
55615,317,427
55631,313,391
55647,312,451
55662,312,444
55677,316,427
55693,320,438
55709,319,440
55725,321,463
55740,326,500
55755,327,481
55772,327,481
55787,334,487
55802,345,467
55818,363,429
55834,351,497
55849,356,501
55865,355,598
55880,357,592
55897,358,553
55912,354,586
55927,359,570
55943,352,555
55958,354,560
55974,354,556
55990,352,558
56005,353,553
56020,353,542
56037,352,559
56052,352,534
56068,353,542
56083,349,573
56099,349,538
56115,348,552
56130,346,563
56145,350,523
56162,344,585
56177,344,590
56193,347,552
56208,342,577
56223,344,587
56240,342,595
56255,340,586
56270,341,663
56286,339,657
56302,338,630
56317,340,637
56333,335,653
56348,335,656
56365,338,654
56380,336,638
56395,335,633
56411,334,609
56427,336,597
56442,336,581
56458,332,557
56473,331,530
56488,327,523
56505,333,516
56520,334,539
56536,329,552
56551,327,569
56567,330,582
56583,339,583
56598,321,569
56613,321,539
56630,323,548
56645,320,547
56660,322,523
56676,321,542
56691,318,536
56708,316,527
56723,318,513
56738,316,449
56754,319,412
56770,318,422
56785,320,428
56801,315,419
56816,313,450
56833,313,482
56848,306,450
56863,302,494
56879,303,463
56895,302,463
56910,300,461
56926,298,429
56941,304,464
56956,302,456
56973,307,429
56988,302,467
57004,307,442
57019,312,430
57035,305,510
57051,312,475
57066,309,494
57081,311,445
57098,315,466
57113,318,476
57128,317,478
57144,319,448
57160,330,472
57176,337,466
57191,339,489
57206,339,504
57222,340,543
57238,338,505
57253,337,502
57269,335,502
57284,336,486
57300,334,488
57316,335,479
57331,333,525
57347,339,473
57363,344,473
57378,332,495
57394,334,511
57409,334,506
57425,334,491
57441,336,489
57456,336,527
57472,337,549
57487,334,567
57503,336,583
57519,338,547
57534,336,590
57549,337,572
57566,339,580
57581,339,565
57596,335,565
57612,338,580
57628,334,577
57644,335,568
57659,333,557
57674,331,555
57690,333,530
57706,337,525
57721,334,456
57737,335,446
57752,331,449
57768,331,435
57784,331,445
57799,328,432
57815,329,447
57831,328,418
57846,331,475
57862,326,461
57877,330,497
57893,331,509
57909,329,541
57924,333,563
57939,332,552
57955,332,560
57971,330,555
57987,335,576
58002,333,575
58017,331,574
58034,330,565
58049,330,561
58064,331,552
58080,327,468
58096,325,485
58112,324,451
58127,326,472
58142,326,489
58159,326,498
58174,316,476
58189,316,498
58205,316,480
58220,318,458
58236,322,493
58252,321,469
58267,323,469
58283,326,478
58299,326,471
58314,324,489
58330,331,480
58345,331,472
58361,333,504
58377,332,531
58392,340,478
58407,338,522
58424,338,496
58439,340,504
58455,347,507
58470,351,516
58485,355,512
58502,360,507
58517,362,546
58532,367,474
58548,361,502
58564,363,505
58579,360,482
58595,361,489
58610,359,535
58627,362,496
58642,358,548
58657,355,521
58673,353,531
58688,353,545
58704,356,526
58720,354,530
58735,353,527
58750,350,511
58767,349,493
58782,350,525
58798,351,525
58813,352,522
58829,349,504
58845,352,512
58860,348,498
58875,352,532
58892,345,542
58907,347,559
58923,345,577
58938,342,572
58953,344,586
58970,343,615
58985,351,604
59000,353,617
59016,344,602
59032,349,600
59047,339,593
59063,340,584
59078,338,581
59095,340,569
59110,341,558
59125,339,543
59141,339,518
59157,342,503
59172,341,491
59188,341,501
59203,343,500
59218,342,518
59235,344,520
59250,341,513
59266,342,518
59281,338,552
59297,336,565
59313,335,581
59328,334,568
59343,332,571
59360,328,558
59375,328,527
59390,329,515
59406,335,536
59422,333,523
59438,329,501
59453,328,516
59468,323,512
59484,330,472
59500,328,390
59515,328,388
59531,327,407
59546,332,385
59563,326,401
59578,326,388
59593,331,419
59609,328,421
59625,334,405
59640,333,437
59656,332,421
59671,329,424
59686,328,434
59703,323,423
59718,331,425
59734,334,461
59749,333,435
59765,327,448
59781,340,463
59796,343,451
59811,337,451
59828,336,466
59843,338,461
59858,335,468
59874,342,443
59890,339,422
59906,345,472
59921,347,467
59936,348,524
59952,350,539
59968,351,539
59983,348,571
59999,345,607
60014,342,643
60030,340,655
60046,342,639
60061,340,633
60077,334,635
60093,333,628
60108,331,618
60124,330,593
60139,332,605
60155,330,597
60171,334,585
60186,333,572
60201,336,547
60217,333,533
60233,339,553
60249,345,560
60264,341,601
60279,348,563
60296,342,561
60311,344,559
60326,336,580
60342,342,569
60358,343,569
60374,342,574
60389,344,524
60404,347,558
60421,337,527
60436,342,565
60451,343,556
60467,340,568
60482,339,581
60498,340,571
60514,338,604
60529,338,582
60545,339,593
60561,334,584
60576,335,596
60592,340,576
60607,347,599
60623,328,608
60639,332,576
60654,332,584
60669,331,539
60685,325,575
60701,327,603
60717,326,614
60732,324,605
60747,321,619
60764,323,588
60779,320,613
60794,322,576
60810,326,591
60826,322,568
60841,317,582
60857,317,557
60872,313,498
60889,314,453
60904,317,441
60919,304,422
60935,311,422
60950,318,417
60966,313,424
60982,315,420
60997,318,426
61012,318,448
61029,318,437
61044,320,490
61060,318,494
61075,320,502
61091,316,493
61107,322,455
61122,327,495
61137,315,492
61154,320,490
61169,323,465
61185,323,480
61200,328,498
61215,331,488
61232,333,493
61247,334,479
61262,335,478
61278,340,464
61294,337,462
61309,344,491
61325,336,482
61340,341,505
61357,344,430
61372,354,417
61387,348,431
61403,338,422
61419,344,458
61434,340,428
61450,348,431
61465,343,425
61480,342,460
61497,340,433
61512,343,426
61528,346,445
61543,344,460
61559,345,428
61575,344,437
61590,346,447
61605,346,460
61622,348,467
61637,344,486
61652,344,505
61668,346,537
61683,342,563
61700,343,584
61715,341,539
61730,339,584
61746,341,564
61762,340,576
61777,340,558
61793,336,580
61808,338,569
61825,336,548
61840,341,549
61855,340,508
61871,345,439
61887,335,444
61902,337,460
61918,331,476
61933,333,484
61948,332,493
61965,335,498
61980,331,498
61996,332,492
62011,333,487
62027,331,474
62043,330,503
62058,333,513
62073,332,491
62090,330,534
62105,336,524
62120,349,546
62136,335,589
62152,337,589
62168,336,603
62183,335,624
62198,335,613
62214,335,610
62230,335,623
62245,334,615
62261,333,597
62276,332,610
62292,336,613
62308,331,592
62323,337,593
62339,335,592
62355,330,597
62370,338,547
62386,335,516
62401,332,508
62417,334,468
62433,329,518
62448,330,488
62464,327,517
62479,333,474
62495,328,481
62511,324,451
62526,328,479
62541,327,461
62558,326,470
62573,324,500
62588,325,481
62604,323,500
62620,326,461
62636,328,500
62651,327,472
62666,329,489
62682,331,496
62698,334,477
62713,337,491
62729,340,463
62744,340,486
62760,346,474
62776,344,494
62791,349,504
62807,346,489
62823,347,503
62838,349,445
62854,349,432
62869,360,435
62885,343,438
62901,343,441
62916,343,431
62931,340,440
62947,340,439
62963,345,454
62979,341,439
62994,342,452
63009,343,449
63026,338,455
63041,342,450
63056,341,446
63072,343,464
63088,339,464
63104,342,462
63119,341,466
63134,335,461
63151,339,471
63166,337,492
63181,338,479
63197,335,476
63212,336,476
63228,338,481
63244,336,508
63259,338,517
63275,334,526
63291,336,501
63306,333,496
63322,335,508
63337,333,511
63353,337,561
63369,333,535
63384,332,557
63399,334,573
63416,332,582
63431,334,586
63447,336,585
63462,332,571
63477,335,569
63494,334,546
63509,333,564
63524,336,539
63540,332,486
63556,334,474
63571,332,475
63587,329,471
63602,330,492
63619,336,464
63634,329,511
63649,326,524
63665,326,545
63680,327,585
63696,331,594
63712,330,591
63727,329,624
63742,331,602
63759,335,624
63774,336,621
63790,315,630
63805,323,640
63821,320,629
63837,319,613
63852,321,600
63867,319,599
63884,307,595
63899,308,603
63915,315,610
63930,312,603
63945,314,561
63962,307,502
63977,321,481
63992,316,486
64008,320,488
64024,321,489
64039,321,454
64055,325,454
64070,324,451
64087,321,437
64102,330,483
64117,336,463
64133,331,450
64149,329,457
64164,326,440
64180,325,454
64195,332,464
64210,332,493
64227,330,468
64242,334,475
64258,333,480
64273,333,487
64289,337,484
64305,337,471
64320,346,469
64335,349,509
64352,348,516
64367,352,558
64382,354,466
64398,362,432
64414,356,356
64430,350,411
64445,344,427
64460,345,440
64476,342,447
64492,344,488
64507,342,450
64523,342,526
64538,337,501
64555,338,537
64570,340,523
64585,340,556
64601,337,542
64617,335,550
64632,335,578
64648,334,556
64663,329,519
64678,327,575
64695,328,542
64710,326,560
64726,325,556
64741,327,530
64757,321,542
64773,321,527
64788,324,554
64803,320,535
64820,324,522
64835,327,502
64850,321,473
64866,316,469
64882,316,451
64898,317,510
64913,314,514
64928,317,555
64944,317,556
64960,316,549
64975,320,594
64991,316,582
65006,317,594
65022,317,583
65038,318,616
65053,320,602
65069,320,601
65085,316,623
65100,318,581
65116,311,572
65131,318,597
65147,322,566
65163,309,589
65178,309,563
65193,301,566
65209,303,573
65225,303,539
65241,303,512
65256,305,534
65271,307,552
65288,305,537
65303,300,510
65318,311,517
65334,297,545
65350,305,426
65366,311,444
65381,318,400
65396,308,414
65413,307,415
65428,316,382
65443,314,416
65459,313,380
65474,312,477
65490,313,455
65506,316,423
65521,326,436
65537,320,442
65553,326,460
65568,325,492
65584,332,483
65599,326,450
65615,340,488
65631,342,495
65646,355,501
65661,359,533
65677,361,530
65693,359,452
65709,360,399
65724,364,442
65739,362,465
65756,359,464
65771,362,518
65786,363,535
65802,357,556
65818,357,546
65833,359,576
65849,350,566
65864,357,550
65881,357,585
65896,361,573
65911,350,595
65927,352,545
65942,352,593
65958,347,587
65974,350,581
65989,347,579
66004,354,587
66021,342,575
66036,348,579
66052,347,580
66067,349,571
66083,344,571
66099,347,567
66114,345,562
66129,346,532
66146,348,524
66161,344,499
66177,349,451
66192,338,439
66207,336,434
66224,334,433
66239,331,477
66254,333,450
66270,329,524
66286,331,524
66301,331,526
66317,332,542
66332,333,551
66349,335,586
66364,334,584
66379,333,612
66395,336,623
66411,332,610
66426,333,635
66442,335,625
66457,332,614
66472,332,615
66489,334,605
66504,329,582
66520,331,596
66535,329,589
66551,330,582
66567,335,567
66582,331,503
66597,331,487
66614,328,511
66629,339,466
66644,343,493
66660,331,449
66675,334,450
66692,332,494
66707,334,482
66722,327,480
66738,331,442
66754,326,510
66769,320,495
66785,329,458
66800,322,456
66817,325,498
66832,323,473
66847,326,459
66863,329,468
66879,329,492
66894,326,462
66910,327,459
66925,323,416
66940,326,460
66957,331,474
66972,325,495
66988,331,475
67003,332,457
67019,330,465
67035,342,454
67050,339,453
67065,347,459
67082,352,510
67097,354,502
67112,356,507
67128,355,401
67144,354,419
67160,354,404
67175,353,399
67190,351,396
67206,346,416
67222,351,435
67237,347,416
67253,347,426
67268,346,429
67284,335,433
67300,341,437
67315,340,449
67331,344,445
67347,340,424
67362,336,437
67378,336,458
67393,338,475
67409,343,457
67425,343,471
67440,333,474
67456,333,458
67471,333,473
67487,333,477
67503,337,476
67518,323,474
67533,328,481
67550,327,487
67565,327,481
67580,322,483
67596,322,488
67612,324,498
67628,326,501
67643,327,548
67658,323,569
67674,326,573
67690,320,596
67705,320,609
67721,321,623
67736,318,656
67752,319,603
67768,326,655
67783,320,644
67799,321,653
67815,319,654
67830,325,626
67846,322,641
67861,323,631
67877,321,639
67893,323,630
67908,322,623
67923,325,630
67939,316,646
67955,321,602
67971,323,600
67986,318,555
68001,317,612
68018,316,616
68033,313,595
68048,322,570
68064,315,579
68080,318,590
68096,316,566
68111,317,508
68126,317,517
68143,325,475
68158,330,463
68173,320,494
68189,317,438
68204,313,460
68220,323,512
68236,313,524
68251,311,486
68267,318,500
68283,310,496
68298,318,496
68314,323,471
68329,313,443
68345,324,475
68361,326,462
68376,330,463
68391,335,493
68408,335,440
68423,335,494
68439,336,478
68454,334,458
68469,344,445
68486,349,481
68501,348,512
68516,357,454
68532,350,363
68548,350,359
68563,349,366
68579,351,373
68594,350,447
68611,352,440
68626,350,420
68641,346,449
68657,347,469
68672,343,489
68688,347,474
68704,346,483
68719,347,466
68734,347,498
68751,349,494
68766,346,500
68782,344,482
68797,345,512
68813,343,495
68829,349,533
68844,341,539
68859,341,553
68876,343,546
68891,334,554
68907,342,551
68922,342,567
68937,347,554
68954,338,537
68969,342,539
68984,344,557
69000,341,526
69016,345,469
69031,349,462
69047,346,441
69062,347,489
69079,349,483
69094,349,483
69109,348,523
69125,346,586
69141,350,589
69156,342,615
69172,346,604
69187,341,615
69202,339,656
69219,326,606
69234,330,644
69250,322,602
69265,314,619
69281,322,630
69297,325,607
69312,316,614
69327,305,590
69344,311,607
69359,314,590
69374,313,564
69390,306,584
69406,306,546
69422,309,580
69437,309,505
69452,319,439
69468,317,433
69484,318,443
69499,317,462
69515,315,453
69530,323,462
69547,321,490
69562,327,469
69577,321,499
69593,318,488
69609,323,492
69624,324,481
69640,324,477
69655,331,455
69670,326,485
69687,336,466
69702,337,489
69718,336,478
69733,338,482
69749,342,473
69765,347,488
69780,348,459
69795,349,480
69812,358,459
69827,358,488
69842,360,490
69858,357,497
69874,364,486
69890,358,431
69905,363,430
69920,365,424
69936,363,461
69952,360,425
69967,351,464
69983,353,470
69998,353,468
70014,351,454
70030,353,469
70045,347,475
70061,350,444
70077,350,477
70092,349,515
70108,351,491
70123,350,552
70139,352,560
70155,347,511
70170,351,555
70185,343,545
70201,345,510
70217,345,541
70233,346,545
70248,342,538
70263,342,549
70280,339,533
70295,340,520
70310,335,533
70326,336,547
70342,336,555
70358,334,518
70373,338,492
70388,333,491
70405,337,484
70420,342,478
70435,344,463
70451,334,462
70466,333,462
70482,336,463
70498,331,463
70513,330,466
70529,326,456
70545,325,463
70560,327,472
70576,328,482
70591,328,484
70607,327,516
70623,327,503
70638,331,543
70653,330,523
70669,328,571
70685,329,570
70701,323,574
70716,322,560
70731,325,577
70748,317,573
70763,319,570
70778,318,534
70794,320,568
70810,312,556
70825,319,565
70841,316,578
70856,321,548
70873,320,560
70888,319,549
70903,319,541
70919,319,541
70934,314,533
70950,317,539
70966,314,547
70981,317,519
70996,315,524
71013,312,556
71028,303,529
71044,305,486
71059,300,485
71075,301,466
71091,299,492
71106,297,532
71121,300,480
71138,306,454
71153,321,487
71169,304,486
71184,301,481
71199,304,484
71216,305,483
71231,308,508
71246,306,522
71262,313,508
71278,309,512
71293,314,518
71309,315,511
71324,312,500
71341,314,502
71356,320,500
71371,320,509
71387,321,512
71403,322,514
71418,329,495
71434,328,511
71449,331,534
71464,342,517
71481,352,542
71496,355,478
71512,354,418
71527,355,387
71543,356,425
71559,354,426
71574,358,475
71589,353,483
71606,350,468
71621,349,477
71636,350,499
71652,348,481
71667,349,452
71684,349,484
71699,351,498
71714,352,489
71730,354,481
71746,352,498
71761,351,492
71777,347,472
71792,350,499
71809,345,464
71824,342,500
71839,336,528
71855,344,531
71871,349,506
71886,343,526
71902,342,558
71917,343,544
71932,343,554
71949,342,563
71964,344,579
71980,346,533
71995,346,559
72011,340,552
72027,342,542
72042,337,542
72057,345,580
72074,340,555
72089,343,520
72104,344,498
72120,346,495
72136,335,523
72152,335,528
72167,339,574
72182,321,567
72198,323,613
72214,330,593
72229,326,622
72245,332,614
72260,326,612
72276,328,623
72292,336,595
72307,328,592
72323,337,606
72339,328,591
72354,338,572
72370,331,545
72385,323,610
72401,322,578
72417,320,540
72432,323,573
72448,324,572
72463,320,568
72479,331,543
72495,337,543
72510,337,538
72525,346,559
72542,348,483
72557,351,430
72572,341,469
72588,359,465
72604,349,473
72620,349,452
72635,336,419
72650,342,426
72666,336,482
72682,342,475
72697,339,436
72713,342,481
72728,348,489
72744,333,456
72760,343,475
72775,337,486
72791,345,488
72807,347,500
72822,354,474
72838,358,464
72853,362,462
72869,362,488
72885,366,517
72900,358,372
72915,356,369
72931,350,389
72947,359,415
72963,354,429
72978,357,453
72993,342,460
73010,347,511
73025,346,510
73040,347,518
73056,343,525
73072,340,549
73088,346,570
73103,344,562
73118,333,567
73135,336,555
73150,329,541
73165,346,555
73181,330,558
73196,328,524
73212,325,546
73228,315,549
73243,317,534
73259,320,527
73275,326,531
73290,319,530
73306,318,522
73321,323,505
73337,331,543
73353,337,559
73368,332,538
73383,330,513
73400,326,490
73415,318,497
73431,315,495
73446,321,489
73461,324,488
73478,318,482
73493,326,488
73508,321,486
73524,325,482
73540,329,480
73555,324,479
73571,331,493
73586,331,483
73603,331,519
73618,333,526
73633,328,591
73649,333,602
73664,323,612
73680,325,646
73696,318,645
73711,311,640
73726,313,593
73743,306,632
73758,307,591
73774,312,613
73789,307,623
73805,309,601
73821,309,593
73836,314,572
73851,307,541
73868,304,513
73883,313,481
73899,317,483
73914,306,491
73929,312,472
73946,317,437
73961,315,478
73976,308,480
73992,316,503
74008,314,490
74023,315,482
74039,319,482
74054,317,534
74071,319,446
74086,328,508
74101,334,489
74117,324,488
74133,326,459
74148,332,503
74164,342,462
74179,345,460
74194,351,483
74211,353,520
74226,359,400
74242,356,374
74257,356,382
74273,355,382
74289,354,391
74304,355,411
74319,354,423
74336,353,452
74351,351,449
74366,349,441
74382,347,480
74398,343,497
74414,346,495
74429,344,493
74444,346,492
74460,341,488
74476,344,493
74491,342,477
74507,340,479
74522,341,509
74539,336,494
74554,334,489
74569,336,467
74585,333,482
74601,332,469
74616,335,468
74632,336,455
74647,334,421
74662,337,425
74679,337,413
74694,334,425
74710,338,445
74725,338,456
74741,337,491
74757,338,509
74772,338,570
74787,336,597
74804,336,611
74819,338,629
74834,336,625
74850,325,615
74866,330,615
74882,321,636
74897,324,620
74912,317,613
74928,320,596
74944,321,600
74959,319,586
74975,313,627
74990,313,599
75006,318,602
75022,317,574
75037,316,605
75053,319,584
75069,318,559
75084,310,559
75100,316,574
75115,314,567
75131,323,561
75147,319,543
75162,318,517
75177,313,524
75193,323,580
75209,324,516
75225,320,536
75240,328,497
75255,326,459
75272,331,436
75287,330,448
75302,338,440
75318,342,465
75334,349,481
75350,353,454
75365,358,507
75380,358,476
75397,359,374
75412,358,368
75427,360,462
75443,358,467
75458,358,503
75474,354,540
75490,352,507
75505,355,534
75521,364,568
75537,358,547
75552,348,523
75568,352,484
75583,352,496
75599,352,480
75615,350,486
75630,351,426
75645,348,479
75661,341,465
75677,346,457
75693,341,457
75708,345,457
75723,343,478
75740,339,484
75755,343,481
75770,336,484
75786,337,493
75802,334,505
75817,337,525
75833,334,562
75848,337,558
75865,334,541
75880,333,545
75895,334,536
75911,338,547
75926,334,532
75942,336,556
75958,339,620
75973,332,608
75988,334,618
76005,330,664
76020,330,674
76036,332,687
76051,335,717
76067,334,704
76083,336,689
76098,332,745
76113,338,693
76130,333,686
76145,335,680
76161,332,685
76176,331,629
76191,334,635
76208,339,614
76223,343,617
76238,334,617
76254,325,629
76270,318,573
76285,333,546
76301,298,528
76316,314,523
76333,308,557
76348,301,512
76363,320,521
76379,308,515
76395,318,502
76410,312,504
76426,315,469
76441,324,500
76456,317,532
76473,315,527
76488,312,532
76504,324,547
76519,314,496
76535,321,504
76551,320,469
76566,320,496
76581,320,485
76598,323,482
76613,329,460
76628,332,501
76644,336,482
76659,347,462
76676,351,473
76691,353,472
76706,356,458
76722,353,312
76738,353,277
76753,353,261
76769,358,293
76784,353,331
76801,353,356
76816,351,383
76831,349,401
76847,351,398
76863,351,462
76878,347,447
76894,348,500
76909,350,479
76924,354,514
76941,360,493
76956,350,515
76972,351,502
76987,351,504
77003,350,496
77019,344,505
77034,349,544
77049,347,520
77066,346,509
77081,346,528
77096,345,526
77112,343,521
77128,345,530
77144,343,537
77159,343,512
77174,346,480
77190,342,450
77206,345,433
77221,337,430
77237,335,427
77252,338,442
77268,338,458
77284,334,476
77299,333,492
77315,337,504
77331,335,532
77346,334,545
77362,336,579
77377,333,587
77393,333,602
77409,330,620
77424,329,610
77440,329,632
77455,332,620
77471,331,607
77487,330,626
77502,329,648
77517,332,658
77534,328,659
77549,322,636
77564,317,660
77580,324,646
77596,308,632
77612,311,626
77627,312,638
77642,314,649
77658,305,590
77674,305,602
77689,303,619
77705,306,609
77720,304,597
77736,304,590
77752,307,602
77767,316,548
77783,315,543
77799,319,491
77814,318,488
77830,321,553
77845,323,514
77861,326,485
77877,321,554
77892,324,491
77907,323,488
77923,326,505
77939,323,487
77955,329,486
77970,338,459
77985,336,485
78002,343,456
78017,348,469
78032,353,487
78048,355,458
78064,358,484
78080,360,334
78095,353,302
78110,355,301
78127,350,308
78142,354,306
78157,353,336
78173,355,336
78188,348,381
78204,352,415
78220,350,414
78235,350,467
78251,349,497
78267,348,495
78282,349,521
78298,348,497
78313,350,464
78329,341,512
78345,347,505
78360,350,510
78375,336,505
78392,340,508
78407,338,511
78423,338,494
78438,338,480
78453,336,466
78470,339,450
78485,336,432
78500,337,421
78516,335,412
78532,338,417
78547,333,420
78563,337,424
78578,336,427
78595,337,429
78610,337,433
78625,328,453
78641,330,448
78656,323,458
78672,326,519
78688,324,534
78703,320,559
78718,320,585
78735,323,631
78750,318,635
78766,321,635
78781,324,652
78797,323,623
78813,324,635
78828,323,654
78843,326,642
78860,327,636
78875,326,636
78891,328,627
78906,324,646
78921,326,612
78938,327,631
78953,327,599
78968,324,616
78984,321,612
79000,325,585
79015,324,583
79031,324,597
79046,330,621
79063,324,570
79078,324,588
79093,335,576
79109,326,578
79125,327,584
79140,328,554
79156,324,521
79171,323,469
79186,326,501
79203,328,488
79218,330,479
79234,326,483
79249,327,498
79265,330,495
79281,335,496
79296,335,495
79311,338,484
79328,340,509
79343,336,515
79358,339,487
79374,338,495
79390,338,509
79406,336,422
79421,336,372
79436,340,359
79452,339,354
79468,335,368
79483,337,345
79499,336,389
79514,338,365
79531,339,398
79546,335,389
79561,336,381
79577,336,394
79593,335,448
79608,337,433
79624,336,446
79639,337,423
79654,336,433
79671,337,487
79686,332,510
79702,334,492
79717,334,526
79733,334,518
79749,335,541
79764,336,567
79779,331,569
79796,333,566
79811,334,598
79826,332,578
79842,330,572
79858,331,587
79874,340,595
79889,344,613
79904,330,622
79920,334,603
79936,333,594
79951,331,584
79967,336,575
79982,327,577
79998,325,576
80014,326,544
80029,325,546
80045,330,551
80061,328,543
80076,328,545
80092,331,552
80107,333,558
80123,331,554
80139,331,542
80154,330,557
80169,328,532
80185,330,546
80201,330,530
80217,328,564
80232,329,582
80247,328,582
80264,329,645
80279,329,645
80294,326,647
80310,332,661
80326,328,670
80342,330,643
80357,332,630
80372,328,649
80389,325,635
80404,325,643
80419,326,639
80435,325,623
80450,326,622
80466,326,603
80482,325,605
80497,324,603
80513,323,617
80529,326,605
80544,321,573
80560,324,591
80575,321,579
80591,322,570
80607,321,554
80622,325,555
80637,333,543
80653,321,560
80669,323,567
80685,326,519
80700,325,528
80715,324,474
80732,324,473
80747,326,465
80762,326,464
80778,328,472
80794,330,454
80809,325,467
80825,328,450
80840,332,492
80857,324,475
80872,329,487
80887,329,491
80903,325,471
80918,335,459
80934,324,465
80950,332,506
80965,333,491
80980,332,476
80997,337,372
81012,336,396
81028,336,385
81043,339,417
81059,335,401
81075,336,493
81090,339,503
81105,340,520
81122,337,561
81137,337,509
81153,338,556
81168,336,509
81183,339,506
81200,342,535
81215,340,530
81230,340,520
81246,341,520
81262,340,491
81277,339,489
81293,338,496
81308,341,501
81325,340,482
81340,338,487
81355,336,489
81371,338,491
81387,344,487
81402,331,484
81418,334,481
81433,332,458
81448,330,453
81465,336,445
81480,333,448
81496,334,458
81511,337,461
81527,336,461
81543,336,465
81558,336,467
81573,338,475
81590,340,478
81605,338,472
81620,346,481
81636,339,482
81651,341,494
81668,334,492
81683,336,483
81698,340,509
81714,338,542
81730,338,560
81745,338,581
81761,336,588
81776,337,575
81793,334,572
81808,336,576
81823,334,602
81839,330,616
81855,328,627
81870,326,614
81886,320,590
81901,322,580
81916,313,642
81933,319,603
81948,315,615
81964,320,596
81979,318,574
81995,317,606
82011,320,538
82026,326,497
82041,315,515
82058,324,500
82073,320,538
82088,326,537
82104,322,547
82120,325,492
82136,333,499
82151,329,525
82166,329,481
82182,332,506
82198,330,487
82213,333,498
82229,337,500
82244,347,500
82260,350,484
82276,355,486
82291,356,513
82307,358,510
82323,358,510
82338,365,533
82354,361,581
82369,363,440
82385,361,449
82401,360,398
82416,359,433
82432,356,426
82447,360,450
82463,352,469
82479,354,510
82494,354,517
82509,350,540
82526,352,514
82541,348,514
82556,349,530
82572,344,513
82588,344,497
82604,345,547
82619,341,542
82634,343,510
82650,341,545
82666,341,437
82681,338,482
82697,335,466
82712,335,473
82728,337,469
82744,335,434
82759,336,488
82775,333,441
82791,330,461
82806,333,445
82822,330,438
82837,330,427
82853,331,448
82869,332,437
82884,332,462
82899,337,466
82915,320,465
82931,324,467
82947,321,487
82962,322,492
82977,323,513
82994,322,517
83009,327,509
83024,324,508
83040,323,513
83056,324,502
83072,324,500
83087,322,489
83102,327,497
83119,328,530
83134,325,557
83149,329,568
83165,323,559
83180,324,623
83196,324,600
83212,319,608
83227,316,591
83243,316,605
83259,313,616
83274,317,627
83290,313,592
83305,311,618
83321,309,589
83337,309,584
83352,311,607
83367,308,570
83384,312,609
83399,318,585
83415,296,578
83430,306,571
83445,299,582
83462,318,556
83477,309,580
83492,309,529
83508,314,523
83524,314,525
83539,316,462
83555,315,466
83570,320,477
83587,318,484
83602,320,449
83617,331,490
83633,333,462
83648,323,468
83664,329,483
83680,329,489
83695,330,487
83710,336,478
83727,343,510
83742,345,510
83758,347,556
83773,352,563
83789,355,536
83805,355,586
83820,358,530
83835,359,496
83852,360,431
83867,356,423
83883,358,465
83898,353,444
83913,355,487
83930,349,517
83945,351,511
83960,350,535
83976,346,507
83992,348,465
84007,348,420
84023,344,358
84038,347,332
84055,344,345
84070,343,330
84085,345,339
84101,346,346
84117,343,337
84132,345,367
84148,342,352
84163,341,346
84178,348,366
84195,343,358
84210,342,359
84226,342,370
84241,342,381
84257,339,382
84273,337,402
84288,336,394
84303,336,386
84320,335,420
84335,338,450
84350,348,490
84366,346,474
84382,334,454
84398,340,430
84413,341,446
84428,341,484
84444,338,549
84460,342,572
84475,339,640
84491,339,633
84506,336,671
84523,335,708
84538,335,704
84553,338,682
84569,331,664
84585,320,711
84600,330,702
84616,315,680
84631,319,726
84646,317,710
84663,316,705
84678,320,692
84694,332,681
84709,320,657
84725,324,676
84741,319,644
84756,317,595
84771,333,572
84788,328,567
84803,327,606
84818,322,602
84834,326,642
84850,324,570
84866,326,589
84881,322,602
84896,331,588
84912,331,558
84928,328,590
84943,327,561
84959,326,542
84974,326,567
84990,330,555
85006,329,575
85021,332,556
85037,330,555
85053,337,539
85068,338,549
85084,352,558
85099,354,551
85115,351,575
85131,351,600
85146,349,593
85161,350,587
85177,346,569
85193,352,598
85209,355,580
85224,353,495
85239,351,464
85256,349,419
85271,354,370
85286,352,373
85302,351,357
85318,350,372
85334,339,371
85349,347,395
85364,342,394
85381,338,404
85396,341,437
85411,337,421
85427,337,430
85442,337,442
85458,340,468
85474,334,453
85489,334,424
85505,339,441
85521,336,403
85536,336,438
85552,335,434
85567,338,418
85583,331,402
85599,335,450
85614,334,410
85629,334,440
85645,334,448
85661,333,456
85677,332,491
85692,328,491
85707,328,490
85724,329,477
85739,329,505
85754,330,478
85770,328,507
85786,328,507
85801,338,466
85817,335,484
85832,323,488
85849,325,540
85864,324,555
85879,319,568
85895,325,568
85910,327,604
85926,316,622
85942,318,693
85957,314,677
85972,320,673
85989,308,691
86004,307,644
86020,303,671
86035,306,667
86051,305,702
86067,308,671
86082,304,696
86097,305,689
86114,307,657
86129,302,622
86145,307,630
86160,311,613
86175,312,660
86192,309,648
86207,315,607
86222,311,598
86238,318,540
86254,320,476
86269,317,525
86285,320,499
86300,321,464
86317,320,498
86332,326,478
86347,325,491
86363,330,465
86379,329,487
86394,331,476
86410,329,470
86425,334,498
86440,338,509
86457,336,502
86472,343,507
86488,352,538
86503,359,566
86519,357,551
86535,364,563
86550,363,545
86565,355,553
86582,362,596
86597,364,566
86612,352,507
86628,353,460
86643,357,462
86660,355,412
86675,356,398
86690,357,394
86706,348,395
86722,351,389
86737,357,388
86753,353,387
86768,357,394
86785,343,400
86800,340,398
86815,340,404
86831,334,411
86847,343,421
86862,337,422
86878,340,423
86893,343,426
86908,330,434
86925,350,437
86940,338,434
86956,340,431
86971,342,430
86987,342,433
87003,344,431
87018,336,423
87033,335,401
87050,336,434
87065,343,408
87080,336,419
87096,334,428
87112,336,437
87128,341,432
87143,337,430
87158,337,447
87174,334,374
87190,336,402
87205,332,277
87221,338,178
87236,348,251
87252,348,387
87268,349,355
87283,342,399
87299,341,381
87315,345,386
87330,345,435
87346,348,435
87361,341,451
87377,347,468
87393,340,460
87408,343,445
87424,344,441
87439,352,441
87455,339,456
87471,345,467
87486,344,478
87501,346,465
87518,340,467
87533,338,459
87548,337,469
87564,340,447
87580,336,479
87596,335,499
87611,339,499
87626,335,487
87642,335,542
87658,337,522
87673,336,547
87689,331,772
87704,332,792
87720,336,796
87736,329,898
87751,331,887
87767,330,888
87783,332,871
87798,323,912
87814,333,853
87829,320,843
87845,320,888
87861,324,852
87876,316,802
87891,315,782
87907,315,756
87923,319,776
87939,309,724
87954,319,743
87969,312,658
87986,320,644
88001,318,616
88016,315,540
88032,312,555
88048,321,498
88064,329,429
88079,316,472
88094,314,483
88111,315,427
88126,316,445
88141,320,436
88157,320,422
88172,321,458
88188,315,416
88204,322,417
88219,324,430
88235,322,407
88251,326,434
88266,330,425
88282,330,424
88297,336,437
88313,334,444
88329,339,422
88344,341,563
88359,343,616
88376,351,710
88391,347,687
88407,357,352
88422,351,151
88437,350,229
88454,348,234
88469,350,306
88484,349,296
88500,352,300
88516,347,362
88531,345,375
88547,344,391
88562,344,435
88579,348,444
88594,346,460
88609,345,483
88625,348,484
88640,345,485
88656,345,557
88672,342,589
88687,344,582
88702,344,615
88719,344,585
88734,342,596
88750,344,626
88765,341,638
88781,345,628
88797,338,624
88812,341,617
88827,341,609
88844,353,593
88859,339,580
88875,338,570
88890,340,564
88905,338,516
88922,340,531
88937,342,510
88952,341,529
88968,341,514
88984,342,486
88999,344,500
89015,344,487
89030,343,506
89047,344,514
89062,343,569
89077,339,631
89093,336,619
89109,344,637
89124,329,702
89140,333,670
89155,328,684
89170,324,733
89187,323,706
89202,316,678
89218,321,642
89233,317,657
89249,318,604
89265,321,646
89280,316,645
89295,319,645
89312,317,615
89327,318,525
89342,310,539
89358,312,529
89374,317,475
89390,321,519
89405,319,487
89420,317,528
89436,322,490
89452,326,477
89467,323,506
89483,320,469
89498,329,474
89515,319,485
89530,329,488
89545,325,464
89561,330,469
89577,327,487
89592,347,466
89608,341,462
89623,336,469
89638,345,479
89655,344,490
89670,350,532
89686,355,507
89701,353,520
89717,353,467
89733,352,525
89748,354,407
89763,354,378
89780,348,351
89795,352,322
89810,355,304
89826,349,298
89842,350,336
89858,349,353
89873,347,372
89888,348,366
89904,342,393
89920,337,447
89935,354,477
89951,341,488
89966,345,507
89982,343,468
89998,331,526
90013,346,507
90029,334,511
90045,337,526
90060,338,561
90076,343,546
90091,336,593
90107,340,616
90123,336,550
90138,340,598
90153,342,553
90169,336,576
90185,338,553
90201,334,540
90216,346,533
90231,339,515
90248,340,510
90263,342,476
90278,337,519
90294,342,462
90310,340,451
90326,349,434
90341,353,428
90356,339,491
90373,344,612
90388,330,630
90403,336,650
90419,336,684
90434,327,686
90450,324,677
90466,320,691
90481,318,691
90497,321,671
90513,318,649
90528,311,637
90544,328,620
90559,318,625
90575,320,604
90591,324,595
90606,316,501
90621,321,499
90637,316,521
90653,311,508
90669,313,514
90684,314,526
90699,313,520
90716,306,521
90731,316,533
90746,320,517
90762,311,520
90778,315,489
90793,315,525
90809,315,513
90824,318,464
90841,318,528
90856,320,484
90871,314,513
90887,322,509
90902,329,508
90918,316,516
90934,330,530
90949,332,509
90964,330,517
90981,336,502
90996,330,537
91012,343,522
91027,340,559
91043,344,555
91059,348,582
91074,349,511
91089,357,352
91106,344,304
91121,337,314
91137,336,306
91152,342,306
91167,344,336
91184,339,374
91199,342,366
91214,330,420
91230,337,409
91246,343,423
91261,339,448
91277,334,435
91292,337,441
91309,338,495
91324,338,467
91339,332,501
91355,328,510
91371,323,508
91386,332,520
91402,328,520
91417,323,505
91432,331,506
91449,326,524
91464,326,519
91480,329,519
91495,327,509
91511,329,497
91527,326,484
91542,328,483
91557,325,477
91574,325,440
91589,327,422
91604,328,433
91620,327,432
91635,329,445
91652,331,537
91667,325,601
91682,326,660
91698,324,664
91714,312,661
91729,317,675
91745,313,689
91760,311,595
91777,320,610
91792,311,599
91807,314,625
91823,314,635
91839,306,629
91854,305,644
91870,305,606
91885,305,619
91900,320,582
91917,302,653
91932,305,591
91948,307,500
91963,312,448
91979,307,482
91995,307,432
92010,298,419
92025,306,448
92042,296,450
92057,307,454
92072,294,457
92088,305,447
92104,296,477
92120,309,485
92135,309,514
92150,318,540
92166,315,573
92182,324,579
92197,320,548
92213,329,432
92228,326,427
92244,333,397
92260,331,402
92275,334,390
92291,333,404
92307,338,397
92322,336,416
92338,341,409
92353,334,438
92369,338,455
92385,344,466
92400,334,473
92416,340,499
92431,346,494
92447,341,504
92463,338,528
92478,342,524
92493,348,519
92510,344,544
92525,346,542
92540,352,520
92556,340,594
92572,340,540
92588,340,544
92603,340,547
92618,341,550
92634,347,536
92650,339,526
92665,335,519
92681,336,522
92696,336,508
92712,338,492
92728,339,479
92743,337,468
92759,342,466
92775,340,458
92790,341,470
92806,341,483
92821,342,476
92837,340,567
92853,331,615
92868,328,662
92883,330,645
92899,325,668
92915,326,657
92931,322,628
92946,326,654
92961,318,684
92978,322,620
92993,326,586
93008,325,623
93024,331,620
93040,323,631
93056,326,618
93071,330,639
93086,332,610
93103,330,631
93118,337,529
93133,336,574
93149,320,616
93164,321,616
93180,332,628
93196,342,649
93211,327,611
93227,339,632
93243,337,620
93258,335,626
93274,339,629
93289,341,647
93305,333,698
93321,335,675
93336,345,710
93351,336,771
93368,345,833
93383,348,857
93399,358,786
93414,365,766
93429,353,607
93446,361,598
93461,369,486
93476,373,556
93492,359,425
93508,361,325
93523,357,256
93539,356,228
93554,365,202
93571,367,231
93586,347,207
93601,361,240
93617,350,244
93632,357,262
93648,351,273
93664,350,270
93679,356,285
93694,354,271
93711,352,259
93726,355,304
93742,356,324
93757,354,300
93773,359,321
93789,358,336
93804,362,392
93819,358,415
93836,362,360
93851,360,403
93867,362,447
93882,354,397
93897,355,406
93914,354,408
93929,353,431
93944,367,427
93960,351,434
93976,347,463
93991,351,463
94007,350,468
94022,347,477
94039,346,466
94054,344,461
94069,347,467
94085,344,476
94101,345,460
94116,348,481
94132,344,495
94147,348,467
94162,345,498
94179,338,631
94194,336,684
94210,328,689
94225,324,709
94241,321,636
94257,320,689
94272,322,715
94287,314,721
94304,315,704
94319,317,677
94334,311,728
94350,310,678
94366,311,652
94382,319,641
94397,315,621
94412,317,637
94428,314,605
94444,313,576
94459,320,581
94475,315,567
94490,318,551
94507,317,523
94522,322,534
94537,322,501
94553,317,535
94569,322,536
94584,318,522
94600,322,518
94615,324,502
94630,326,514
94647,324,477
94662,332,493
94678,343,491
94693,329,474
94709,322,508
94725,336,476
94740,337,479
94755,337,496
94772,331,503
94787,337,489
94802,342,508
94818,342,488
94834,345,512
94850,354,533
94865,356,599
94880,352,575
94896,357,592
94912,353,504
94927,351,442
94943,353,344
94958,344,331
94974,345,363
94990,340,359
95005,346,334
95021,337,371
95037,339,381
95052,342,367
95068,344,374
95083,336,417
95099,348,377
95115,336,410
95130,340,403
95145,337,448
95161,339,441
95177,342,432
95193,336,490
95208,338,488
95223,339,479
95240,332,502
95255,333,466
95270,344,509
95286,330,493
95302,340,496
95318,336,515
95333,339,508
95348,334,514
95365,335,509
95380,338,490
95395,344,500
95411,339,496
95426,336,468
95442,335,487
95458,339,459
95473,333,460
95489,339,473
95505,335,476
95520,336,473
95536,333,472
95551,330,480
95567,334,483
95583,331,480
95598,334,481
95613,331,484
95629,333,510
95645,332,481
95661,331,522
95676,329,539
95691,331,612
95708,335,655
95723,321,649
95738,328,682
95754,321,737
95770,316,758
95785,312,745
95801,308,681
95816,312,666
95833,310,683
95848,307,653
95863,313,661
95879,311,675
95894,312,637
95910,308,645
95926,314,599
95941,311,565
95956,318,603
95973,317,573
95988,320,624
96004,322,600
96019,322,539
96035,319,577
96051,320,557
96066,326,552
96081,324,527
96098,330,531
96113,327,560
96129,326,529
96144,337,525
96159,337,531
96176,331,520
96191,333,510
96206,339,509
96222,341,504
96238,343,517
96253,350,571
96269,355,594
96284,357,597
96301,357,651
96316,355,508
96331,358,483
96347,358,404
96363,359,337
96378,358,364
96394,353,382
96409,354,394
96424,352,384
96441,350,396
96456,354,411
96472,352,399
96487,342,395
96503,346,405
96519,347,404
96534,348,442
96549,350,401
96566,366,437
96581,360,375
96596,279,436
96612,407,440
96627,301,458
96644,343,451
96659,318,453
96674,339,456
96690,336,463
96706,336,456
96721,337,447
96737,335,451
96752,338,452
96769,336,440
96784,340,427
96799,338,415
96815,333,407
96831,339,402
96846,336,395
96862,339,406
96877,342,424
96892,352,445
96909,340,441
96924,340,447
96940,340,485
96955,340,537
96971,341,583
96987,337,626
97002,337,631
97017,339,668
97034,331,683
97049,332,697
97064,325,656
97080,330,645
97096,318,638
97112,324,657
97127,327,604
97142,322,617
97158,321,605
97174,315,638
97189,316,620
97205,320,617
97220,319,518
97236,316,566
97252,320,528
97267,312,539
97283,320,554
97299,313,528
97314,319,572
97330,317,524
97345,317,557
97361,322,525
97377,317,536
97392,325,508
97408,318,582
97423,320,550
97439,320,523
97455,317,584
97470,325,490
97485,331,532
97502,323,507
97517,327,526
97532,324,499
97548,333,537
97564,329,513
97580,342,553
97595,343,574
97610,343,592
97626,354,617
97642,353,625
97657,358,693
97673,346,550
97688,360,497
97704,346,431
97720,350,405
97735,342,394
97751,336,404
97767,339,480
97782,337,420
97798,337,468
97813,336,445
97829,339,456
97845,342,455
97860,332,447
97875,341,442
97891,337,447
97907,329,424
97923,330,438
97938,329,434
97953,328,441
97970,329,452
97985,322,429
98000,333,526
98016,322,466
98032,324,489
98048,319,522
98063,322,529
98078,318,537
98095,322,538
98110,323,529
98125,326,531
98141,323,532
98156,330,534
98172,329,528
98188,328,530
98203,332,539
98219,327,564
98235,325,611
98250,331,594
98266,329,596
98281,320,614
98297,314,598
98313,316,588
98328,296,552
98343,317,597
98360,310,582
98375,309,567
98391,322,592
98406,317,584
98421,310,533
98438,325,532
98453,314,565
98468,326,524
98484,321,488
98500,331,452
98515,337,456
98531,332,480
98546,327,472
98563,322,481
98578,322,489
98593,336,495
98609,320,501
98624,332,526
98640,329,488
98656,320,529
98671,324,505
98686,320,495
98703,325,489
98718,323,501
98734,331,520
98749,329,473
98765,331,546
98781,334,575
98796,336,581
98811,336,616
98828,343,629
98843,341,651
98859,344,567
98874,333,509
98889,335,519
98906,345,444
98921,335,421
98936,348,459
98952,327,439
98968,341,453
98983,335,433
98999,336,480
99014,324,466
99031,336,434
99046,337,419
99061,341,440
99077,347,424
99093,315,418
99108,356,441
99124,345,430
99139,359,431
99154,343,416
99171,329,423
99186,344,424
99202,332,430
99217,339,418
99233,344,432
99249,335,412
99264,338,429
99279,333,444
99296,338,421
99311,338,456
99326,333,484
99342,340,589
99358,337,630
99374,339,616
99389,337,614
99404,334,601
99420,329,650
99436,324,641
99451,325,649
99467,315,670
99482,315,702
99499,313,665
99514,315,683
99529,306,653
99545,307,622
99561,302,654
99576,317,614
99592,307,632
99607,313,588
99622,315,578
99639,311,541
99654,310,515
99670,315,523
99685,308,550
99701,320,542
99717,322,536
99732,319,511
99747,314,496
99764,329,524
99779,325,486
99794,318,520
99810,322,550
99826,323,531
99842,320,526
99857,345,526
99872,333,547
99888,330,502
99904,323,523
99919,326,521
99935,327,486
99950,330,502
99966,327,491
99982,341,502
99997,332,517
100013,337,487
100030,337,517
100046,350,589
100063,350,589
100079,351,607
100097,353,662
100113,350,613
100129,350,472
100146,350,464
100163,353,404
100179,344,346
100196,347,362
100212,345,398
100230,349,394
100246,353,401
100262,343,410
100279,350,414
100296,350,392
100313,346,446
100329,351,412
100345,348,402
100363,351,411
100379,354,429
100396,352,430
100412,351,430
100429,346,422
100446,347,459
100462,350,432
100478,343,430
100496,348,436
100512,345,421
100529,344,427
100545,353,433
100562,356,445
100579,343,446
100595,345,436
100612,341,432
100629,343,440
100645,341,460
100662,340,477
100678,337,472
100696,336,526
100712,338,552
100728,339,683
100745,331,661
100762,340,613
100779,331,682
100795,335,693
100811,321,693
100829,336,703
100845,331,723
100861,325,704
100878,320,717
100895,321,669
100912,317,673
100928,318,630
100944,316,636
100962,319,624
100978,308,585
100995,323,595
101011,325,600
101028,327,527
101045,330,541
101061,339,550
101078,331,566
101095,325,521
101111,325,512
101128,329,526
101144,328,537
101161,327,544
101178,330,487
101194,325,502
101211,325,506
101228,330,510
101244,321,483
101261,333,474
101277,343,547
101295,340,528
101311,338,542
101327,349,607
101344,346,610
101361,346,579
101378,346,506
101394,346,473
101410,347,416
101428,347,368
101444,350,374
101460,341,346
101477,352,406
101494,353,445
101511,349,423
101527,353,455
101543,345,399
101561,345,404
101577,337,425
101594,345,382
101610,334,398
101627,333,432
101644,334,345
101660,340,355
101677,338,390
101694,329,397
101710,332,394
101727,333,394
101743,330,397
101761,333,377
101777,336,403
101793,334,412
101810,337,423
101827,336,426
101843,335,425
101860,338,427
101876,336,448
101894,338,461
101910,332,463
101926,339,467
101943,336,487
101960,344,485
101977,349,519
101993,339,544
102009,342,654
102027,341,636
102043,338,653
102060,338,659
102076,330,670
102093,334,692
102110,329,646
102126,322,716
102142,329,671
102160,318,641
102176,319,626
102193,336,654
102209,308,646
102226,317,608
102243,312,602
102259,314,563
102276,319,539
102293,312,539
102309,319,529
102326,321,513
102342,323,523
102360,328,524
102376,326,515
102392,327,550
102409,325,518
102426,330,529
102443,328,527
102459,333,530
102475,336,515
102493,335,548
102509,336,591
102525,341,650
102542,343,675
102559,347,702
102576,345,640
102592,349,632
102608,347,549
102626,348,487
102642,347,441
102659,361,457
102675,348,401
102692,351,371
102709,352,393
102725,344,364
102742,351,399
102759,348,372
102775,344,414
102792,346,398
102808,344,358
102825,343,381
102842,346,385
102858,345,368
102875,342,405
102892,348,412
102908,343,405
102925,341,407
102941,340,407
102959,338,409
102975,337,417
102991,339,421
103008,340,428
103025,340,437
103042,336,441
103058,335,456
103074,334,467
103092,334,498
103108,333,513
103124,338,515
103141,337,542
103158,336,557
103175,338,559
103191,339,565
103207,336,564
103225,339,559
103241,336,565
103258,337,605
103274,337,605
103291,339,656
103308,338,632
103324,339,633
103341,345,656
103358,334,661
103374,328,663
103391,325,665
103407,322,663
103425,322,683
103441,324,637
103457,317,627
103474,326,674
103491,321,629
103507,320,602
103524,324,587
103540,316,547
103558,329,544
103574,329,603
103590,322,577
103607,326,531
103624,317,591
103641,328,549
103657,326,568
103673,320,525
103691,326,555
103707,323,554
103724,332,545
103740,330,525
103757,334,558
103774,336,509
103790,337,498
103806,340,547
103824,348,588
103840,350,592
103857,347,621
103873,353,635
103890,347,574
103907,348,521
103923,352,444
103940,348,374
103957,345,364
103973,340,353
103990,346,402
104006,345,373
104024,350,397
104040,339,342
104056,347,362
104073,350,371
104090,352,380
104107,336,375
104123,345,385
104139,338,386
104157,343,407
104173,341,383
104189,347,393
104206,342,405
104223,346,402
104240,348,402
104256,339,409
104272,342,415
104290,346,412
104306,342,403
104323,343,397
104339,340,395
104356,336,418
104373,338,554
104389,338,617
104406,330,607
104423,333,625
104439,324,702
104456,323,678
104472,318,686
104489,330,662
104506,333,646
104522,318,618
104539,328,602
104556,326,590
104572,318,604
104589,329,579
104605,330,621
104623,313,583
104639,330,578
104655,321,559
104672,323,595
104689,321,594
104706,327,515
104722,326,526
104738,330,511
104756,334,506
104772,338,462
104788,348,546
104805,321,506
104822,333,511
104839,336,518
104855,333,506
104871,336,512
104889,328,485
104905,325,503
104922,335,508
104938,332,499
104955,338,526
104972,337,498
104988,341,544
105005,345,595
105022,342,569
105038,346,624
105055,342,624
105071,342,646
105089,345,541
105105,340,419
105121,345,352
105138,338,341
105155,346,318
105171,341,312
105188,342,307
105204,342,337
105222,343,338
105238,340,343
105254,337,348
105271,344,370
105288,338,388
105305,341,369
105321,338,392
105337,331,397
105355,333,399
105371,338,412
105388,326,410
105404,323,424
105421,327,449
105438,326,466
105454,328,480
105470,322,486
105488,328,494
105504,325,504
105521,330,522
105537,343,471
105554,328,579
105571,334,578
105587,332,579
105604,331,593
105621,330,625
105637,332,605
105654,325,628
105670,320,672
105688,329,621
105704,317,665
105720,323,586
105737,309,653
105754,322,586
105771,316,599
105787,313,552
105803,313,591
105821,307,621
105837,311,608
105853,321,536
105870,313,559
105887,312,534
105904,320,548
105920,318,471
105936,318,474
105954,323,462
105970,323,454
105987,315,437
106003,322,441
106020,322,458
106037,320,447
106053,323,473
106070,325,460
106087,323,465
106103,328,503
106120,332,494
106136,337,504
106153,338,562
106170,336,578
106186,337,574
106203,341,636
106220,340,709
106236,346,635
106253,340,612
106269,341,571
106287,350,534
106303,352,422
106319,342,35
106335,343,152
106352,344,108
106369,338,153
106385,338,186
106401,338,189
106419,336,155
106435,339,136
106451,336,179
106468,333,108
106485,331,170
106502,337,199
106518,336,202
106534,334,230
106552,337,240
106568,327,247
106585,331,281
106601,327,291
106618,329,298
106635,332,318
106651,331,338
106668,326,387
106685,324,503
106701,325,601
106718,322,778
106734,330,775
106752,326,768
106768,325,763
106784,328,760
106801,326,785
106818,329,782
106834,331,772
106851,330,829
106867,336,923
106885,330,931
106901,332,938
106917,328,947
106934,323,912
106951,324,896
106968,316,898
106984,314,874
107000,314,818
107018,319,778
107034,326,717
107051,308,752
107067,311,719
107084,313,735
107101,312,701
107117,314,651
107133,320,656
107151,315,681
107167,315,615
107184,328,623
107200,321,608
107217,323,598
107234,321,580
107250,321,629
107267,331,594
107284,317,542
107300,318,561
107317,316,535
107333,325,574
107351,324,544
107367,326,537
107383,330,544
107400,335,525
107417,342,565
107433,338,627
107450,340,599
107466,344,675
107484,344,675
107500,345,558
107516,346,461
107533,341,420
107550,349,311
107567,342,276
107583,352,284
107599,345,215
107617,334,293
107633,332,258
107650,350,284
107666,344,278
107683,339,240
107700,334,307
107716,342,310
107732,338,320
107750,353,316
107766,349,352
107783,339,331
107799,345,345
107816,342,360
107833,341,366
107849,339,380
107866,337,381
107883,340,381
107899,341,385
107916,340,405
107932,339,440
107950,341,435
107966,345,532
107982,348,611
107999,343,721
108016,342,688
108033,337,681
108049,336,732
108065,329,766
108083,323,714
108099,327,695
108115,319,672
108132,324,706
108149,321,702
108166,317,716
108182,325,638
108198,321,650
108216,324,604
108232,316,647
108249,313,646
108265,325,548
108282,321,519
108299,327,591
108315,322,549
108332,322,552
108349,321,597
108365,330,546
108382,322,602
108398,326,526
108416,338,547
108432,339,593
108448,336,534
108465,340,541
108482,329,513
108498,335,524
108515,343,493
108531,346,476
108549,334,528
108565,341,624
108581,348,548
108598,346,590
108615,354,676
108632,351,541
108648,354,512
108664,354,522
108682,357,382
108698,351,416
108715,348,408
108731,350,374
108748,346,445
108765,342,406
108781,348,420
108797,346,420
108815,363,375
108831,352,418
108848,345,396
108864,342,373
108881,342,372
108898,349,360
108914,353,353
108931,347,390
108948,336,352
108964,337,368
108981,334,369
108997,345,375
109015,347,388
109031,343,393
109047,338,397
109064,330,404
109081,340,445
109097,348,463
109114,347,473
109130,334,467
109148,331,549
109164,329,632
109180,334,646
109197,335,658
109214,339,658
109231,324,643
109247,324,680
109263,332,596
109281,319,663
109297,328,699
109314,331,661
109330,319,630
109347,312,665
109364,320,591
109380,326,634
109396,328,592
109414,323,634
109430,319,651
109447,315,537
109463,309,574
109480,319,552
109497,324,551
109513,322,589
109530,320,568
109547,305,549
109563,314,531
109580,314,547
109596,320,532
109614,319,549
109630,318,533
109646,322,524
109663,318,510
109680,328,520
109697,323,517
109713,326,505
109729,326,508
109747,331,540
109763,337,508
109779,354,534
109796,358,527
109813,361,546
109830,351,537
109846,347,590
109862,354,580
109880,360,582
109896,363,495
109913,359,457
109929,353,389
109946,355,341
109963,353,332
109979,348,369
109996,347,369
110013,344,399
110029,345,388
110046,344,372
110062,344,364
110080,350,350
110096,344,335
110112,345,355
110129,342,324
110146,348,315
110162,338,299
110179,348,336
110195,345,335
110213,341,366
110229,338,323
110245,337,347
110262,338,352
110279,338,363
110296,339,373
110312,339,376
110328,336,377
110346,338,405
110362,340,453
110379,339,468
110395,341,497
110412,338,484
110429,338,510
110445,340,490
110461,340,525
110479,337,634
110495,339,687
110512,335,731
110528,340,691
110545,334,697
110562,325,751
110578,316,724
110595,320,759
110612,316,757
110628,326,703
110645,318,699
110661,321,689
110679,317,680
110695,326,650
110711,334,655
110728,320,590
110745,323,606
110761,320,553
110778,318,499
110794,328,523
110812,322,584
110828,327,501
110844,326,489
110861,325,529
110878,329,547
110895,328,521
110911,330,521
110927,334,533
110945,337,557
110961,338,546
110978,339,608
110994,345,578
111011,339,613
111028,346,535
111044,339,564
111060,337,563
111078,342,573
111094,344,560
111111,342,528
111127,343,545
111144,347,517
111161,345,546
111177,351,559
111194,346,614
111211,351,618
111227,348,678
111244,351,567
111260,347,533
111278,352,479
111294,345,434
111310,346,442
111327,345,426
111344,346,405
111361,345,410
111377,342,369
111393,342,327
111411,342,330
111427,344,310
111443,342,319
111460,353,296
111477,347,312
111494,340,277
111510,340,299
111526,336,308
111544,338,323
111560,336,331
111577,336,343
111593,335,351
111610,330,350
111627,329,358
111643,327,387
111660,331,442
111677,330,447
111693,336,474
111710,333,468
111726,331,520
111744,331,570
111760,329,601
111776,329,668
111793,326,663
111810,328,660
111826,330,657
111843,327,676
111859,331,670
111877,331,676
111893,334,654
111909,333,641
111926,331,644
111943,329,602
111960,332,645
111976,330,628
111992,326,643
112010,321,647
112026,321,637
112043,320,624
112059,321,571
112076,321,604
112093,317,586
112109,317,600
112125,321,507
112143,318,462
112159,324,534
112176,322,498
112192,323,515
112209,332,547
112226,318,533
112242,324,489
112259,325,505
112276,325,527
112292,328,499
112309,327,495
112325,323,489
112343,326,497
112359,328,503
112375,337,489
112392,335,497
112409,336,515
112425,343,616
112442,343,641
112458,347,651
112476,346,661
112492,339,727
112508,347,591
112525,344,543
112542,338,477
112559,340,430
112575,341,421
112591,339,365
112609,344,310
112625,342,329
112642,339,349
112658,339,325
112675,346,324
112692,340,321
112708,335,307
112724,340,334
112742,335,304
112758,335,237
112775,332,247
112791,336,268
112808,333,274
112825,333,309
112841,333,299
112858,332,297
112875,332,301
112891,332,307
112908,336,352
112924,334,401
112942,340,523
112958,343,519
112974,334,549
112991,339,560
113008,334,573
113025,335,600
113041,337,589
113057,340,582
113075,336,642
113091,341,660
113107,340,711
113124,344,757
113141,339,726
113158,342,711
113174,339,695
113190,340,706
113208,335,712
113224,333,677
113241,328,693
113257,337,659
113274,330,635
113291,324,689
113307,322,651
113324,321,643
113341,320,624
113357,316,617
113374,317,559
113390,321,549
113408,316,587
113424,314,558
113440,323,517
113457,320,500
113474,315,557
113490,321,517
113507,326,523
113523,319,596
113541,322,520
113557,329,520
113573,325,516
113590,326,535
113607,328,541
113624,331,565
113640,332,575
113656,334,589
113674,341,594
113690,354,651
113707,342,674
113723,346,661
113740,347,712
113757,347,697
113773,347,700
113789,349,548
113807,346,470
113823,349,422
113840,345,376
113856,344,356
113873,348,371
113890,345,374
113906,352,365
113923,346,348
113940,347,323
113956,344,316
113973,341,286
113989,343,328
114007,340,332
114023,342,374
114039,343,357
114056,341,345
114073,342,347
114089,343,369
114106,338,293
114122,340,277
114140,342,276
114156,339,285
114172,339,299
114189,336,322
114206,337,414
114223,341,485
114239,339,492
114255,339,504
114273,339,536
114289,340,565
114306,331,592
114322,335,669
114339,334,677
114356,339,715
114372,333,709
114388,332,687
114406,327,742
114422,340,726
114439,320,691
114455,318,757
114472,326,685
114489,317,692
114505,320,656
114522,316,716
114539,317,664
114555,312,642
114572,317,644
114588,313,634
114606,319,577
114622,321,549
114638,326,575
114655,317,581
114672,324,617
114689,313,601
114705,316,634
114721,321,574
114739,323,586
114755,318,584
114771,321,561
114788,321,528
114805,324,556
114822,325,582
114838,331,596
114854,333,597
114872,341,602
114888,347,638
114905,346,623
114921,346,705
114938,348,576
114955,347,446
114971,346,416
114988,345,392
115005,345,368
115021,346,391
115038,342,308
115054,343,308
115072,341,320
115088,343,316
115104,339,294
115121,341,304
115138,341,291
115154,340,309
115171,347,282
115187,341,320
115205,339,310
115221,341,338
115237,336,346
115254,335,357
115271,335,353
115288,341,365
115304,335,397
115320,338,449
115338,335,451
115354,343,538
115371,334,608
115387,331,638
115404,335,641
115421,332,669
115437,327,662
115453,324,675
115471,315,644
115487,326,678
115504,318,648
115520,314,717
115537,324,672
115554,316,678
115570,325,654
115587,324,655
115604,322,663
115620,323,611
115637,321,634
115653,322,595
115671,325,568
115687,327,581
115703,321,565
115720,324,573
115737,324,553
115753,327,590
115770,333,561
115786,326,541
115804,324,575
115820,326,553
115836,329,551
115853,326,554
115870,328,558
115887,329,546
115903,327,522
115919,333,521
115937,333,523
115953,323,508
115970,326,500
115986,328,486
116003,326,466
116020,329,481
116036,331,518
116052,333,510
116070,334,513
116086,341,571
116103,342,568
116119,339,568
116136,346,442
116153,348,498
116169,350,510
116186,335,419
116203,334,382
116219,338,338
116236,334,412
116252,336,352
116270,331,336
116286,326,349
116302,330,331
116319,331,350
116336,332,378
116353,332,360
116369,332,345
116385,326,385
116403,328,384
116419,326,437
116435,326,387
116452,328,439
116469,316,462
116486,315,490
116502,314,535
116518,306,548
116536,307,517
116552,313,520
116569,313,589
116585,310,563
116602,300,563
116619,311,578
116635,307,634
116652,314,619
116669,308,609
116685,310,536
116702,331,549
116718,311,544
116736,322,537
116752,313,539
116768,310,545
116785,312,525
116802,322,522
116818,318,489
116835,316,491
116851,308,452
116869,317,478
116885,319,552
116901,311,513
116918,320,507
116935,314,494
116952,314,526
116968,313,498
116984,320,509
117002,306,476
117018,316,545
117035,326,495
117051,328,509
117068,320,499
117085,322,519
117101,324,529
117117,327,552
117135,331,580
117151,328,594
117168,340,648
117184,336,652
117201,343,680
117218,346,670
117234,344,567
117251,354,536
117268,354,513
117284,346,494
117301,347,410
117317,342,416
117335,346,383
117351,346,345
117367,345,361
117384,345,376
117401,344,364
117417,345,387
117434,346,343
117450,357,388
117468,352,402
117484,345,395
117500,345,391
117517,343,415
117534,344,414
117551,348,437
117567,340,418
117583,345,418
117601,346,425
117617,349,420
117634,343,451
117650,346,419
117667,347,484
117684,344,495
117700,350,480
117716,340,650
117734,343,663
117750,333,711
117767,323,706
117783,336,681
117800,331,714
117817,325,682
117833,335,698
117850,323,681
117867,335,668
117883,328,667
117900,331,660
117916,324,680
117934,335,632
117950,334,647
117966,333,611
117983,319,576
118000,324,569
118017,326,547
118033,324,525
118049,333,490
118067,326,463
118083,331,505
118099,322,497
118116,326,419
118133,340,438
118150,332,455
118166,322,522
118182,331,457
118200,331,491
118216,340,531
118233,343,494
118249,336,479
118266,339,469
118283,342,496
118299,338,491
118316,342,516
118333,343,586
118349,349,629
118366,350,661
118382,357,648
118400,357,683
118416,361,642
118432,359,648
118449,364,532
118466,358,515
118482,356,517
118499,347,483
118515,358,459
118533,352,428
118549,354,358
118565,352,351
118582,349,385
118599,347,348
118616,354,384
118632,351,375
118648,351,372
118666,347,394
118682,346,381
118699,348,379
118715,346,376
118732,348,370
118749,346,366
118765,346,376
118781,343,381
118799,346,419
118815,343,432
118832,343,447
118848,346,471
118865,343,484
118882,342,506
118898,342,519
118915,342,526
118932,342,524
118948,341,546
118965,339,544
118981,349,612
118999,345,647
119015,337,705
119031,339,595
119048,331,669
119065,334,651
119081,330,662
119098,321,667
119114,326,672
119132,326,597
119148,317,629
119164,322,601
119181,330,563
119198,324,578
119215,325,573
119231,326,565
119247,327,563
119265,321,533
119281,315,533
119298,327,484
119314,317,456
119331,326,517
119348,320,510
119364,322,494
119380,324,483
119398,328,495
119414,325,470
119431,330,492
119447,331,502
119464,329,523
119481,331,536
119497,337,556
119514,343,614
119531,342,582
119547,344,613
119564,345,641
119580,346,583
119598,347,534
119614,341,489
119630,349,453
119647,339,392
119664,343,436
119681,349,373
119697,340,397
119713,341,357
119731,350,350
119747,346,359
119763,345,330
119780,340,358
119797,342,334
119814,343,357
119830,341,358
119846,342,349
119864,342,392
119880,346,379
119897,340,344
119913,340,382
119930,338,387
119947,342,401
119963,344,409
119980,340,412
119997,340,410
120013,334,414
120030,339,422
120046,339,440
120064,336,448
120080,336,455
120096,332,461
120113,333,489
120130,330,500
120146,333,528
120163,332,536
120179,330,555
120197,333,656
120213,329,691
120229,330,730
120246,329,730
120263,333,708
120280,336,715
120296,335,675
120312,329,713
120330,336,664
120346,330,642
120363,322,684
120379,320,643
120396,322,614
120413,321,621
120429,325,561
120445,327,579
120463,336,554
120479,316,568
120496,327,523
120512,327,528
120529,319,585
120546,326,503
120562,324,464
120579,335,434
120596,328,483
120612,332,493
120629,332,490
120645,332,494
120663,336,507
120679,340,526
120695,336,515
120712,338,540
120729,340,560
120745,333,576
120762,338,606
120778,342,652
120796,344,654
120812,347,651
120828,342,716
120845,345,712
120862,349,656
120879,348,586
120895,346,473
120911,348,480
120929,345,389
120945,343,374
120962,347,368
120978,346,364
120995,342,367
121012,342,364
121028,342,382
121044,346,376
121062,338,387
121078,339,384
121095,340,384
121111,341,385
121128,338,391
121145,340,387
121161,338,384
121178,346,387
121195,340,405
121211,336,424
121228,336,436
121244,338,453
121262,337,464
121278,333,473
121294,336,492
121311,337,512
121328,334,513
121345,332,537
121361,334,532
121377,336,626
121395,334,590
121411,335,622
121427,333,595
121444,333,664
121461,328,620
121478,331,634
121494,323,638
121510,321,615
121528,321,604
121544,318,586
121561,316,606
121577,317,545
121594,313,581
121611,320,548
121627,322,558
121644,319,524
121661,315,556
121677,311,527
121694,323,498
121710,317,536
121728,313,515
121744,317,461
121760,309,534
121777,307,508
121794,316,489
121810,312,536
121827,315,530
121843,311,499
121861,316,498
121877,322,522
121893,317,526
121910,314,533
121927,315,560
121944,317,630
121960,317,651
121976,320,697
121994,326,693
122010,319,694
122027,327,669
122043,329,661
122060,329,638
122077,331,624
122093,320,637
122109,329,636
122127,320,622
122143,327,508
122160,325,446
122176,322,288
122193,320,280
122210,326,196
122226,318,192
122243,323,144
122260,321,170
122276,319,147
122293,323,168
122309,323,219
122327,324,188
122343,322,267
122359,319,290
122376,326,295
122393,320,344
122409,325,366
122426,327,396
122442,326,400
122460,322,405
122476,323,410
122492,324,412
122509,325,400
122526,325,394
122543,324,389
122559,328,400
122575,334,427
122593,327,458
122609,332,478
122626,326,490
122642,330,517
122659,330,525
122676,328,530
122692,330,540
122708,331,563
122726,336,550
122742,334,604
122759,334,647
122775,336,636
122792,339,655
122809,337,648
122825,333,615
122842,331,658
122859,331,651
122875,331,656
122892,328,620
122908,322,623
122926,319,616
122942,316,636
122958,324,616
122975,316,610
122992,318,643
123009,317,644
123025,318,617
123041,319,621
123059,314,577
123075,320,543
123091,325,500
123108,327,514
123125,322,508
123142,326,518
123158,326,518
123174,323,508
123192,333,540
123208,329,533
123225,332,542
123241,344,587
123258,350,598
123275,347,624
123291,347,644
123308,352,629
123325,350,638
123341,348,646
123358,351,742
123374,347,642
123392,344,604
123408,348,541
123424,351,504
123441,342,450
123458,352,457
123474,345,386
123491,366,300
123507,338,331
123525,356,290
123541,347,331
123557,351,292
123574,356,349
123591,337,341
123608,344,340
123624,340,334
123640,344,372
123658,348,393
123674,349,389
123691,341,370
123707,339,423
123724,343,389
123741,339,427
123757,351,445
123773,335,464
123791,341,495
123807,339,421
123824,344,469
123840,339,462
123857,337,448
123874,341,462
123890,338,464
123907,337,477
123924,340,495
123940,338,505
123957,346,504
123973,348,492
123991,337,493
124007,340,499
124023,340,537
124040,337,568
124057,337,579
124073,339,596
124090,340,597
124106,336,603
124124,338,613
124140,335,616
124156,336,614
124173,338,604
124190,336,601
124207,338,596
124223,332,601
124239,329,596
124257,333,604
124273,332,590
124290,328,585
124306,329,591
124323,326,579
124340,326,585
124356,325,574
124372,330,576
124390,326,557
124406,328,565
124423,324,562
124439,328,568
124456,332,553
124473,328,555
124489,337,549
124506,329,548
124523,338,554
124539,328,550
124556,335,545
124572,340,535
124590,338,542
124606,344,535
124622,342,541
124639,349,536
124656,351,530
124673,348,529
124689,349,522
124705,358,530
124723,332,526
124739,350,526
124755,344,523
124772,346,514
124789,342,525
124806,342,520
124822,342,529
124838,347,564
124856,349,629
124872,349,683
124889,330,629
124905,326,624
124922,332,661
124939,320,649
124955,326,587
124972,327,634
124989,307,584
125005,320,594
125022,326,572
125038,322,559
125056,320,541
125072,318,523
125088,316,551
125105,318,529
125122,315,541
125138,307,512
125155,307,444
125171,321,482
125189,324,470
125205,308,463
125221,318,482
125238,323,514
125255,325,516
125272,320,519
125288,328,484
125304,294,508
125322,333,502
125338,338,508
125355,323,505
125371,328,524
125388,321,508
125405,334,540
125421,333,503
125437,327,515
125455,337,506
125471,344,530
125488,339,576
125504,344,508
125521,347,450
125538,348,400
125554,349,390
125571,349,347
125588,346,363
125604,342,354
125621,347,366
125637,354,393
125655,346,398
125671,351,400
125687,352,400
125704,346,413
125721,345,395
125737,344,411
125754,346,419
125770,346,431
125788,343,431
125804,343,441
125820,340,441
125837,337,447
125854,342,423
125871,339,401
125887,346,441
125903,340,448
125921,339,510
125937,343,552
125954,335,564
125970,326,674
125987,323,655
126004,322,675
126020,323,709
126036,326,692
126054,310,668
126070,313,702
126087,314,650
126103,307,655
126120,312,626
126137,319,551
126153,307,558
126170,318,539
126187,314,554
126203,323,534
126220,327,519
126236,320,552
126254,328,503
126270,325,535
126286,321,524
126303,325,521
126320,317,490
126337,321,434
126353,324,461
126369,315,423
126387,324,445
126403,327,422
126419,327,441
126436,327,437
126453,330,467
126470,332,484
126486,330,475
126502,334,525
126520,341,558
126536,341,557
126553,341,577
126569,345,583
126586,346,597
126603,344,658
126619,349,581
126636,344,497
126653,349,519
126669,346,436
126686,355,413
126702,363,378
126720,355,356
126736,350,376
126752,347,374
126769,344,437
126786,345,453
126802,345,428
126819,350,406
126835,342,438
126853,344,451
126869,345,489
126885,343,490
126902,344,473
126919,346,511
126936,343,502
126952,344,499
126968,342,512
126986,341,499
127002,340,488
127019,341,474
127035,340,468
127052,342,451
127069,338,431
127085,341,425
127101,340,427
127119,341,436
127135,342,445
127152,343,452
127168,337,456
127185,343,462
127202,341,455
127218,343,459
127235,341,462
127252,341,471
127268,341,477
127285,343,473
127301,340,469
127319,340,464
127335,340,490
127351,337,464
127368,343,490
127385,343,508
127401,351,506
127418,337,563
127434,337,551
127452,339,560
127468,334,584
127484,334,631
127501,329,621
127518,331,617
127535,321,665
127551,327,646
127567,320,639
127585,330,583
127601,328,563
127618,327,556
127634,329,590
127651,323,584
127668,328,555
127684,328,566
127700,328,556
127718,326,565
127734,330,570
127751,332,544
127767,330,564
127784,330,552
127801,327,590
127817,336,662
127834,337,642
127851,336,669
127867,334,637
127884,331,688
127900,342,622
127918,337,598
127934,341,538
127950,336,523
127967,339,504
127984,344,507
128001,338,471
128017,344,436
128033,343,398
128051,327,375
128067,349,352
128083,334,401
128100,342,430
128117,347,417
128134,338,424
128150,334,386
128166,336,442
128184,340,439
128200,325,387
128217,339,368
128233,336,399
128250,333,374
128267,335,370
128283,328,395
128300,329,376
128317,335,392
128333,334,423
128350,335,421
128366,333,415
128384,331,419
128400,330,431
128416,329,437
128433,330,440
128450,331,458
128466,330,454
128483,330,472
128499,330,479
128517,330,492
128533,333,514
128549,334,521
128566,328,516
128583,331,526
128600,335,541
128616,332,545
128632,336,547
128650,336,551
128666,335,565
128683,335,562
128699,335,556
128716,332,565
128733,336,561
128749,334,552
128765,335,549
128783,339,547
128799,342,550
128816,332,549
128832,335,558
128849,337,554
128866,336,542
128882,333,544
128899,334,549
128916,335,543
128932,334,550
128949,336,547
128965,335,542
128983,334,546
128999,338,549
129015,337,548
129032,339,542
129049,335,548
129065,333,530
129082,335,543
129098,333,540
129116,332,544
129132,336,541
129148,332,547
129165,334,543
129182,334,539
129199,334,535
129215,336,547
129231,335,540
129249,333,546
129265,331,550
129282,330,568
129298,332,577
129315,330,582
129332,331,578
129348,332,606
129364,333,642
129382,331,662
129398,325,647
129415,325,674
129431,324,722
129448,317,733
129465,321,702
129481,321,657
129498,319,706
129515,308,683
129531,311,665
129548,314,662
129564,312,597
129582,312,649
129598,307,610
129614,311,591
129631,313,568
129648,314,580
129665,315,552
129681,313,555
129697,317,564
129715,317,556
129731,317,525
129747,321,512
129764,318,535
129781,320,512
129798,326,585
129814,330,642
129830,325,564
129848,330,548
129864,331,589
129881,331,506
129897,328,487
129914,325,443
129931,329,442
129947,329,440
129964,326,450
129981,318,469
129997,324,432
130014,333,478
130030,318,473
130048,327,461
130064,315,482
130080,327,454
130097,323,442
130114,325,452
130130,324,435
130147,327,464
130163,318,451
130181,320,458
130197,328,461
130213,329,451
130230,323,436
130247,322,427
130264,324,430
130280,326,440
130296,324,436
130314,328,411
130330,329,413
130347,329,409
130363,329,422
130380,329,441
130397,329,458
130413,332,469
130429,334,481
130447,334,520
130463,329,546
130480,330,572
130496,328,569
130513,325,574
130530,329,573
130546,326,532
130563,327,512
130580,323,526
130596,321,533
130613,321,540
130629,318,521
130647,315,532
130663,313,552
130679,320,504
130696,326,505
130713,323,465
130729,323,557
130746,319,520
130762,326,491
130780,333,459
130796,326,520
130812,330,500
130829,330,456
130846,328,459
130863,331,432
130879,332,421
130895,342,420
130913,347,412
130929,334,419
130946,343,422
130962,343,419
130979,346,452
130996,346,439
131012,357,512
131028,358,517
131046,360,550
131062,360,623
131079,356,602
131095,364,594
131112,363,569
131129,356,523
131145,358,489
131162,355,506
131179,353,498
131195,351,466
131212,348,519
131228,352,536
131246,359,528
131262,348,525
131278,356,490
131295,338,499
131312,341,483
131329,344,474
131345,357,460
131361,358,458
131379,336,470
131395,348,446
131411,345,449
131428,337,431
131445,343,436
131462,344,435
131478,342,436
131494,344,434
131512,340,429
131528,342,426
131545,344,433
131561,345,435
131578,343,436
131595,351,458
131611,338,478
131628,334,484
131645,339,504
131661,335,538
131678,338,526
131694,340,561
131712,338,628
131728,339,633
131744,339,633
131761,340,610
131778,339,587
131794,341,582
131811,339,612
131827,344,619
131845,334,604
131861,334,594
131877,329,610
131894,330,548
131911,324,598
131928,321,566
131944,326,525
131960,323,600
131978,322,550
131994,328,533
132011,322,554
132027,324,542
132044,322,549
132061,328,528
132077,327,542
132093,332,494
132111,326,486
132127,331,493
132144,333,428
132160,330,457
132177,334,427
132194,333,430
132210,339,411
132227,333,449
132244,342,468
132260,347,492
132277,353,561
132293,345,549
132311,348,632
132327,351,622
132343,352,604
132360,347,589
132377,349,489
132393,351,466
132410,345,497
132426,355,463
132444,350,488
132460,343,510
132476,348,485
132493,347,508
132510,347,515
132527,347,510
132543,348,510
132559,342,469
132577,341,468
132593,341,467
132610,341,499
132626,342,484
132643,345,489
132660,341,493
132676,341,491
132692,339,450
132710,338,501
132726,342,494
132743,336,484
132759,338,468
132776,337,472
132793,340,454
132809,340,452
132826,334,448
132843,337,441
132859,338,435
132876,337,447
132892,338,481
132910,337,514
132926,333,582
132942,342,581
132959,339,651
132976,328,595
132993,327,632
133009,323,684
133025,318,639
133043,318,690
133059,316,633
133075,314,616
133092,314,550
133109,318,564
133126,320,587
133142,311,593
133158,317,568
133176,317,541
133192,317,564
133209,320,532
133225,316,496
133242,318,498
133259,320,489
133275,317,490
133292,314,494
133309,320,484
133325,322,456
133342,319,468
133358,324,493
133376,326,467
133392,327,454
133408,328,413
133425,333,424
133442,334,399
133458,336,443
133475,344,509
133491,338,533
133509,343,580
133525,345,640
133541,349,636
133558,353,637
133575,348,648
133592,350,600
133608,341,544
133624,353,521
133642,356,514
133658,346,479
133675,346,500
133691,340,500
133708,344,455
133725,343,480
133741,342,488
133757,345,497
133775,344,468
133791,339,490
133808,343,476
133824,343,470
133841,342,458
133858,342,454
133874,341,450
133891,341,441
133908,339,435
133924,338,408
133941,342,411
133957,340,398
133975,336,406
133991,337,429
134007,341,448
134024,339,464
134041,338,467
134057,337,459
134074,340,505
134090,335,544
134108,338,583
134124,337,634
134140,335,617
134157,338,604
134174,332,626
134191,331,625
134207,335,615
134223,328,575
134241,325,565
134257,321,626
134274,326,570
134290,325,545
134307,333,566
134324,328,559
134340,320,596
134356,327,510
134374,318,549
134390,323,581
134407,323,526
134423,319,521
134440,323,510
134457,331,484
134473,327,500
134490,327,474
134507,328,458
134523,328,436
134540,330,433
134556,331,409
134574,327,434
134590,331,420
134606,333,436
134623,331,418
134640,335,473
134657,337,460
134673,343,514
134689,339,514
134707,338,562
134723,349,647
134739,343,602
134756,346,614
134773,337,569
134790,346,546
134806,344,492
134822,352,497
134840,338,492
134856,350,488
134873,344,491
134889,343,481
134906,345,461
134923,338,490
134939,339,460
134956,341,482
134973,337,485
134989,351,482
135006,339,479
135022,343,477
135040,339,481
135056,338,484
135072,342,485
135089,342,476
135106,337,476
135122,338,497
135139,336,509
135155,336,549
135173,342,582
135189,333,655
135205,339,641
135222,327,609
135239,336,612
135256,320,661
135272,318,648
135288,310,627
135306,313,606
135322,318,558
135339,313,576
135355,308,587
135372,310,530
135389,311,507
135405,318,538
135421,314,514
135439,320,451
135455,306,538
135472,322,457
135488,319,503
135505,310,493
135522,314,448
135538,320,480
135555,314,465
135572,322,448
135588,322,467
135605,325,449
135621,327,463
135639,324,464
135655,339,436
135671,342,459
135688,337,440
135705,329,413
135721,329,416
135738,340,437
135754,339,429
135772,344,454
135788,343,453
135804,337,492
135821,347,488
135838,345,536
135855,348,593
135871,346,632
135887,348,642
135905,343,543
135921,340,467
135938,339,432
135954,337,416
135971,335,431
135988,332,399
136004,333,397
136020,339,406
136038,331,407
136054,328,395
136071,331,409
136087,329,398
136104,329,408
136121,326,417
136137,331,429
136154,328,420
136171,330,431
136187,331,435
136204,336,449
136220,324,438
136238,328,453
136254,327,444
136270,320,452
136287,327,446
136304,323,459
136321,322,480
136337,323,511
136353,325,493
136371,321,569
136387,320,547
136403,321,516
136420,330,550
136437,324,511
136454,319,568
136470,328,544
136486,326,554
136504,325,576
136520,324,582
136537,324,572
136553,330,564
136570,322,554
136587,326,551
136603,317,535
136620,320,513
136637,316,504
136653,320,474
136670,320,475
136686,316,484
136704,319,510
136720,315,532
136736,326,546
136753,321,678
136770,332,650
136786,329,691
136803,325,731
136819,320,709
136837,323,699
136853,320,645
136869,317,619
136886,327,626
136903,293,570
136920,338,605
136936,320,590
136952,307,587
136970,323,562
136986,325,553
137003,334,628
137019,331,570
137036,321,585
137053,313,548
137069,311,546
137085,307,523
137103,310,484
137119,306,481
137136,312,469
137152,315,399
137169,331,411
137186,322,398
137202,327,469
137219,340,514
137236,344,598
137252,338,619
137269,343,664
137285,339,732
137303,343,636
137319,349,574
137335,339,522
137352,339,457
137369,342,412
137385,346,390
137402,344,399
137418,341,427
137436,344,389
137452,346,414
137468,348,386
137485,353,431
137502,340,435
137519,345,399
137535,343,463
137551,342,417
137569,339,400
137585,339,439
137602,339,393
137618,339,439
137635,344,419
137652,347,410
137668,361,414
137684,357,440
137702,349,443
137718,345,426
137735,347,426
137751,350,422
137768,347,439
137785,344,438
137801,349,451
137818,344,435
137835,348,436
137851,349,453
137868,347,460
137884,349,460
137902,350,466
137918,348,527
137934,342,670
137951,341,681
137968,336,665
137985,348,693
138001,334,686
138017,330,648
138035,338,575
138051,326,545
138067,325,529
138084,327,451
138101,328,394
138118,323,369
138134,318,356
138150,322,386
138168,318,371
138184,327,372
138201,321,369
138217,317,368
138234,326,374
138251,328,402
138267,319,394
138284,328,360
138301,327,339
138317,327,415
138334,350,535
138350,339,618
138368,340,718
138384,338,687
138400,341,780
138417,331,717
138434,341,703
138450,335,638
138467,341,643
138483,333,536
138501,346,508
138517,347,444
138533,338,456
138550,357,452
138567,341,454
138584,342,432
138600,343,439
138616,342,452
138634,338,321
138650,335,289
138667,333,290
138683,337,338
138700,354,399
138717,320,423
138733,322,467
138749,338,477
138767,339,520
138783,330,523
138800,334,532
138816,332,529
138833,339,535
138850,331,537
138866,337,550
138883,332,548
138900,338,537
138916,333,537
138933,334,533
138949,333,537
138967,335,552
138983,347,559
138999,344,575
139016,332,589
139033,334,609
139049,337,616
139066,336,614
139082,338,630
139100,336,602
139116,339,625
139132,341,680
139149,338,737
139166,336,728
139183,338,715
139199,337,685
139215,334,675
139233,325,699
139249,324,654
139266,326,630
139282,323,641
139299,323,591
139316,324,583
139332,323,575
139348,324,556
139366,328,590
139382,325,555
139399,326,531
139415,324,518
139432,327,445
139449,324,438
139465,325,417
139482,325,419
139499,331,384
139515,318,404
139532,322,404
139548,320,400
139566,322,443
139582,329,413
139598,321,431
139615,329,419
139632,333,502
139649,321,480
139665,323,444
139681,325,407
139699,321,406
139715,326,373
139731,329,410
139748,329,382
139765,333,412
139782,329,377
139798,335,387
139814,334,437
139832,337,396
139848,336,439
139865,338,401
139881,337,405
139898,334,440
139915,340,487
139931,336,555
139948,336,658
139965,341,705
139981,323,752
139998,331,705
140014,330,758
140032,352,781
140048,325,823
140064,335,820
140081,338,696
140098,322,549
140114,324,533
140131,330,592
140147,331,528
140165,320,458
140181,335,437
140197,348,405
140214,328,402
140231,328,405
140248,350,400
140264,337,409
140280,337,449
140298,310,465
140314,341,485
140331,331,539
140347,330,497
140364,334,539
140381,340,501
140397,336,559
140413,329,525
140431,331,531
140447,337,551
140464,327,562
140480,329,538
140497,332,545
140514,325,534
140530,333,521
140547,329,507
140564,328,530
140580,326,541
140597,328,537
140613,327,574
140631,326,570
140647,330,625
140663,329,646
140680,328,704
140697,334,729
140713,332,683
140730,331,702
140746,331,704
140764,328,657
140780,332,673
140796,327,618
140813,324,642
140830,319,565
140847,325,520
140863,321,470
140879,333,477
140897,323,481
140913,318,407
140930,319,380
140946,338,375
140963,334,343
140980,326,413
140996,323,367
141012,326,361
141030,332,355
141046,343,369
141063,329,384
141079,333,341
141096,337,330
141113,331,357
141129,338,359
141146,336,362
141163,341,363
141179,334,403
141196,333,536
141212,341,615
141230,337,651
141246,352,632
141262,338,632
141279,345,743
141296,332,726
141313,339,667
141329,348,584
141345,344,516
141363,328,457
141379,351,494
141395,326,448
141412,353,444
141429,344,392
141446,362,423
141462,341,407
141478,381,386
141496,362,380
141512,364,373
141529,357,345
141545,356,329
141562,360,293
141579,356,345
141595,352,306
141612,332,355
141629,345,323
141645,355,320
141662,343,340
141678,337,304
141696,350,288
141712,347,349
141728,347,349
141745,340,364
141762,346,378
141778,337,389
141795,342,397
141811,337,392
141829,341,411
141845,335,440
141861,343,424
141878,336,481
141895,336,472
141912,338,443
141928,336,427
141944,339,447
141962,342,596
141978,338,746
141995,337,821
142011,334,830
142028,340,950
142045,329,917
142061,331,948
142077,329,950
142095,321,960
142111,329,922
142128,330,787
142144,335,736
142161,337,721
142178,325,742
142194,333,674
142211,330,707
142228,335,676
142244,329,650
142261,331,610
142277,329,585
142295,328,559
142311,335,524
142327,337,528
142344,333,530
142361,343,514
142377,332,510
142394,340,508
142410,340,506
142428,336,557
142444,337,558
142460,346,594
142477,343,668
142494,342,640
142511,339,653
142527,348,660
142543,347,645
142561,343,457
142577,349,337
142594,343,354
142610,345,275
142627,344,335
142644,343,280
142660,336,323
142676,340,312
142694,346,302
142710,338,308
142727,339,340
142743,338,312
142760,342,388
142777,354,338
142793,336,342
142810,337,342
142827,341,384
142843,335,371
142860,334,402
142876,332,409
142894,339,413
142910,333,419
142926,338,433
142943,333,457
142960,334,476
142977,339,475
142993,338,482
143009,341,513
143027,336,582
143043,331,643
143059,329,676
143076,328,689
143093,325,694
143110,330,687
143126,328,693
143142,330,706
143160,328,686
143176,329,700
143193,331,700
143209,334,742
143226,332,754
143243,331,768
143259,330,714
143276,325,743
143293,327,718
143309,330,690
143326,327,677
143342,322,692
143360,324,610
143376,322,638
143392,325,591
143409,326,578
143426,334,571
143442,328,603
143459,325,529
143475,328,438
143493,330,449
143509,331,434
143525,325,389
143542,331,411
143559,332,394
143576,329,397
143592,333,410
143608,330,389
143626,336,380
143642,336,397
143659,340,410
143675,341,411
143692,336,461
143709,342,573
143725,346,546
143741,339,542
143759,342,578
143775,347,629
143792,337,591
143808,344,594
143825,348,455
143842,329,399
143858,337,439
143875,336,472
143892,338,400
143908,338,355
143925,334,368
143941,346,347
143959,337,383
143975,342,379
143991,335,426
144008,337,423
144025,333,425
144041,339,424
144058,340,437
144074,317,415
144092,359,416
144108,322,420
144124,324,414
144141,328,417
144158,327,414
144175,329,413
144191,327,418
144207,328,431
144225,328,442
144241,328,452
144258,331,462
144274,329,473
144291,327,495
144308,333,513
144324,327,543
144340,333,522
144358,330,573
144374,324,528
144391,328,568
144407,318,664
144424,321,671
144441,320,697
144457,322,626
144474,317,642
144491,318,705
144507,320,684
144524,315,653
144540,318,627
144558,323,606
144574,320,607
144590,318,605
144607,321,574
144624,316,559
144641,321,564
144657,314,486
144673,333,471
144691,320,489
144707,323,486
144723,321,523
144740,324,460
144757,328,480
144774,323,460
144790,331,489
144806,326,475
144824,348,489
144840,337,458
144857,336,474
144873,346,534
144890,340,529
144907,356,548
144923,356,580
144940,338,654
144957,343,664
144973,338,592
144990,345,532
145006,341,473
145024,342,434
145040,339,339
145056,339,399
145073,333,381
145090,338,405
145106,338,407
145123,338,394
145139,339,391
145157,336,388
145173,332,393
145189,337,387
145206,343,375
145223,342,394
145240,337,373
145256,330,370
145272,324,377
145290,327,399
145306,320,395
145323,336,396
145339,329,410
145356,337,443
145373,334,456
145389,341,492
145405,337,494
145423,342,488
145439,340,478
145456,343,472
145472,346,476
145489,333,460
145506,344,460
145522,350,528
145539,359,610
145556,334,632
145572,341,712
145589,341,720
145605,346,757
145623,345,702
145639,349,746
145655,356,717
145672,345,658
145689,343,663
145705,345,652
145722,338,632
145738,355,625
145756,346,607
145772,344,614
145788,339,564
145805,340,607
145822,330,519
145839,331,545
145855,327,503
145871,326,507
145889,321,526
145905,318,533
145922,323,519
145938,318,532
145955,317,515
145972,317,512
145988,331,522
146004,323,513
146022,329,487
146038,326,497
146055,331,504
146071,331,485
146088,328,495
146105,337,477
146121,336,526
146138,341,554
146155,338,626
146171,334,609
146188,341,640
146204,343,710
146222,348,658
146238,336,596
146254,348,480
146271,366,453
146288,334,388
146305,336,375
146321,341,364
146337,338,364
146355,340,358
146371,337,368
146387,340,357
146404,326,410
146421,339,354
146438,330,406
146454,335,381
146470,331,388
146488,334,412
146504,335,393
146521,328,413
146537,328,459
146554,330,436
146571,320,449
146587,332,458
146604,325,457
146621,328,453
146637,328,454
146654,329,454
146670,331,455
146688,327,437
146704,326,444
146720,330,483
146737,322,507
146754,324,508
146770,326,659
146787,334,631
146803,327,641
146821,336,718
146837,329,696
146853,333,647
146870,334,687
146887,333,663
146904,344,621
146920,339,646
146936,331,636
146954,351,605
146970,341,566
146987,352,578
147003,352,608
147020,337,596
147037,340,607
147053,330,603
147069,336,588
147087,330,552
147103,330,526
147120,327,509
147136,335,563
147153,318,515
147170,337,576
147186,324,486
147203,326,500
147220,339,509
147236,331,513
147253,332,513
147269,334,517
147287,331,585
147303,333,536
147319,328,539
147336,328,584
147353,321,598
147369,323,579
147386,334,600
147402,322,634
147420,330,538
147436,306,501
147452,315,484
147469,320,379
147486,314,350
147503,317,363
147519,305,386
147535,294,334
147553,317,376
147569,308,389
147586,309,404
147602,304,418
147619,308,416
147636,304,422
147652,324,418
147668,300,430
147686,302,420
147702,306,423
147719,308,426
147735,314,425
147752,306,416
147769,309,413
147785,309,412
147802,312,413
147819,299,411
147835,310,417
147852,312,436
147868,310,474
147886,309,530
147902,305,536
147918,307,638
147935,307,661
147952,304,655
147969,303,588
147985,302,622
148001,302,623
148019,291,566
148035,296,602
148051,297,560
148068,297,557
148085,302,616
148102,302,553
148118,305,575
148134,312,575
148152,314,551
148168,307,574
148185,306,590
148201,303,534
148218,309,512
148235,311,480
148251,308,469
148268,312,446
148285,315,466
148301,315,430
148318,322,411
148334,321,415
148352,322,413
148368,327,457
148384,324,413
148401,333,415
148418,325,420
148434,334,424
148451,339,415
148467,358,443
148485,324,466
148501,340,528
148517,349,615
148534,353,655
148551,362,664
148568,348,655
148584,356,679
148600,376,761
148618,364,711
148634,369,632
148651,358,516
148667,362,507
148684,368,412
148701,365,432
148717,343,385
148733,349,388
148751,358,399
148767,358,422
148784,357,406
148800,356,456
148817,344,428
148834,359,415
148850,342,431
148867,348,483
148884,332,454
148900,337,462
148917,343,453
148933,338,462
148951,341,472
148967,329,474
148983,340,473
149000,344,465
149017,339,454
149033,342,435
149050,341,435
149066,344,436
149084,336,451
149100,342,437
149116,343,460
149133,339,534
149150,336,486
149167,352,613
149183,345,662
149199,339,678
149217,338,679
149233,336,681
149250,335,685
149266,331,654
149283,332,695
149300,319,713
149316,334,622
149332,325,645
149350,328,637
149366,318,622
149383,326,623
149399,332,601
149416,331,597
149433,327,502
149449,320,474
149466,314,468
149483,320,469
149499,314,467
149516,332,419
149532,322,435
149550,326,437
149566,323,428
149582,329,511
149599,327,424
149616,328,445
149633,329,457
149649,333,455
149665,340,470
149683,330,513
149699,343,559
149715,336,632
149732,346,661
149749,348,688
149766,349,690
149782,346,690
149798,356,672
149816,346,723
149832,351,693
149849,369,627
149865,361,581
149882,359,539
149899,339,486
149915,361,424
149932,346,419
149949,359,416
149965,341,425
149982,354,398
149998,362,408
150016,351,403
150032,354,417
150048,354,422
150065,362,430
150082,351,425
150098,354,424
150115,345,433
150131,348,438
150149,350,436
150165,342,441
150181,348,444
150198,350,416
150215,351,440
150232,346,428
150248,342,441
150264,344,448
150282,344,457
150298,336,434
150315,347,438
150331,335,450
150348,340,444
150365,338,461
150381,338,450
150397,336,453
150415,339,457
150431,337,466
150448,339,468
150464,339,491
150481,338,478
150498,344,518
150514,343,547
150531,350,691
150548,339,671
150564,333,753
150581,333,713
150597,330,752
150615,331,707
150631,322,732
150647,323,686
150664,318,665
150681,320,589
150697,322,577
150714,321,561
150730,326,546
150748,321,578
150764,317,540
150780,325,487
150797,329,459
150814,318,428
150831,330,448
150847,324,476
150863,329,476
150881,326,453
150897,326,468
150914,338,493
150930,328,491
150947,337,509
150964,337,528
150980,339,540
150996,340,537
151014,340,565
151030,348,625
151047,344,592
151063,346,596
151080,349,611
151097,352,469
151113,346,504
151130,350,426
151147,350,406
151163,352,394
151180,344,423
151196,341,397
151214,347,390
151230,342,396
151246,344,383
151263,343,380
151280,340,371
151297,336,388
151313,336,395
151329,337,391
151347,338,380
151363,337,367
151379,337,370
151396,331,372
151413,331,381
151430,330,390
151446,336,393
151462,327,400
151480,330,421
151496,330,450
151513,324,480
151529,323,506
151546,319,519
151563,322,514
151579,325,528
151596,319,547
151613,322,575
151629,320,585
151646,323,586
151662,321,602
151680,321,602
151696,322,625
151712,320,658
151729,320,671
151746,313,712
151762,308,778
151779,315,714
151795,313,718
151813,302,680
151829,305,678
151845,305,668
151862,303,686
151879,304,641
151896,320,575
151912,360,530
151928,276,549
151946,304,487
151962,310,485
151979,310,496
151995,309,488
152012,312,449
152029,316,461
152045,309,461
152061,308,437
152079,303,418
152095,302,455
152112,305,445
152128,311,445
152145,309,480
152162,316,453
152178,330,517
152195,321,592
152212,320,590
152228,320,587
152245,329,665
152261,328,527
152279,326,465
152295,333,397
152311,335,356
152328,333,351
152345,328,343
152361,331,358
152378,333,359
152394,339,372
152412,326,385
152428,334,377
152444,335,396
152461,326,413
152478,332,439
152495,331,468
152511,335,488
152527,322,494
152545,339,500
152561,334,501
152578,332,495
152594,337,504
152611,332,513
152628,358,526
152644,339,535
152660,341,585
152678,339,641
152694,340,687
152711,329,735
152727,338,750
152744,325,716
152761,330,684
152777,335,729
152794,328,724
152811,334,693
152827,327,655
152844,330,651
152860,323,677
152878,324,707
152894,324,598
152910,334,596
152927,326,554
152944,334,462
152961,333,502
152977,333,489
152993,339,487
153011,338,485
153027,383,466
153043,356,490
153060,354,433
153077,348,463
153094,346,449
153110,351,461
153126,340,376
153144,351,456
153160,350,476
153177,352,503
153193,354,552
153210,345,573
153227,359,602
153243,364,600
153260,369,640
153277,395,428
153293,289,326
153310,311,290
153326,406,301
153344,364,286
153360,338,313
153376,403,334
153393,373,332
153410,345,319
153426,350,312
153443,332,311
153459,382,297
153477,318,307
153493,345,348
153509,373,300
153526,337,333
153543,319,364
153560,355,382
153576,325,366
153592,381,393
153610,337,408
153626,371,391
153643,291,440
153659,350,465
153676,318,452
153693,276,433
153709,365,478
153725,293,442
153743,290,487
153759,339,490
153776,329,495
153792,341,490
153809,333,495
153826,342,501
153842,325,494
153859,346,505
153876,343,507
153892,348,505
153909,364,506
153925,352,508
153943,363,505
153959,361,519
153975,348,530
153992,346,544
154009,344,566
154025,346,584
154042,348,621
154058,347,660
154076,329,671
154092,333,721
154108,326,795
154125,311,764
154142,316,811
154159,322,866
154175,312,815
154191,304,819
154209,310,777
154225,298,740
154242,301,792
154258,305,752
154275,302,726
154292,307,742
154308,304,672
154324,305,701
154342,312,643
154358,311,659
154375,310,632
154391,304,637
154408,314,589
154425,317,529
154441,311,566
154458,312,535
154475,305,534
154491,316,535
154508,307,505
154524,312,523
154542,314,539
154558,324,524
154574,322,534
154591,324,587
154608,330,570
154625,322,581
154641,340,564
154657,342,617
154675,340,540
154691,353,386
154707,337,434
154724,354,357
154741,332,309
154758,366,259
154774,345,264
154790,351,310
154808,356,304
154824,346,326
154841,347,328
154857,346,338
154874,347,342
154891,358,333
154907,345,364
154924,355,410
154941,353,391
154957,360,447
154974,343,426
154990,344,455
155008,341,464
155024,344,463
155040,339,465
155057,340,456
155074,341,443
155090,338,412
155107,338,374
155123,337,360
155141,339,351
155157,344,359
155173,334,451
155190,334,503
155207,324,599
155224,323,681
155240,323,684
155256,314,674
155274,317,658
155290,311,692
155307,314,636
155323,315,609
155340,310,669
155357,319,625
155373,313,637
155389,312,615
155407,314,588
155423,318,579
155440,312,635
155456,320,617
155473,309,630
155490,312,594
155506,322,552
155523,314,571
155540,318,500
155556,329,505
155573,321,496
155589,326,528
155607,326,491
155623,337,504
155639,325,478
155656,347,490
155673,345,542
155689,336,564
155706,341,579
155722,339,573
155740,350,665
155756,347,597
155772,354,623
155789,350,521
155806,346,431
155823,347,323
155839,360,316
155855,345,282
155873,365,261
155889,348,305
155906,344,334
155922,350,354
155939,353,375
155956,351,366
155972,338,405
155988,346,400
156006,354,408
156022,335,385
156039,349,389
156055,348,385
156072,341,386
156089,343,417
156105,345,417
156122,339,406
156139,340,397
156155,344,406
156172,336,388
156188,341,374
156206,343,393
156222,344,390
156238,338,455
156255,341,467
156272,337,552
156289,339,649
156305,340,605
156321,338,655
156339,337,667
156355,335,674
156371,338,640
156388,339,653
156405,332,670
156422,325,643
156438,333,664
156454,327,676
156472,331,649
156488,327,668
156505,320,656
156521,329,632
156538,334,614
156555,327,657
156571,333,590
156588,346,611
156605,324,598
156621,339,501
156638,327,560
156654,327,561
156672,328,512
156688,335,515
156704,325,512
156721,333,497
156738,329,504
156754,333,512
156771,331,507
156787,340,521
156805,340,525
156821,338,556
156837,339,574
156854,339,612
156871,340,629
156888,352,644
156904,336,602
156920,346,637
156938,347,603
156954,347,661
156971,350,650
156987,351,622
157004,330,591
157021,340,572
157037,353,559
157053,357,575
157071,357,521
157087,361,514
157104,362,429
157120,363,334
157137,369,311
157154,352,357
157170,354,313
157187,349,326
157204,347,310
157220,351,279
157237,347,264
157253,346,313
157271,343,331
157287,349,348
157303,346,345
157320,343,371
157337,342,352
157353,344,377
157370,346,381
157386,339,384
157404,338,386
157420,333,397
157436,333,398
157453,331,408
157470,328,418
157487,328,450
157503,329,461
157519,327,515
157537,328,589
157553,330,596
157570,330,650
157586,331,681
157603,329,766
157620,332,752
157636,328,810
157652,336,748
157670,322,832
157686,333,791
157703,324,804
157719,315,784
157736,322,763
157753,320,739
157769,321,717
157786,316,685
157803,311,606
157819,320,649
157836,319,611
157852,327,624
157870,315,601
157886,320,605
157902,315,559
157919,322,541
157936,320,474
157953,328,481
157969,314,447
157985,325,446
158003,322,433
158019,330,424
158035,327,432
158052,329,411
158069,338,437
158086,327,417
158102,334,441
158118,336,452
158136,334,469
158152,346,518
158169,347,513
158185,343,528
158202,348,547
158219,344,531
158235,349,442
158252,346,431
158269,348,368
158285,346,289
158302,346,337
158318,345,301
158336,344,295
158352,346,303
158368,346,307
158385,341,299
158402,348,341
158418,347,337
158435,336,347
158451,340,356
158469,336,354
158485,339,362
158501,339,375
158518,336,387
158535,336,392
158552,348,390
158568,332,393
158584,340,419
158602,338,432
158618,340,493
158635,334,576
158651,338,608
158668,336,705
158685,338,705
158701,339,725
158717,335,752
158735,332,843
158751,336,735
158768,326,779
158784,332,729
158801,330,655
158818,319,705
158834,318,688
158851,317,632
158868,327,548
158884,328,537
158901,321,509
158917,320,525
158935,317,525
158951,327,452
158967,328,451
158984,316,423
159001,322,390
159017,328,406
159034,332,413
159050,318,425
159068,322,398
159084,327,418
159100,330,394
159117,329,400
159134,330,403
159151,329,410
159167,331,396
159183,327,440
159201,330,487
159217,326,552
159234,331,639
159250,333,672
159267,337,738
159284,341,751
159300,320,707
159316,334,738
159334,348,689
159350,325,670
159367,330,696
159383,346,737
159400,335,733
159417,345,688
159433,346,615
159450,340,509
159467,345,469
159483,347,446
159500,360,428
159516,340,421
159534,340,428
159550,330,402
159566,343,375
159583,329,398
159600,332,345
159617,340,413
159633,328,375
159649,333,364
159667,334,412
159683,332,353
159699,331,384
159716,333,373
159733,332,362
159750,332,354
159766,330,345
159782,329,338
159800,332,338
159816,329,326
159833,333,330
159849,330,341
159866,330,360
159883,329,387
159899,333,410
159916,332,439
159933,332,466
159949,332,496
159966,329,523
159982,331,545
160000,342,558
160016,335,631
160032,333,631
160049,334,641
160066,337,684
160082,333,701
160099,335,658
160115,328,692
160133,329,720
160149,334,677
160165,333,680
160182,326,702
160199,334,632
160216,333,593
160232,336,614
160248,338,635
160266,331,661
160282,338,562
160299,329,581
160315,336,576
160332,334,575
160349,340,561
160365,332,519
160381,336,497
160399,329,515
160415,332,525
160432,345,518
160448,324,533
160465,336,508
160482,333,508
160498,330,536
160515,349,582
160532,333,632
160548,337,689
160565,338,684
160581,336,625
160599,344,513
160615,339,398
160631,335,317
160648,337,369
160665,334,283
160681,334,350
160698,317,363
160714,333,360
160732,344,381
160748,337,388
160764,324,409
160781,316,413
160798,325,425
160815,347,407
160831,333,391
160847,325,421
160865,347,404
160881,335,421
160898,334,412
160914,339,404
160931,331,409
160948,334,416
160964,336,400
160980,335,369
160998,331,364
161014,332,348
161031,329,424
161047,326,420
161064,324,476
161081,330,493
161097,331,588
161114,332,633
161131,331,648
161147,322,634
161164,334,659
161180,325,644
161198,328,680
161214,326,588
161230,316,619
161247,317,588
161264,320,645
161281,317,593
161297,320,607
161313,320,654
161331,326,591
161347,322,605
161363,320,630
161380,320,618
161397,328,548
161414,329,532
161430,325,484
161446,332,487
161464,326,510
161480,337,502
161497,332,414
161513,326,479
161530,330,414
161547,328,440
161563,330,379
161580,337,397
161597,334,384
161613,336,404
161630,335,480
161646,344,595
161664,345,634
161680,341,715
161696,347,731
161713,345,709
161730,356,761
161746,352,738
161763,351,780
161779,357,727
161797,338,578
161813,344,506
161829,342,454
161846,360,415
161863,346,352
161880,348,375
161896,340,359
161912,356,373
161930,348,389
161946,337,379
161963,345,381
161979,326,366
161996,340,372
162013,346,385
162029,337,386
162045,338,385
162063,337,375
162079,339,360
162096,339,369
162112,334,374
162129,337,383
162146,340,420
162162,336,447
162179,340,477
162196,335,510
162212,338,560
162229,348,679
162245,343,673
162263,333,652
162279,334,686
162295,328,710
162312,335,642
162329,324,676
162345,326,648
162362,325,638
162378,328,672
162396,324,606
162412,325,658
162428,331,588
162445,332,589
162462,325,597
162479,333,584
162495,319,544
162511,320,522
162529,328,508
162545,322,463
162562,328,481
162578,326,487
162595,328,454
162612,321,471
162628,310,476
162644,330,455
162662,321,464
162678,326,390
162695,333,383
162711,326,405
162728,329,384
162745,333,396
162761,340,397
162778,336,405
162795,337,462
162811,337,483
162828,333,515
162844,347,610
162862,339,740
162878,340,687
162894,345,753
162911,345,751
162928,351,779
162945,345,758
162961,351,669
162977,347,603
162995,349,514
163011,364,437
163027,346,420
163044,346,400
163061,345,415
163078,340,392
163094,343,405
163110,346,384
163128,339,413
163144,338,403
163161,330,423
163177,336,437
163194,332,416
163211,331,413
163227,331,398
163244,332,384
163261,329,383
163277,328,391
163294,326,393
163310,329,412
163328,324,417
163344,329,446
163360,326,469
163377,324,523
163394,323,546
163410,325,558
163427,325,557
163443,328,556
163461,325,574
163477,323,580
163493,328,585
163510,325,573
163527,322,572
163544,323,555
163560,325,581
163576,325,557
163594,324,580
163610,327,608
163627,326,630
163643,322,640
163660,323,644
163677,321,566
163693,326,616
163709,322,559
163727,320,545
163743,321,568
163760,310,584
163776,316,586
163793,315,568
163810,314,566
163826,316,537
163843,323,526
163860,318,499
163876,323,432
163893,320,467
163909,315,392
163927,326,394
163943,324,402
163959,323,380
163976,325,399
163993,324,415
164009,318,359
164026,323,458
164042,323,462
164060,330,571
164076,324,643
164092,333,708
164109,341,751
164126,334,730
164143,332,750
164159,337,722
164175,349,801
164193,346,670
164209,347,560
164226,307,479
164242,362,465
164259,345,456
164276,344,411
164292,344,415
164308,356,380
164326,340,346
164342,348,402
164359,343,397
164375,338,364
164392,346,383
164409,325,361
164425,345,391
164442,335,394
164459,336,408
164475,335,412
164492,333,410
164508,328,412
164526,325,418
164542,330,420
164558,329,421
164575,331,430
164592,328,446
164609,335,477
164625,332,512
164641,336,533
164659,333,550
164675,335,545
164691,338,580
164708,340,591
164725,333,653
164742,333,680
164758,339,662
164774,336,733
164792,332,676
164808,326,705
164825,324,664
164841,318,652
164858,330,639
164875,325,622
164891,328,632
164908,325,614
164925,324,589
164941,325,612
164958,332,597
164974,329,575
164992,324,572
165008,332,517
165024,330,498
165041,323,452
165058,324,436
165074,323,431
165091,330,357
165107,329,430
165125,331,366
165141,333,388
165157,324,403
165174,331,377
165191,337,399
165208,342,420
165224,334,425
165240,340,492
165258,342,539
165274,346,595
165291,351,651
165307,343,693
165324,355,711
165341,359,747
165357,356,758
165373,357,694
165391,355,665
165407,349,572
165424,359,534
165440,352,501
165457,354,482
165474,349,474
165490,362,424
165507,340,451
165524,346,449
165540,342,443
165557,347,446
165573,349,436
165591,346,428
165607,343,434
165623,341,436
165640,340,433
165657,338,431
165673,339,434
165690,335,455
165706,337,472
165724,340,504
165740,336,525
165756,337,531
165773,336,534
165790,337,540
165807,339,550
165823,337,550
165839,331,581
165857,337,621
165873,339,622
165890,340,643
165906,332,618
165923,334,594
165940,326,607
165956,316,584
165972,326,600
165990,329,561
166006,313,599
166023,325,526
166039,318,545
166056,319,566
166073,326,581
166089,310,524
166106,326,510
166123,325,465
166139,322,428
166156,334,398
166172,325,368
166190,329,401
166206,321,389
166222,328,369
166239,323,371
166256,326,437
166273,331,331
166289,330,378
166305,333,376
166323,334,396
166339,330,368
166355,336,369
166372,340,441
166389,336,459
166406,358,594
166422,352,615
166438,346,662
166456,352,659
166472,354,721
166489,354,727
166505,350,683
166522,357,637
166539,352,548
166555,358,466
166572,356,484
166589,346,496
166605,358,474
166622,358,438
166638,351,412
166656,358,411
166672,341,365
166688,345,393
166705,353,368
166722,345,318
166738,349,339
166755,345,330
166771,344,328
166789,348,310
166805,348,354
166821,345,326
166838,345,364
166855,342,368
166872,340,370
166888,337,372
166904,332,372
166922,331,392
166938,324,416
166955,328,442
166971,328,466
166988,331,513
167005,324,555
167021,328,557
167037,329,580
167055,328,569
167071,328,612
167088,325,691
167104,331,759
167121,330,738
167138,330,714
167154,331,701
167171,328,685
167188,328,667
167204,324,678
167221,330,628
167237,323,577
167255,315,558
167271,318,581
167287,318,538
167304,313,508
167321,310,549
167337,320,509
167354,314,513
167370,309,509
167388,310,443
167404,311,411
167420,320,411
167437,307,418
167454,318,412
167471,312,426
167487,321,426
167503,318,439
167521,319,435
167537,319,392
167554,329,437
167570,327,479
167587,316,481
167604,333,427
167620,320,434
167636,323,455
167654,320,461
167670,329,462
167687,329,446
167703,327,474
167720,326,477
167737,336,480
167753,334,501
167770,345,566
167787,342,618
167803,332,668
167820,348,749
167836,356,792
167854,344,790
167870,348,808
167886,383,791
167903,300,788
167920,349,710
167937,343,698
167953,358,652
167969,333,635
167987,374,640
168003,345,588
168019,366,563
168036,352,534
168053,371,568
168070,345,491
168086,359,495
168102,340,467
168120,361,463
168136,348,439
168153,348,486
168169,352,448
168186,356,402
168203,352,357
168219,350,390
168236,347,411
168253,347,378
168269,356,400
168286,355,406
168302,351,375
168320,352,389
168336,358,394
168352,347,400
168369,345,413
168386,346,422
168402,352,418
168419,347,408
168435,356,470
168453,357,432
168469,353,462
168485,356,443
168502,346,457
168519,365,513
168536,342,483
168552,347,481
168568,342,474
168586,349,478
168602,352,477
168619,346,471
168635,345,460
168652,339,480
168669,344,452
168685,342,538
168701,339,657
168719,335,733
168735,324,782
168752,340,816
168768,319,830
168785,305,813
168802,318,801
168818,306,845
168835,315,818
168852,303,786
168868,312,737
168885,310,684
168901,313,649
168919,318,627
168935,305,605
168951,304,547
168968,313,498
168985,317,425
169001,305,418
169018,309,402
169034,306,374
169052,312,325
169068,314,328
169084,308,326
169101,311,364
169118,312,392
169135,317,385
169151,298,375
169167,312,395
169185,332,357
169201,319,388
169218,337,422
169234,319,429
169251,329,414
169268,329,386
169284,328,412
169300,331,413
169318,319,431
169334,320,459
169351,321,420
169367,321,431
169384,320,434
169401,323,461
169417,322,468
169434,331,481
169451,336,489
169467,343,571
169484,335,627
169500,323,676
169518,323,794
169534,336,840
169550,342,854
169567,335,705
169584,336,620
169601,346,581
169617,332,478
169633,329,390
169651,334,377
169667,344,347
169683,333,403
169700,335,383
169717,340,395
169734,339,380
169750,332,394
169766,332,383
169784,336,387
169800,334,406
169817,334,404
169833,334,375
169850,334,409
169867,331,406
169883,336,419
169900,329,445
169917,331,441
169933,327,453
169950,332,443
169966,331,456
169984,335,461
170000,332,481
170016,328,469
170033,326,475
170050,324,477
170066,328,469
170083,331,511
170099,326,487
170117,328,519
170133,334,538
170149,342,674
170166,334,715
170183,335,751
170200,333,784
170216,333,788
170232,337,751
170250,328,771
170266,325,760
170283,321,773
170299,323,728
170316,325,769
170333,324,709
170349,319,709
170365,327,683
170383,322,672
170399,323,655
170416,318,644
170432,318,618
170449,324,612
170466,323,630
170482,330,607
170499,322,549
170516,324,503
170532,325,521
170549,332,482
170565,337,485
170583,326,465
170599,332,434
170615,329,422
170632,336,490
170649,336,428
170665,334,468
170682,333,420
170698,331,424
170716,336,403
170732,337,383
170748,326,396
170765,343,413
170782,324,380
170799,357,432
170815,346,433
170831,339,484
170849,338,540
170865,358,609
170882,346,628
170898,347,660
170915,346,721
170932,358,649
170948,351,593
170964,348,490
170982,350,519
170998,347,416
171015,347,404
171031,344,369
171048,342,353
171065,344,358
171081,345,365
171098,344,356
171115,334,362
171131,334,370
171148,339,323
171164,339,384
171182,331,373
171198,351,354
171214,326,378
171231,345,379
171248,343,434
171265,343,461
171281,349,416
171297,345,451
171315,349,430
171331,342,418
171347,352,429
171364,348,422
171381,343,457
171398,347,445
171414,346,430
171430,343,435
171448,342,428
171464,344,423
171481,344,400
171497,340,399
171514,345,409
171531,345,507
171547,350,534
171564,343,646
171581,331,719
171597,333,747
171614,337,705
171630,320,725
171648,325,743
171664,319,694
171680,323,708
171697,324,661
171714,321,644
171730,309,663
171747,319,666
171763,324,633
171781,323,641
171797,317,602
171813,317,581
171830,319,618
171847,316,603
171864,322,597
171880,317,585
171896,319,551
171914,315,583
171930,326,511
171947,320,520
171963,319,497
171980,318,525
171997,321,469
172013,324,538
172029,317,497
172047,324,516
172063,327,489
172080,311,521
172096,323,475
172113,324,485
172130,327,482
172146,325,466
172163,326,478
172180,330,454
172196,330,450
172213,316,479
172229,331,483
172247,336,532
172263,349,517
172279,342,524
172296,324,551
172313,357,576
172329,346,577
172346,352,658
172362,350,611
172380,324,521
172396,344,500
172412,346,485
172429,346,458
172446,347,401
172463,347,417
172479,334,376
172495,345,363
172513,350,362
172529,346,348
172546,346,346
172562,335,351
172579,350,358
172596,344,378
172612,336,374
172628,335,381
172646,337,322
172662,346,132
172679,337,145
172695,330,69
172711,339,79
172727,329,100
172743,331,99
172759,331,134
172776,334,171
172792,331,172
172809,330,210
172825,334,218
172843,333,294
172859,334,228
172875,336,276
172892,332,307
172909,334,319
172925,334,375
172942,336,342
172958,344,361
172976,344,371
172992,335,409
173008,337,419
173025,329,438
173042,336,438
173059,335,434
173075,336,440
173091,334,450
173109,338,473
173125,333,510
173142,333,531
173158,339,552
173175,338,568
173192,338,574
173208,337,562
173224,335,566
173242,332,563
173258,335,570
173275,334,576
173291,332,587
173308,335,677
173325,333,705
173341,332,740
173358,335,774
173375,335,772
173391,338,793
173408,335,813
173424,334,814
173442,338,818
173458,338,825
173474,335,816
173491,336,814
173508,337,826
173524,336,819
173541,339,824
173557,337,852
173575,340,847
173591,335,827
173607,335,812
173624,337,800
173641,333,775
173658,336,802
173674,339,828
173690,346,798
173708,344,856
173724,318,843
173741,329,810
173757,320,770
173774,326,734
173791,321,666
173807,318,670
173824,322,643
173841,317,655
173857,333,628
173874,318,617
173890,317,663
173907,324,594
173924,322,579
173940,323,563
173957,318,538
173974,325,573
173990,326,534
174007,326,517
174023,330,501
174041,333,467
174057,325,471
174073,332,405
174090,331,471
174107,339,424
174124,334,430
174140,340,380
174156,338,351
174174,341,353
174190,349,374
174206,340,421
174223,338,481
174240,362,549
174257,352,639
174273,369,605
174289,330,648
174307,335,655
174323,351,666
174340,347,532
174356,354,479
174373,338,401
174390,352,379
174406,339,383
174423,356,341
174440,362,283
174456,366,349
174473,346,317
174489,359,295
174507,354,260
174523,351,320
174539,351,282
174556,350,255
174573,343,268
174589,350,276
174606,342,257
174622,346,274
174640,343,293
174656,345,323
174672,345,305
174689,344,309
174706,341,304
174723,338,323
174739,339,342
174755,337,361
174773,339,404
174789,343,395
174806,338,452
174822,338,600
174839,342,600
174856,337,628
174872,340,632
174888,338,641
174906,338,649
174922,336,657
174939,336,733
174955,337,648
174972,329,694
174989,326,726
175005,328,691
175022,326,708
175039,320,691
175055,314,678
175072,323,654
175088,318,611
175106,323,620
175122,321,621
175138,319,589
175155,320,583
175172,332,584
175188,314,562
175205,324,558
175221,320,562
175239,322,538
175255,326,516
175271,316,552
175288,318,559
175305,316,547
175322,320,570
175338,318,489
175354,315,475
175372,317,460
175388,321,463
175405,313,449
175421,315,470
175438,313,448
175455,315,458
175471,319,470
175488,305,504
175505,318,569
175521,321,543
175538,325,583
175554,322,586
175571,325,667
175588,321,707
175604,332,626
175621,322,643
175638,321,594
175654,322,617
175671,336,543
175687,330,545
175705,325,456
175721,327,364
175737,323,343
175754,319,341
175771,331,239
175788,322,238
175804,320,217
175820,325,242
175838,320,237
175854,325,219
175870,332,237
175887,329,246
175904,336,252
175921,327,265
175937,328,278
175953,324,276
175971,328,299
175987,324,345
176004,327,401
176020,324,515
176037,325,527
176054,324,537
176070,327,568
176087,331,583
176104,328,628
176120,335,634
176137,332,672
176153,332,717
176171,333,750
176187,329,727
176203,328,714
176220,321,664
176237,323,702
176253,321,722
176270,321,642
176286,327,639
176304,323,651
176320,325,584
176336,327,512
176353,322,604
176370,321,542
176387,324,550
176403,322,523
176419,322,492
176437,328,505
176453,329,536
176470,318,504
176486,324,507
176503,320,555
176520,320,471
176536,325,520
176552,330,475
176570,325,469
176586,328,499
176603,345,516
176619,328,476
176636,337,494
176653,332,473
176669,338,499
176686,341,500
176703,334,484
176719,345,480
176736,338,512
176752,342,562
176770,337,540
176786,342,592
176802,350,615
176819,350,640
176836,360,645
176852,357,687
176869,367,709
176885,349,619
176903,354,563
176919,358,527
176935,344,490
176952,349,503
176969,352,487
176986,364,468
177002,351,460
177018,352,453
177036,351,444
177052,346,439
177069,332,409
177085,341,446
177102,363,427
177119,340,418
177135,360,428
177152,350,422
177169,348,430
177185,352,433
177202,342,454
177218,353,443
177235,355,441
177252,342,455
177268,347,451
177285,343,457
177302,362,447
177318,341,446
177335,344,459
177351,338,460
177369,347,459
177385,340,472
177401,342,457
177418,339,466
177435,346,466
177452,346,471
177468,346,478
177484,343,477
177502,342,475
177518,346,476
177534,349,475
177551,352,475
177568,347,508
177585,348,575
177601,344,559
177617,342,586
177635,343,665
177651,341,631
177668,335,636
177684,334,673
177701,323,683
177718,334,705
177734,321,687
177751,328,652
177768,321,676
177784,340,619
177801,331,648
177817,354,666
177835,320,640
177851,355,615
177867,324,594
177884,337,596
177901,333,561
177917,326,593
177934,330,576
177950,331,549
177968,342,570
177984,336,533
178000,330,539
178017,352,492
178034,337,477
178051,331,470
178067,329,434
178083,340,455
178101,331,462
178117,337,409
178134,333,448
178150,333,502
178167,331,531
178184,345,528
178200,344,565
178216,336,574
178234,348,667
178250,350,646
178267,324,607
178283,349,569
178300,365,536
178317,359,519
178333,353,519
178350,339,485
178367,338,528
178383,350,491
178400,358,442
178416,354,502
178434,349,441
178450,338,408
178466,348,332
178483,353,303
178500,353,250
178516,334,274
178533,350,263
178549,338,252
178567,342,319
178583,333,350
178599,347,356
178616,338,389
178633,350,378
178650,325,372
178666,337,343
178682,329,361
178700,339,370
178716,332,365
178733,333,368
178749,346,379
178766,333,433
178783,332,431
178799,331,476
178816,322,566
178833,333,591
178849,330,608
178866,323,662
178882,324,710
178899,324,733
178916,327,704
178932,317,764
178949,322,737
178966,326,711
178982,310,763
178999,309,714
179015,318,718
179033,324,690
179049,306,619
179065,305,689
179082,316,663
179099,317,638
179116,326,625
179132,331,590
179148,331,603
179166,322,591
179182,329,568
179198,339,603
179215,326,567
179232,336,535
179249,333,552
179265,337,532
179281,338,510
179299,327,511
179315,337,465
179332,334,471
179348,336,437
179365,340,446
179382,341,460
179398,324,465
179415,338,458
179432,335,472
179448,342,461
179465,344,509
179481,339,533
179499,351,520
179515,363,567
179531,352,597
179548,335,641
179565,341,559
179581,346,507
179598,334,490
179614,358,465
179632,335,471
179648,332,380
179664,358,411
179681,348,417
179698,360,374
179715,354,416
179731,349,396
179747,353,410
179765,358,410
179781,351,445
179798,348,431
179814,355,425
179831,360,418
179848,356,383
179864,343,432
179880,353,428
179898,350,435
179914,351,424
179931,357,416
179947,348,423
179964,352,429
179981,350,441
179997,365,449
180014,355,444
180031,345,456
180047,352,483
180064,345,471
180080,330,544
180098,330,576
180114,328,587
180130,327,653
180147,331,663
180164,331,695
180180,315,712
180197,310,669
180213,308,658
180231,311,663
180247,318,651
180263,306,619
180280,311,617
180297,313,618
180314,309,589
180330,317,578
180346,315,611
180364,308,569
180380,315,567
180397,315,560
180413,327,583
180430,322,499
180447,317,511
180463,310,545
180480,321,484
180497,319,458
180513,318,436
180530,318,429
180546,316,444
180563,324,429
180580,321,446
180596,326,454
180613,324,455
180630,332,503
180646,303,508
180663,309,502
180679,301,589
180697,342,620
180713,310,665
180729,336,642
180746,335,568
180763,310,592
180780,335,561
180796,340,493
180812,325,469
180830,337,406
180846,357,187
180862,360,241
180879,348,254
180896,341,202
180913,352,243
180929,349,204
180945,345,241
180963,357,242
180979,347,222
180996,340,296
181012,351,243
181029,340,241
181046,342,279
181062,343,286
181079,347,298
181096,344,317
181112,348,322
181129,333,322
181145,347,360
181163,350,410
181179,338,481
181195,338,571
181212,335,581
181229,336,626
181245,325,644
181262,331,691
181278,330,718
181296,323,776
181312,320,818
181328,335,783
181345,316,864
181362,326,779
181379,324,771
181395,317,779
181411,323,786
181429,316,747
181445,320,700
181462,333,699
181478,319,652
181495,326,643
181512,329,620
181528,328,578
181544,331,612
181562,333,566
181578,322,597
181595,332,529
181611,328,531
181628,325,509
181645,335,522
181661,330,495
181678,323,504
181695,328,516
181711,326,493
181728,321,505
181744,320,490
181762,328,477
181778,326,496
181794,325,478
181811,326,463
181828,318,467
181844,322,507
181861,320,530
181877,321,573
181895,327,573
181911,315,632
181927,328,611
181944,316,630
181961,320,653
181978,320,564
181994,317,543
182010,319,511
182028,322,507
182044,316,474
182061,320,500
182077,332,482
182094,326,488
182111,328,467
182127,332,479
182144,330,472
182161,335,477
182177,327,463
182194,335,471
182210,324,443
182227,329,449
182244,330,478
182260,334,451
182277,336,459
182294,333,493
182310,335,488
182327,332,481
182343,336,467
182361,335,471
182377,336,488
182393,338,512
182410,336,532
182427,334,529
182444,335,536
182460,340,555
182476,339,521
182494,331,506
182510,330,563
182526,337,574
182543,327,592
182560,329,588
182577,330,586
182593,329,558
182609,331,534
182627,326,555
182643,335,575
182660,332,524
182676,332,549
182693,336,539
182710,339,553
182726,336,505
182743,331,572
182760,337,487
182776,341,522
182793,337,527
182809,339,518
182827,344,507
182843,338,446
182859,338,568
182876,342,521
182893,341,548
182909,339,648
182926,348,594
182942,345,636
182960,345,620
182976,351,636
182992,362,629
183009,350,601
183026,347,547
183043,349,505
183059,354,478
183075,350,463
183093,349,461
183109,350,454
183126,345,448
183142,349,412
183159,338,409
183176,344,378
183192,331,424
183208,333,427
183226,330,413
183242,330,376
183259,332,410
183275,327,416
183292,317,409
183309,335,419
183325,336,404
183342,332,422
183359,342,422
183375,336,416
183392,344,444
183408,334,483
183426,342,439
183442,335,465
183458,336,480
183475,332,564
183492,314,546
183508,317,618
183525,310,595
183541,307,585
183559,309,606
183575,308,644
183591,313,576
183608,314,587
183625,313,582
183642,312,558
183658,317,563
183674,329,577
183692,334,570
183708,321,571
183725,325,547
183741,325,536
183758,331,552
183775,321,536
183791,336,497
183808,330,437
183825,328,404
183841,330,442
183858,332,436
183874,331,466
183891,328,504
183908,336,538
183924,330,635
183941,334,608
183958,332,611
183974,329,544
183991,338,520
184007,336,511
184025,338,493
184041,341,506
184057,341,482
184074,345,443
184091,333,470
184108,335,421
184124,331,406
184140,337,402
184158,340,406
184174,342,418
184190,336,458
184207,338,410
184224,337,416
184241,335,427
184257,337,460
184273,337,434
184291,337,445
184307,338,438
184324,341,441
184340,340,434
184357,344,441
184374,344,431
184390,340,406
184407,353,414
184424,347,473
184440,344,488
184457,350,570
184473,345,592
184491,343,635
184507,339,659
184523,339,646
184540,334,691
184557,334,660
184573,334,624
184590,344,596
184606,328,628
184624,343,597
184640,336,582
184656,328,543
184673,337,536
184690,325,530
184707,331,541
184723,331,475
184739,332,508
184757,334,518
184773,334,489
184790,331,483
184806,332,469
184823,332,477
184840,326,561
184856,326,498
184872,334,486
184890,362,455
184906,331,410
184923,336,419
184939,335,447
184956,345,423
184973,343,460
184989,328,414
185006,339,417
185023,332,443
185039,338,448
185056,338,464
185072,334,448
185090,322,414
185106,335,478
185122,340,524
185139,338,517
185156,319,534
185172,330,580
185189,327,587
185205,321,605
185223,335,615
185239,324,716
185255,321,686
185272,345,626
185289,330,562
185306,350,507
185322,344,564
185338,300,514
185356,365,506
185372,373,480
185389,346,494
185405,307,511
185422,366,485
185439,355,501
185455,366,500
185472,337,487
185489,340,464
185505,343,526
185522,330,534
185538,359,504
185555,364,487
185572,332,511
185588,352,519
185605,355,518
185622,341,517
185638,360,510
185655,362,495
185671,353,474
185689,363,458
185705,348,461
185721,350,473
185738,347,453
185755,346,483
185772,337,493
185788,333,541
185804,332,603
185822,312,603
185838,333,581
185854,315,592
185871,316,616
185888,328,572
185905,327,537
185921,328,556
185937,308,607
185955,309,532
185971,313,544
185988,320,553
186004,306,533
186021,310,516
186038,309,518
186054,304,519
186071,301,513
186088,296,505
186104,288,518
186121,288,488
186137,295,512
186155,288,488
186171,296,520
186187,288,468
186204,293,518
186221,287,465
186237,306,486
186254,286,495
186270,306,441
186288,304,423
186304,297,441
186320,307,444
186337,304,428
186354,310,463
186371,319,460
186387,315,419
186403,319,480
186421,324,459
186437,348,465
186454,335,437
186470,327,489
186487,336,553
186504,336,594
186520,328,603
186536,345,686
186554,355,618
186570,337,692
186587,359,683
186603,337,685
186620,354,668
186637,369,626
186653,355,570
186670,350,581
186687,350,520
186703,368,510
186720,366,503
186736,370,456
186754,369,443
186770,348,448
186786,386,438
186803,374,436
186820,357,433
186836,387,425
186853,370,431
186869,368,425
186887,368,464
186903,377,467
186919,376,497
186936,368,510
186953,370,541
186970,359,501
186986,364,619
187002,340,611
187020,346,628
187036,344,620
187053,332,623
187069,329,628
187086,315,624
187103,329,574
187119,307,612
187136,310,542
187153,305,579
187169,310,545
187186,304,530
187202,310,520
187219,307,536
187236,311,509
187252,309,487
187269,318,503
187286,320,468
187302,311,455
187319,301,439
187335,314,428
187353,314,437
187369,316,476
187385,314,469
187402,315,442
187419,313,439
187436,315,440
187452,312,503
187468,316,468
187486,318,461
187502,317,454
187518,320,446
187535,316,464
187552,318,473
187569,328,476
187585,328,475
187601,336,461
187619,335,464
187635,339,480
187652,347,469
187668,347,589
187685,349,607
187702,342,599
187718,349,763
187735,346,684
187752,359,652
187768,354,708
187785,371,603
187801,362,603
187819,345,387
187835,345,299
187851,352,347
187868,351,390
187885,357,327
187901,353,304
187918,350,327
187934,341,348
187952,345,371
187968,353,379
187984,345,403
188001,348,339
188018,336,374
188035,343,359
188051,342,360
188067,341,371
188085,341,379
188101,344,376
188118,340,363
188134,344,366
188151,343,381
188168,344,433
188184,341,489
188200,340,591
188218,343,620
188234,339,677
188251,345,698
188267,350,760
188284,351,671
188301,340,727
188317,342,784
188334,339,743
188351,334,729
188367,339,721
188384,336,679
188400,324,643
188418,336,663
188434,336,624
188450,335,612
188467,338,602
188484,329,600
188500,333,544
188517,331,636
188533,330,538
188551,328,533
188567,334,481
188583,329,488
188600,336,504
188617,337,487
188634,333,535
188650,336,470
188666,324,489
188684,333,479
188700,329,485
188717,329,502
188733,331,476
188750,324,504
188767,330,503
188783,328,473
188800,337,515
188817,334,561
188833,338,617
188850,335,597
188866,331,672
188883,340,626
188900,340,583
188916,338,598
188933,332,541
188950,335,554
188966,326,512
188983,340,526
188999,338,490
189017,334,481
189033,333,444
189049,332,392
189066,332,409
189083,336,429
189100,323,453
189116,327,447
189132,331,449
189150,338,449
189166,320,435
189182,328,429
189199,324,443
189216,327,449
189233,331,450
189249,328,485
189265,325,479
189283,334,522
189299,336,534
189316,328,666
189332,324,601
189349,324,654
189366,327,638
189382,325,642
189399,324,638
189416,323,637
189432,317,650
189449,319,611
189465,310,638
189483,319,575
189499,316,593
189515,323,629
189532,320,583
189549,317,626
189565,330,560
189582,315,586
189598,337,565
189616,319,536
189632,323,499
189648,327,479
189665,339,498
189682,320,503
189699,328,492
189715,328,509
189731,319,533
189749,322,429
189765,319,467
189782,327,461
189798,320,462
189815,320,456
189832,330,469
189848,337,449
189864,348,421
189882,328,420
189898,343,492
189915,347,499
189931,326,471
189948,330,493
189965,338,580
189981,332,633
189998,331,550
190015,344,495
190031,320,441
190048,343,392
190064,334,405
190082,342,404
190098,339,367
190114,329,380
190131,341,351
190148,332,381
190164,338,409
190181,334,381
190197,340,403
190215,334,410
190231,338,389
190247,339,398
190264,339,398
190281,343,405
190298,334,413
190314,337,416
190330,335,416
190348,337,422
190364,335,427
190381,333,442
190397,336,456
190414,332,465
190431,340,491
190447,336,552
190464,340,568
190481,332,551
190497,334,618
190514,329,669
190530,327,653
190547,318,691
190564,330,643
190580,330,683
190597,338,661
190614,328,686
190630,328,644
190647,316,658
190663,326,624
190681,311,643
190697,333,647
190713,319,596
190730,316,645
190747,320,586
190764,328,605
190780,323,612
190796,332,606
190814,324,571
190830,330,547
190846,325,542
190863,329,495
190880,323,520
190897,324,493
190913,325,511
190929,327,488
190947,326,483
190963,328,484
190980,329,470
190996,323,461
191013,334,454
191030,329,453
191046,335,533
191063,329,482
191080,331,474
191096,332,468
191113,333,495
191129,339,398
191147,336,352
191163,327,332
191179,330,355
191196,338,358
191213,335,350
191229,333,300
191246,333,336
191262,339,379
191280,331,343
191296,331,359
191312,334,359
191329,335,360
191346,345,373
191363,338,384
191379,336,388
191395,329,384
191413,338,388
191429,334,373
191446,336,403
191462,336,407
191479,330,455
191496,342,480
191512,334,487
191528,337,522
191546,334,553
191562,341,585
191579,339,565
191595,344,608
191612,339,602
191629,338,628
191645,333,657
191662,329,656
191679,331,675
191695,330,641
191712,330,653
191728,331,653
191746,326,606
191762,331,651
191778,337,610
191795,336,552
191812,340,560
191828,329,571
191845,343,524
191861,329,541
191879,344,543
191895,334,458
191911,331,489
191928,332,485
191945,344,499
191962,335,478
191978,328,434
191994,329,430
192012,335,418
192028,329,431
192045,326,427
192061,344,431
192078,343,447
192095,329,465
192111,332,465
192128,344,506
192145,339,508
192161,332,558
192178,344,582
192194,347,612
192211,336,635
192228,341,718
192244,350,684
192261,346,697
192278,348,590
192294,350,549
192311,348,519
192327,346,513
192345,336,476
192361,343,435
192377,338,480
192394,341,451
192411,341,433
192428,336,445
192444,340,428
192460,340,425
192478,338,428
192494,343,432
192510,341,440
192527,344,445
192544,340,448
192561,342,454
192577,338,461
192593,340,474
192611,341,481
192627,340,463
192644,339,499
192660,340,502
192677,340,533
192694,339,541
192710,334,555
192727,336,552
192744,341,604
192760,336,558
192777,346,594
192793,348,584
192811,336,590
192827,334,584
192843,334,610
192860,334,555
192877,330,550
192893,332,551
192910,332,508
192926,334,539
192944,329,523
192960,326,478
192976,333,518
192993,327,520
193010,328,506
193027,322,489
193043,316,487
193059,331,499
193077,320,484
193093,318,477
193110,318,447
193126,315,483
193143,317,461
193160,324,480
193176,314,467
193192,315,523
193210,332,489
193226,317,483
193243,322,476
193259,321,435
193276,324,432
193293,324,425
193309,322,456
193326,330,448
193343,337,463
193359,336,423
193376,336,506
193392,336,631
193410,339,681
193426,347,710
193442,342,711
193459,342,596
193476,347,604
193492,342,580
193509,352,604
193525,340,529
193543,342,513
193559,342,493
193575,339,500
193592,339,513
193609,339,524
193626,337,497
193642,340,522
193658,347,492
193676,339,500
193692,337,498
193709,339,474
193725,342,509
193742,347,507
193759,336,503
193775,333,507
193792,329,498
193809,332,500
193825,329,499
193842,331,480
193858,328,444
193875,332,519
193892,329,546
193908,334,595
193925,324,641
193942,332,600
193958,326,654
193975,337,688
193991,324,675
194009,321,666
194025,323,663
194041,312,702
194058,327,715
194075,331,657
194092,321,688
194108,330,638
194124,336,610
194142,327,596
194158,318,600
194174,328,554
194191,324,521
194208,340,548
194225,325,528
194241,328,542
194257,328,505
194275,322,518
194291,330,545
194308,333,508
194324,337,517
194341,338,518
194358,322,468
194374,340,509
194391,330,533
194408,369,523
194424,326,531
194441,337,529
194457,356,559
194475,338,565
194491,341,423
194507,347,385
194524,347,351
194541,349,330
194557,348,321
194574,332,310
194590,333,320
194608,344,315
194624,339,330
194640,332,336
194657,324,337
194674,336,357
194691,334,396
194707,333,358
194723,331,388
194741,341,337
194757,336,384
194774,332,381
194790,344,356
194807,326,377
194824,330,451
194840,338,421
194856,330,465
194874,328,440
194890,333,436
194907,344,441
194923,337,433
194940,332,434
194957,330,429
194973,328,434
194990,327,444
195007,329,446
195023,336,429
195040,325,271
195056,341,260
195074,336,476
195090,334,638
195106,334,624
195123,330,723
195140,322,757
195156,331,816
195173,326,788
195189,324,764
195207,338,728
195223,321,671
195239,319,668
195256,317,682
195273,319,630
195290,329,645
195306,322,642
195322,321,685
195340,324,646
195356,330,632
195373,332,653
195389,316,576
195406,338,590
195423,337,577
195439,336,583
195456,333,561
195473,322,543
195489,336,513
195506,341,519
195522,331,530
195539,341,524
195556,342,532
195572,338,576
195589,346,505
195606,350,556
195622,326,590
195639,347,558
195655,335,570
195673,336,578
195689,332,500
195705,336,463
195722,345,400
195739,343,332
195756,336,218
195772,349,125
195788,323,108
195806,366,125
195822,361,92
195837,318,124
195854,343,165
195871,349,220
195888,339,232
195904,344,204
195920,332,260
195938,328,330
195954,341,303
195971,340,316
195987,339,333
196004,331,330
196021,348,357
196037,341,381
196054,345,387
196071,341,396
196087,346,450
196104,345,474
196120,337,497
196137,342,527
196154,349,557
196170,343,618
196187,343,620
196204,348,692
196220,348,670
196237,340,796
196253,343,780
196271,343,808
196287,349,880
196303,342,865
196320,342,895
196337,348,925
196354,352,843
196370,341,851
196386,330,848
196404,336,815
196420,326,849
196436,331,841
196453,329,807
196470,331,751
196487,324,756
196503,321,744
196519,329,746
196537,330,740
196553,337,683
196570,342,679
196586,334,701
196603,345,656
196620,328,644
196636,337,623
196653,338,603
196670,329,541
196686,338,566
196703,333,511
196719,332,497
196737,332,478
196753,336,503
196769,338,453
196786,338,492
196803,323,483
196819,328,502
196836,330,531
196852,333,510
196870,335,577
196886,334,477
196902,317,442
196919,340,423
196936,324,356
196953,325,315
196969,341,331
196985,340,317
197003,324,289
197019,341,314
197036,329,334
197052,332,308
197069,350,341
197086,335,339
197102,324,339
197118,329,367
197136,358,374
197152,368,386
197169,328,382
197185,363,357
197202,357,363
197219,362,372
197235,363,379
197252,360,365
197269,334,383
197285,367,389
197302,353,383
197318,353,376
197336,347,387
197352,345,396
197368,349,398
197385,354,390
197402,348,391
197419,365,405
197435,345,439
197451,344,473
197469,347,562
197485,337,564
197501,330,625
197518,337,642
197535,321,666
197552,310,735
197568,321,787
197584,294,700
197602,304,747
197618,303,701
197635,304,700
197651,305,730
197668,295,670
197685,296,692
197701,291,654
197718,303,623
197735,290,659
197751,302,649
197768,296,631
197784,312,626
197801,311,578
197818,310,620
197834,316,582
197851,292,541
197868,296,524
197884,315,470
197901,302,451
197917,307,456
197935,302,421
197951,308,428
197967,317,427
197984,325,402
198001,320,424
198018,326,410
198034,319,432
198050,315,426
198068,332,438
198084,314,443
198100,332,460
198117,321,476
198134,346,552
198151,336,489
198167,348,624
198183,339,561
198201,340,555
198217,340,597
198234,325,605
198250,338,518
198267,335,519
198284,349,507
198300,342,487
198317,351,489
198334,357,514
198350,334,491
198367,342,478
198383,350,442
198401,342,434
198417,338,415
198433,352,403
198450,342,417
198467,353,412
198483,349,414
198500,346,413
198516,352,398
198534,348,448
198550,364,455
198566,358,476
198583,364,510
198600,365,541
198617,354,530
198633,353,626
198649,355,617
198667,356,669
198683,350,654
198700,353,667
198716,348,695
198733,335,700
198750,332,650
198766,321,654
198782,311,674
198800,313,650
198816,314,606
198833,309,665
198849,300,611
198866,307,605
198883,303,596
198899,309,549
198916,308,574
198933,314,503
198949,306,577
198966,350,579
198982,317,518
199000,316,527
199016,352,488
199032,306,466
199049,318,464
199066,349,425
199083,328,426
199099,332,412
199115,340,432
199133,329,425
199149,334,414
199165,344,451
199182,328,423
199199,326,433
199216,342,429
199232,324,425
199248,331,441
199266,343,416
199282,337,405
199299,347,446
199315,339,462
199332,334,453
199349,342,481
199365,336,561
199382,347,524
199399,338,557
199415,340,629
199432,328,611
199448,326,570
199465,332,543
199482,331,580
199498,340,506
199515,331,500
199532,334,461
199548,337,420
199565,327,419
199581,336,440
199599,341,426
199615,325,435
199631,333,407
199648,336,412
199665,334,419
199682,335,420
199698,337,405
199714,336,439
199732,332,431
199748,335,452
199764,335,466
199781,335,487
199798,329,485
199815,328,512
199831,327,536
199847,328,534
199865,338,595
199881,326,576
199898,326,611
199914,328,621
199931,328,627
199948,328,580
199964,334,612
199981,334,572
199998,338,588
200014,338,557
200031,324,583
200047,327,530
200065,330,609
200081,328,556
200097,336,573
200114,335,534
200131,332,528
200147,325,530
200164,331,546
200180,338,544
200198,334,460
200214,329,483
200230,338,501
200247,339,432
200264,327,468
200281,318,485
200297,335,489
200313,330,482
200331,335,492
200347,339,486
200364,344,513
200380,325,463
200397,342,489
200414,338,467
200430,337,476
200446,347,453
200464,340,478
200480,344,440
200497,339,464
200513,344,482
200530,350,584
200547,354,554
200563,355,628
200580,369,629
200597,338,583
200613,342,594
200630,353,528
200646,344,548
200664,343,521
200680,334,545
200696,352,509
200713,329,504
200730,346,526
200747,348,508
200763,356,485
200779,342,506
200797,341,490
200813,348,481
200829,347,492
200846,343,483
200863,341,476
200880,342,478
200896,338,456
200912,340,473
200930,339,486
200946,346,506
200963,339,557
200979,335,582
200996,336,622
201013,342,554
201029,329,590
201046,335,574
201063,343,584
201079,328,579
201096,329,559
201112,341,559
201129,333,536
201146,341,563
201162,319,594
201179,333,582
201196,332,536
201212,328,595
201229,331,560
201245,333,582
201263,325,551
201279,329,526
201295,336,534
201312,317,488
201329,323,504
201346,328,486
201362,326,503
201378,340,489
201396,326,466
201412,322,485
201428,346,490
201445,322,424
201462,336,485
201479,321,490
201495,325,418
201511,340,487
201529,332,443
201545,334,446
201562,316,448
201578,335,449
201595,327,433
201612,337,439
201628,337,457
201645,346,450
201662,327,515
201678,337,519
201695,335,529
201711,329,535
201729,334,572
201745,337,584
201761,331,588
201778,340,634
201795,337,592
201811,342,624
201828,346,543
201844,338,530
201862,344,468
201878,339,471
201894,338,476
201911,341,448
201928,338,461
201945,343,463
201961,331,446
201977,341,479
201995,334,463
202011,341,468
202028,342,466
202044,347,458
202061,339,417
202078,343,386
202094,343,359
202110,339,375
202128,342,362
202144,342,373
202161,336,355
202177,338,362
202194,340,365
202211,341,384
202227,340,370
202244,342,369
202261,333,378
202277,339,408
202294,332,434
202310,334,463
202328,328,484
202344,327,500
202360,328,520
202377,330,560
202394,331,581
202411,329,599
202427,330,611
202443,330,649
202461,329,634
202477,328,629
202493,332,661
202510,328,666
202527,328,633
202544,326,626
202560,328,592
202576,331,585
202594,328,606
202610,330,602
202627,324,593
202643,327,603
202660,328,568
202677,325,627
202693,324,556
202710,321,570
202727,320,545
202743,322,573
202760,319,566
202776,320,579
202793,328,561
202810,323,560
202826,322,578
202843,320,543
202860,324,541
202876,318,542
202893,320,553
202909,322,533
202927,321,549
202943,329,531
202959,337,535
202976,327,488
202993,330,529
203010,332,549
203026,336,584
203042,331,657
203060,330,604
203076,327,578
203092,329,588
203109,330,572
203126,325,589
203143,325,556
203159,324,523
203175,327,504
203193,325,536
203209,320,526
203226,320,449
203242,325,462
203259,327,445
203276,327,393
203292,324,380
203309,324,417
203326,326,384
203342,330,379
203359,330,427
203375,327,382
203393,330,393
203409,329,408
203425,328,383
203442,327,393
203459,326,416
203475,326,386
203492,327,402
203508,327,406
203526,327,402
203542,332,412
203558,346,420
203575,347,436
203592,337,443
203609,326,448
203625,329,455
203641,337,462
203659,342,541
203675,346,641
203692,333,599
203708,314,675
203725,325,652
203742,328,650
203758,333,646
203774,330,650
203792,320,662
203808,313,613
203825,313,605
203841,329,610
203858,330,597
203875,323,599
203891,317,588
203908,312,575
203925,317,553
203941,324,593
203958,332,573
203974,315,556
203992,316,548
204008,319,536
204024,317,507
204041,322,536
204058,321,534
204075,324,514
204091,327,474
204107,325,475
204125,330,474
204141,336,484
204157,336,491
204174,342,527
204191,338,520
204208,340,526
204224,348,602
204240,342,547
204258,344,553
204274,348,556
204291,343,579
204307,350,557
204324,358,537
204341,341,564
204357,343,513
204374,347,499
204391,341,495
204407,341,493
204424,345,520
204440,339,421
204457,345,489
204474,346,455
204490,345,397
204507,342,453
204524,346,448
204540,345,423
204557,344,441
204573,347,438
204591,344,436
204607,342,432
204623,341,432
204640,344,429
204657,341,449
204674,340,446
204690,343,460
204706,344,463
204724,342,486
204740,341,493
204756,342,554
204773,333,558
204790,341,601
204807,333,581
204823,332,643
204839,336,630
204857,328,654
204873,331,592
204890,328,566
204906,334,611
204923,328,583
204940,325,565
204956,328,559
204973,327,557
204990,330,538
205006,324,515
205023,326,559
205039,331,505
205057,335,485
205073,327,493
205089,328,507
205106,330,486
205123,330,510
205139,329,488
205156,336,466
205172,334,426
205190,327,440
205206,341,443
205222,337,470
205239,344,493
205256,352,536
205273,346,586
205289,349,658
205305,345,603
205323,347,625
205339,347,595
205356,343,574
205372,344,537
205389,340,525
205406,342,536
205422,342,510
205438,341,516
205456,345,496
205472,338,480
205489,340,459
205505,344,484
205522,343,488
205539,337,456
205555,338,434
205572,344,439
205589,343,415
205605,340,426
205622,341,428
205638,338,407
205656,343,414
205672,342,411
205688,339,416
205705,340,408
205722,343,420
205739,336,414
205755,340,396
205771,339,413
205789,342,432
205805,351,462
205821,351,441
205838,342,520
205855,337,552
205872,333,608
205888,337,629
205904,332,661
205922,333,657
205938,336,672
205955,325,599
205971,325,579
205988,329,598
206005,326,595
206021,329,596
206038,332,567
206055,331,584
206071,324,552
206088,326,544
206104,329,556
206121,330,544
206138,329,550
206154,329,540
206171,334,524
206188,328,529
206204,328,527
206221,336,480
206237,337,480
206255,332,443
206271,334,441
206287,337,460
206304,338,513
206321,338,495
206338,344,563
206354,345,522
206370,347,526
206388,343,493
206404,348,536
206420,347,520
206437,345,543
206454,342,528
206471,346,529
206487,344,528
206503,346,464
206521,342,474
206537,342,428
206554,345,429
206570,349,409
206587,341,409
206604,338,375
206620,337,428
206637,337,404
206654,339,402
206670,340,412
206687,342,414
206703,337,422
206721,338,417
206737,339,419
206753,343,418
206770,339,435
206787,338,469
206803,341,455
206820,344,535
206836,333,557
206854,336,596
206870,326,621
206886,320,703
206903,333,691
206920,325,667
206937,321,699
206953,325,690
206969,322,650
206987,317,689
207003,322,655
207020,326,614
207036,322,623
207053,320,599
207070,329,570
207086,323,593
207102,323,579
207120,325,561
207136,324,582
207153,327,576
207169,321,559
207186,320,527
207203,328,534
207219,320,511
207236,331,510
207253,325,494
207269,326,503
207286,326,491
207302,343,483
207320,335,471
207336,345,455
207352,350,480
207369,348,480
207386,345,461
207403,338,475
207419,348,524
207435,350,570
207453,353,563
207469,348,521
207485,334,519
207502,334,533
207519,345,501
207536,352,452
207552,353,505
207568,344,434
207586,328,448
207602,330,448
207619,335,439
207635,350,452
207652,345,455
207669,337,439
207685,333,440
207702,330,444
207719,342,438
207735,349,440
207752,345,441
207768,334,424
207785,330,425
207802,335,420
207818,341,430
207835,346,443
207852,343,467
207868,339,483
207885,335,493
207901,330,504
207919,336,518
207935,338,530
207951,332,531
207968,326,547
207985,319,518
208002,327,551
208018,342,546
208034,341,592
208052,327,605
208068,318,579
208084,323,585
208101,314,575
208118,332,530
208135,324,592
208151,316,536
208167,311,520
208185,308,568
208201,317,485
208218,327,534
208234,325,561
208251,324,488
208268,312,536
208284,308,521
208301,318,511
208318,326,470
208334,328,521
208351,314,519
208367,310,487
208385,313,501
208401,322,453
208417,325,451
208434,326,436
208451,310,432
208467,306,428
208484,321,453
208500,322,402
208518,332,481
208534,323,490
208550,321,510
208567,316,473
208584,331,538
208601,339,607
208617,344,677
208633,336,555
208651,325,536
208667,322,530
208684,332,495
208700,337,517
208717,341,502
208734,334,499
208750,334,475
208766,322,456
208784,331,479
208800,336,458
208817,340,479
208833,325,446
208850,320,457
208867,320,452
208883,318,446
208900,321,452
208917,318,454
208933,320,457
208950,324,454
208966,321,453
208984,325,453
209000,325,486
209016,319,538
209033,319,557
209050,314,583
209067,321,573
209083,329,609
209099,321,625
209117,322,627
209133,319,600
209149,318,560
209166,314,584
209183,321,535
209200,323,561
209216,310,577
209232,315,536
209250,320,527
209266,318,548
209283,314,538
209299,318,530
209316,318,535
209333,319,551
209349,322,544
209366,326,550
209383,317,505
209399,322,549
209416,325,540
209432,331,521
209449,340,530
209466,327,490
209482,331,477
209499,321,575
209516,332,453
209532,327,475
209549,332,466
209565,337,499
209583,332,497
209599,332,533
209615,324,529
209632,341,545
209649,329,566
209666,338,525
209682,340,561
209698,341,548
209716,338,578
209732,343,593
209748,335,512
209765,336,482
209782,340,472
209799,343,410
209815,338,442
209831,349,426
209849,342,406
209865,344,397
209882,344,398
209898,346,354
209915,347,400
209932,346,380
209948,344,392
209965,346,391
209982,353,404
209998,348,411
210015,344,408
210031,339,413
210049,349,417
210065,348,438
210081,347,451
210098,343,435
210115,340,454
210131,349,452
210148,351,460
210164,340,452
210182,345,465
210198,342,454
210214,344,460
210231,341,454
210248,344,454
210265,344,452
210281,343,463
210297,344,467
210315,340,464
210331,344,458
210348,340,469
210364,344,461
210381,345,469
210398,341,467
210414,336,464
210430,337,457
210448,337,457
210464,337,466
210481,335,463
210497,336,458
210514,332,447
210531,337,453
210547,337,439
210564,333,447
210581,333,448
210597,335,420
210614,330,406
210630,334,319
210648,324,423
210664,327,598
210680,322,706
210697,326,817
210714,324,787
210731,320,796
210747,325,753
210763,323,789
210781,318,732
210797,323,722
210813,322,764
210830,321,703
210847,320,713
210864,319,625
210880,325,621
210896,328,578
210914,322,551
210930,320,527
210947,321,535
210963,329,505
210980,336,526
210997,328,505
211013,339,534
211030,334,592
211047,342,603
211063,341,668
211080,336,658
211096,342,708
211113,351,514
211130,348,522
211146,336,530
211163,344,435
211180,336,474
211196,343,442
211213,339,448
211229,336,426
211247,337,443
211263,335,443
211279,343,445
211296,334,432
211313,337,438
211330,339,443
211346,336,445
211362,336,445
211380,337,447
211396,337,450
211412,336,470
211429,341,481
211446,344,497
211463,342,500
211479,336,554
211495,337,635
211513,341,700
211529,334,670
211546,337,714
211562,333,723
211579,334,702
211596,324,700
211612,323,679
211629,333,619
211646,342,630
211662,337,652
211679,322,634
211695,326,645
211713,328,561
211729,327,552
211745,331,531
211762,325,539
211779,323,513
211795,327,502
211812,332,505
211828,334,482
211846,340,475
211862,328,541
211878,333,476
211895,340,461
211912,340,475
211929,343,469
211945,334,460
211961,334,460
211979,338,443
211995,338,444
212012,349,503
212028,335,487
212045,344,509
212062,341,584
212078,342,466
212094,343,550
212112,343,498
212128,345,553
212145,344,505
212161,348,465
212178,341,512
212195,342,486
212211,345,493
212228,344,499
212245,342,489
212261,341,480
212278,343,465
212294,338,444
212312,340,438
212328,342,451
212344,337,471
212361,337,441
212378,350,415
212395,343,514
212411,332,556
212427,339,524
212445,336,589
212461,324,571
212477,322,649
212494,322,566
212511,327,597
212528,326,574
212544,321,542
212560,331,536
212578,326,549
212594,326,521
212611,328,459
212627,320,499
212644,324,444
212661,326,427
212677,325,466
212694,329,462
212711,322,473
212727,332,449
212744,330,431
212760,324,479
212777,332,429
212794,338,458
212810,340,463
212827,340,457
212844,341,504
212860,353,463
212877,362,467
212893,359,475
212911,357,514
212927,354,447
212943,366,500
212960,367,435
212977,382,496
212994,364,503
213010,359,454
213026,362,498
213044,355,518
213060,361,478
213076,368,457
213093,365,481
213110,358,510
213127,340,476
213143,347,492
213159,351,480
213177,344,500
213193,342,470
213210,340,493
213226,326,484
213243,338,491
213260,339,518
213276,339,596
213293,333,645
213310,326,596
213326,322,598
213343,324,578
213359,316,579
213377,325,546
213393,318,539
213409,320,549
213426,316,516
213443,316,531
213459,323,477
213476,324,468
213492,322,428
213510,319,433
213526,329,383
213542,322,368
213559,346,377
213576,335,372
213593,320,408
213609,314,399
213625,346,397
213643,333,345
213659,318,382
213676,345,376
213692,310,372
213709,320,381
213726,320,375
213742,333,378
213758,340,374
213776,328,373
213792,323,426
213809,333,442
213825,332,542
213842,328,588
213859,334,553
213875,328,653
213892,321,645
213909,328,684
213925,319,745
213942,342,769
213958,335,752
213976,329,740
213992,327,717
214008,322,693
214025,325,646
214042,335,630
214059,346,621
214075,328,605
214091,326,584
214109,324,574
214125,337,532
214141,343,540
214158,343,537
214175,333,496
214192,336,495
214208,331,472
214224,348,491
214242,343,540
214258,341,497
214275,334,516
214291,339,524
214308,338,519
214325,350,481
214341,341,502
214358,343,517
214375,343,461
214391,338,485
214408,338,488
214424,344,480
214441,347,476
214458,333,536
214474,338,495
214491,340,523
214508,342,542
214524,333,508
214541,332,568
214557,331,688
214575,324,620
214591,331,560
214607,336,530
214624,333,544
214641,331,568
214658,331,502
214674,334,581
214690,332,511
214708,335,495
214724,324,520
214740,335,467
214757,327,492
214774,326,508
214791,324,471
214807,323,426
214823,326,475
214841,324,465
214857,332,462
214874,324,451
214890,324,418
214907,324,437
214924,325,451
214940,326,437
214957,327,471
214974,321,472
214990,324,500
215007,318,495
215023,321,566
215041,317,540
215057,317,553
215073,317,609
215090,312,567
215107,314,568
215123,311,548
215140,312,547
215156,313,532
215174,315,497
215190,316,504
215206,324,488
215223,310,489
215240,318,482
215257,313,465
215273,316,487
215289,314,485
215307,317,494
215323,317,531
215340,320,512
215356,320,493
215373,322,517
215390,323,494
215406,320,534
215422,327,527
215440,324,524
215456,325,555
215473,325,520
215489,320,486
215506,323,460
215523,324,472
215539,312,481
215556,324,429
215573,322,492
215589,320,480
215606,326,463
215622,312,493
215640,324,457
215656,318,488
215672,326,480
215689,325,493
215706,334,463
215723,325,468
215739,332,471
215755,323,503
215773,331,448
215789,336,496
215805,332,486
215822,335,505
215839,336,486
215856,337,503
215872,339,538
215888,331,549
215906,341,559
215922,348,569
215939,348,588
215955,342,578
215972,340,601
215989,341,604
216005,345,613
216022,341,613
216039,344,621
216055,344,612
216072,343,602
216088,347,611
216105,343,600
216122,344,601
216138,346,586
216155,348,578
216172,349,551
216188,344,578
216205,345,583
216221,342,634
216239,342,604
216255,345,487
216271,345,466
216288,342,543
216305,340,488
216322,342,494
216338,343,492
216354,343,485
216372,340,488
216388,341,489
216404,340,474
216421,343,433
216438,348,404
216455,346,393
216471,345,331
216487,343,320
216505,347,333
216521,341,347
216538,345,303
216554,343,347
216571,342,334
216588,341,324
216604,341,338
216621,346,336
216638,353,336
216654,340,347
216671,342,383
216687,343,413
216705,340,442
216721,342,440
216737,344,491
216754,336,546
216771,340,538
216787,338,585
216804,336,608
216820,339,619
216838,340,657
216854,336,658
216870,335,631
216887,326,643
216904,320,627
216921,329,660
216937,320,611
216953,334,609
216971,320,632
216987,328,589
217004,312,608
217020,309,598
217037,326,592
217054,305,598
217070,319,585
217086,321,596
217104,318,567
217120,325,526
217137,317,539
217153,320,537
217170,316,502
217187,327,510
217203,318,498
217220,328,531
217237,336,494
217253,337,483
217270,330,497
217286,331,503
217304,333,523
217320,339,478
217336,337,500
217353,338,528
217370,343,480
217387,335,505
217403,342,483
217419,336,482
217437,337,494
217453,339,495
217469,335,509
217486,340,521
217503,342,508
217520,343,519
217536,347,545
217552,343,573
217570,344,621
217586,347,620
217603,347,675
217619,350,711
217636,347,636
217653,345,717
217669,341,725
217686,339,672
217703,345,609
217719,342,578
217736,340,534
217752,336,525
217769,341,504
217786,340,472
217802,343,327
217819,337,129
217836,340,223
217852,341,309
217869,336,199
217885,343,268
217903,338,266
217919,340,240
217935,336,274
217952,337,256
217969,339,312
217986,336,257
218002,333,292
218018,336,314
218036,333,313
218052,334,328
218068,334,334
218085,333,351
218102,335,394
218119,344,460
218135,339,591
218151,332,587
218169,332,614
218185,332,622
218202,330,718
218218,336,689
218235,336,734
218252,336,776
218268,334,770
218285,333,738
218302,333,732
218318,333,728
218335,328,679
218351,329,659
218369,320,703
218385,312,642
218401,316,621
218418,310,633
218435,317,612
218451,318,609
218468,310,580
218484,306,528
218502,314,576
218518,313,553
218534,315,581
218551,324,545
218568,316,550
218585,316,586
218601,318,537
218617,342,524
218635,332,524
218651,315,547
218668,336,530
218684,334,530
218701,334,535
218718,334,513
218734,327,576
218750,328,510
218768,333,545
218784,339,520
218801,328,510
218817,338,511
218834,335,509
218851,336,501
218867,346,540
218884,339,513
218901,335,484
218917,336,565
218934,319,539
218950,382,585
218968,324,588
218984,333,628
219000,359,644
219017,297,617
219034,326,525
219051,342,535
219067,331,463
219083,356,473
219101,326,454
219117,351,479
219133,320,436
219150,330,437
219167,361,423
219184,332,426
219200,322,420
219216,341,431
219234,334,428
219250,343,426
219267,354,423
219283,341,430
219300,343,439
219317,337,428
219333,338,436
219350,342,425
219367,339,426
219383,336,425
219400,342,422
219416,345,434
219433,342,434
219450,344,442
219466,346,448
219483,345,452
219500,346,463
219516,348,472
219533,347,473
219549,352,490
219567,351,490
219583,357,491
219599,347,506
219616,347,505
219633,353,506
219650,345,506
219666,346,512
219682,348,516
219700,346,530
219716,348,529
219732,346,529
219749,342,536
219766,342,528
219783,346,539
219799,343,540
219815,342,540
219833,340,544
219849,335,539
219866,337,550
219882,333,551
219899,332,575
219916,334,606
219932,330,587
219949,333,599
219966,329,602
219982,330,615
219999,321,527
220015,327,590
220033,332,604
220049,326,567
220065,320,631
220082,333,571
220099,320,563
220115,315,615
220132,329,585
220148,330,591
220166,353,563
220182,320,590
220198,365,588
220215,326,575
220232,319,529
220249,347,519
220265,349,500
220281,330,524
220299,312,484
220315,340,480
220332,327,518
220348,347,474
220365,320,492
220382,338,499
220398,325,481
220414,331,486
220432,341,471
220448,336,489
220465,330,510
220481,340,527
220498,328,550
220515,334,595
220531,342,624
220548,340,568
220565,337,552
220581,340,573
220598,331,472
220614,338,417
220632,337,446
220648,343,413
220664,337,440
220681,334,453
220698,334,448
220715,344,444
220731,339,441
220747,342,432
220765,332,427
220781,330,421
220797,353,409
220814,343,407
220831,337,416
220848,340,430
220864,330,441
220880,340,460
220898,320,479
220914,333,510
220931,337,534
220947,330,565
220964,317,580
220981,347,581
220997,332,590
221014,329,587
221031,326,586
221047,346,591
221064,337,580
221080,335,577
221097,335,565
221114,338,562
221130,340,573
221147,321,570
221164,329,563
221180,361,553
221197,321,551
221213,332,548
221231,327,563
221247,331,561
221263,341,570
221280,348,574
221297,323,559
221314,316,558
221330,338,547
221346,326,537
221364,333,520
221380,317,510
221396,316,494
221413,324,476
221430,328,467
221447,335,461
221463,331,462
221479,332,463
221497,337,465
221513,336,473
221530,327,478
221546,338,484
221563,318,488
221580,326,486
221596,327,489
221613,344,484
221630,333,494
221646,340,494
221663,323,493
221679,336,496
221697,324,497
221713,333,500
221729,334,509
221746,324,504
221763,337,507
221779,349,506
221796,323,504
221812,319,506
221830,318,512
221846,319,508
221862,326,512
221879,316,510
221896,308,509
221913,306,508
221929,312,513
221945,301,516
221963,322,515
221979,310,527
221996,310,534
222012,312,519
222029,317,518
222046,322,551
222062,301,502
222078,302,566
222096,312,519
222112,311,483
222129,318,555
222145,318,508
222162,324,514
222179,340,526
222195,320,523
222212,336,525
222229,334,513
222245,334,477
222262,321,538
222278,331,526
222296,325,499
222312,326,474
222328,344,534
222345,328,502
222362,340,548
222379,331,509
222395,343,493
222411,333,491
222429,328,536
222445,351,495
222461,347,524
222478,359,534
222495,355,574
222512,356,598
222528,352,560
222544,331,536
222562,334,426
222578,336,349
222595,345,326
222611,323,304
222628,324,319
222645,336,269
222661,355,291
222678,334,247
222695,364,287
222711,340,227
222728,320,253
222744,333,258
222761,340,285
222778,342,306
222794,326,329
222811,336,354
222828,350,342
222844,321,253
222861,346,200
222877,333,257
222895,338,221
222911,346,223
222927,349,241
222944,350,255
222961,351,285
222978,362,302
222994,347,372
223010,370,360
223028,357,342
223044,341,315
223060,347,369
223077,316,667
223094,321,740
223111,332,951
223127,322,982
223143,330,986
223161,322,987
223177,331,940
223194,338,898
223210,338,893
223227,315,882
223244,338,854
223260,332,841
223277,322,861
223294,330,826
223310,334,795
223327,351,761
223343,331,718
223361,325,720
223377,323,657
223393,344,642
223410,335,655
223427,338,631
223443,333,601
223460,340,592
223476,338,592
223494,334,590
223510,324,557
223526,339,533
223543,336,533
223560,323,519
223577,318,580
223593,317,499
223609,311,541
223627,313,524
223643,322,485
223660,318,499
223676,309,493
223693,323,497
223710,320,484
223726,332,483
223742,317,495
223760,328,506
223776,318,507
223793,345,564
223809,339,549
223826,325,585
223843,342,602
223859,352,594
223876,330,605
223893,344,652
