timestamp,signal_jaw,signal_brow
57793,320,510
57808,320,507
57825,325,509
57840,327,514
57856,327,510
57871,329,508
57886,330,510
57903,334,516
57918,335,513
57933,333,513
57949,337,512
57965,336,514
57980,339,520
57996,344,516
58011,339,513
58028,342,512
58043,339,517
58058,344,518
58074,341,516
58089,346,513
58105,338,514
58121,341,520
58136,338,517
58151,341,515
58168,344,514
58183,345,517
58199,358,518
58214,342,515
58230,342,512
58246,344,516
58261,343,519
58276,344,517
58293,343,512
58308,345,513
58323,339,515
58339,342,519
58354,346,517
58371,345,513
58386,347,516
58401,345,519
58417,342,522
58433,347,514
58448,347,516
58464,339,521
58479,343,519
58496,336,517
58511,340,515
58526,339,515
58542,338,516
58558,336,521
58573,339,517
58589,340,515
58604,334,518
58619,336,522
58636,336,518
58651,338,513
58667,334,515
58682,334,520
58698,341,518
58714,331,515
58729,337,514
58744,334,517
58761,333,522
58776,338,516
58791,334,514
58807,337,514
58823,344,519
58839,336,518
58854,448,508
58869,358,516
58885,355,512
58901,291,526
58916,371,529
58932,339,524
58947,356,512
58963,290,518
58979,330,533
58994,315,515
59010,328,519
59026,302,527
59041,338,520
59057,342,521
59072,298,522
59087,334,518
59104,312,522
59119,332,520
59134,327,520
59150,284,515
59166,316,518
59182,314,518
59197,313,518
59212,322,516
59229,323,513
59244,327,518
59259,331,518
59275,318,517
59291,336,513
59307,337,514
59322,335,518
59337,346,518
59353,346,514
59369,362,511
59384,358,512
59400,360,514
59415,358,512
59431,347,509
59447,352,506
59462,338,510
59478,346,512
59494,350,507
59509,338,507
59525,346,507
59540,353,512
59556,327,510
59572,333,506
59587,332,507
59602,331,509
59618,344,512
59634,336,507
59650,327,507
59665,337,508
59680,325,513
59697,347,511
59712,340,510
59727,347,505
59743,325,510
59759,330,512
59774,342,508
59790,343,508
59805,331,511
59822,337,514
59837,333,515
59852,334,508
59868,330,509
59883,337,516
59899,333,512
59915,340,513
59930,339,508
59945,343,511
59962,338,513
59977,339,513
59993,340,509
60008,339,509
60024,341,512
60040,337,515
60055,336,512
60070,331,508
60086,331,510
60102,329,512
60118,328,514
60133,327,510
60148,331,509
60165,320,512
60180,328,512
60195,323,509
60211,326,504
60227,328,508
60242,329,512
60258,321,512
60273,329,502
60290,356,502
60305,403,503
60320,340,520
60336,371,513
60351,310,524
60367,252,518
60383,280,519
60398,277,548
60413,396,528
60430,272,529
60445,315,538
60461,313,542
60476,337,542
60492,281,543
60508,354,541
60523,320,542
60538,320,546
60555,313,539
60570,317,531
60585,317,532
60601,318,535
60616,322,532
60633,326,526
60648,325,521
60663,325,525
60679,324,526
60695,335,521
60710,332,518
60726,336,517
60741,338,520
60758,339,519
60773,341,514
60788,343,514
60804,342,515
60820,339,521
60835,339,517
60851,339,510
60866,333,513
60881,336,517
60898,336,517
60913,339,512
60929,329,510
60944,336,513
60960,336,515
60976,337,515
60991,335,508
61006,335,508
61023,338,511
61038,337,512
61053,339,508
61069,343,506
61084,347,509
61101,341,510
61116,338,506
61131,341,500
61147,338,498
61163,340,500
61178,337,498
61194,339,490
61209,338,483
61225,337,484
61241,339,487
61256,350,485
61272,338,480
61288,329,483
61303,339,487
61319,336,491
61334,335,487
61349,340,485
61366,339,491
61381,337,493
61396,344,494
61412,341,490
61428,346,490
61444,341,496
61459,344,497
61474,342,496
61491,341,497
61506,340,495
61521,334,500
61537,337,503
61553,333,499
61569,333,498
61584,332,503
61599,335,507
61615,329,504
61631,331,502
61646,338,499
61662,338,507
61677,380,505
61693,412,504
61709,274,521
61724,329,524
61740,343,521
61756,324,510
61771,295,517
61787,288,516
61802,352,517
61818,296,527
61834,336,525
61849,286,514
61864,292,510
61880,304,522
61896,286,526
61912,316,520
61927,310,516
61942,311,520
61959,314,522
61974,315,517
61989,326,516
62005,328,519
62021,321,522
62036,341,521
62052,339,518
62067,332,516
62083,335,520
62099,345,520
62114,346,518
62130,352,511
62145,334,516
62161,360,517
62177,345,517
62192,366,512
62208,342,513
62224,361,517
62239,360,516
62255,363,514
62270,347,508
62286,354,512
62302,354,516
62317,339,514
62332,349,513
62348,322,511
62364,330,512
62380,327,519
62395,337,512
62410,337,509
62427,329,510
62442,340,513
62457,335,515
62473,331,515
62489,340,515
62504,316,523
62520,337,529
62535,331,530
62552,334,525
62567,326,529
62582,338,535
62598,330,532
62613,326,528
62629,337,524
62645,332,527
62660,336,532
62675,335,526
62692,332,525
62707,336,521
62723,337,525
62738,337,528
62754,344,522
62770,341,516
62785,331,521
62800,347,525
62817,346,523
62832,336,513
62848,339,512
62863,338,511
62878,332,508
62895,333,502
62910,332,497
62925,337,497
62941,337,503
62957,335,503
62972,342,499
62988,338,499
63003,343,503
63020,343,503
63035,345,502
63050,343,499
63066,345,500
63081,339,507
63097,337,506
63113,338,503
63128,328,503
63143,364,504
63160,359,507
63175,355,503
63191,330,507
63206,363,507
63222,362,518
63238,285,511
63253,285,500
63268,355,510
63285,287,527
63300,400,503
63315,270,508
63331,323,521
63346,298,519
63363,311,515
63378,334,514
63393,304,520
63409,318,515
63425,305,516
63440,310,519
63456,313,518
63471,319,515
63488,318,515
63503,317,516
63518,326,519
63534,330,513
63550,318,512
63565,323,514
63581,320,518
63596,319,515
63611,319,509
63628,325,510
63643,326,514
63659,330,515
63674,338,512
63690,330,509
63706,339,511
63721,331,515
63736,338,513
63753,338,508
63768,339,510
63783,334,515
63799,331,515
63815,333,513
63831,334,509
63846,329,511
63861,325,517
63877,332,515
63893,328,510
63908,330,508
63924,329,511
63939,324,516
63955,330,511
63971,337,510
63986,328,514
64002,325,514
64018,334,516
64033,331,512
64049,331,509
64064,333,512
64079,331,516
64096,330,514
64111,334,511
64126,336,511
64142,334,515
64158,336,516
64174,333,513
64189,334,511
64204,335,512
64221,333,515
64236,332,515
64251,338,509
64267,333,509
64283,334,514
64299,345,515
64314,338,511
64329,328,512
64345,330,511
64361,326,515
64376,328,513
64392,331,509
64407,325,511
64423,331,513
64439,328,517
64454,330,513
64470,331,510
64486,329,509
64501,327,512
64517,331,515
64532,328,511
64548,328,510
64564,325,511
64579,351,509
64594,409,521
64610,354,516
64626,411,509
64642,338,505
64657,329,515
64672,300,517
64689,341,514
64704,312,521
64719,339,521
64735,279,525
64751,316,514
64766,327,515
64782,302,517
64797,306,518
64814,310,513
64829,316,508
64844,311,517
64860,326,522
64875,320,521
64891,325,520
64907,323,523
64922,326,527
64937,328,530
64954,333,529
64969,330,527
64985,334,531
65000,334,537
65016,338,535
65032,346,531
65047,339,532
65062,341,534
65078,347,532
65094,343,528
65110,345,523
65125,344,525
65140,343,527
65157,341,525
65172,344,521
65187,342,520
65203,342,523
65219,352,521
65234,349,517
65250,337,515
65265,346,516
65282,343,520
65297,345,517
65312,342,514
65328,342,512
65343,347,515
65359,342,518
65375,346,515
65390,348,511
65405,347,515
65422,343,516
65437,349,516
65453,345,511
65468,350,509
65484,343,513
65500,343,514
65515,341,514
65530,343,509
65547,341,509
65562,344,512
65577,340,515
65593,340,510
65608,340,507
65625,344,510
65640,336,514
65655,340,509
65671,339,507
65687,340,508
65702,338,509
65718,335,509
65733,336,502
65750,335,496
65765,329,497
65780,334,497
65796,331,495
65812,332,487
65827,330,487
65843,330,491
65858,330,491
65873,331,487
65890,329,484
65905,337,490
65921,339,494
65936,342,490
65952,312,491
65968,392,484
65983,358,489
65998,316,491
66015,338,498
66030,276,506
66045,361,489
66061,293,516
66076,298,518
66093,380,502
66108,269,499
66123,350,506
66139,301,507
66155,308,508
66170,321,512
66186,313,510
66201,326,511
66217,310,515
66233,321,509
66248,322,508
66264,319,513
66280,330,515
66295,328,514
66311,332,510
66326,331,511
66341,328,516
66358,328,518
66373,329,512
66388,332,510
66404,333,513
66420,336,518
66436,336,514
66451,337,512
66466,338,514
66483,338,517
66498,337,518
66513,340,513
66529,343,512
66545,339,513
66561,341,519
66576,345,519
66591,344,512
66607,336,511
66623,342,515
66638,340,517
66654,341,513
66669,344,508
66685,338,513
66701,345,519
66716,344,516
66732,343,514
66748,342,511
66763,341,516
66779,342,516
66794,343,513
66810,345,510
66826,344,512
66841,344,518
66856,342,515
66872,347,514
66888,351,511
66904,353,516
66919,338,517
66934,342,513
66951,340,508
66966,339,511
66981,340,515
66997,340,515
67013,342,511
67028,336,510
67044,338,509
67059,342,515
67075,339,513
67091,343,511
67106,338,512
67122,344,516
67137,340,518
67153,344,513
67169,336,511
67184,338,513
67200,335,516
67216,334,517
67231,337,509
67247,333,512
67262,330,517
67278,338,515
67294,337,515
67309,357,506
67324,321,516
67340,344,515
67356,379,522
67372,359,508
67387,276,518
67402,371,527
67419,380,520
67434,280,522
67449,320,515
67465,301,520
67481,354,522
67496,313,512
67512,299,519
67527,337,520
67544,324,520
67559,289,522
67574,317,520
67590,314,515
67605,317,518
67621,316,521
67637,321,520
67652,326,514
67667,323,515
67684,324,517
67699,327,518
67715,337,515
67730,330,507
67746,328,513
67762,333,515
67777,330,518
67792,337,511
67809,340,509
67824,339,511
67840,336,517
67855,342,514
67870,339,508
67887,340,512
67902,340,514
67917,344,517
67933,340,511
67949,344,510
67964,340,512
67980,340,516
67995,336,514
68012,335,509
68027,336,510
68042,340,514
68058,332,515
68073,336,513
68089,338,508
68105,336,508
68120,339,517
68135,338,515
68152,336,510
68167,337,512
68183,337,513
68198,339,515
68214,340,513
68230,338,510
68245,343,513
68260,335,514
68277,340,514
68292,337,512
68307,340,511
68323,339,515
68338,339,517
68355,336,512
68370,336,510
68385,336,510
68401,337,515
68417,336,515
68432,334,513
68448,331,508
68463,337,511
68480,338,517
68495,344,512
68510,331,508
68526,329,513
68542,330,514
68557,327,513
68573,330,510
68588,326,509
68603,329,510
68620,327,515
68635,330,512
68651,330,508
68666,327,511
68682,330,513
68698,332,516
68713,327,510
68728,359,504
68745,380,505
68760,276,518
68775,354,515
68791,271,512
68807,392,516
68823,258,516
68838,296,516
68853,385,516
68869,290,508
68885,351,523
68900,358,521
68916,285,519
68931,356,511
68947,299,526
68963,340,509
68978,298,520
68994,337,518
69010,309,515
69025,281,522
69041,308,518
69056,341,522
69071,301,516
69088,315,514
69103,312,516
69118,314,517
69134,316,514
69150,317,511
69166,320,513
69181,321,517
69196,317,516
69213,321,512
69228,325,510
69243,336,513
69259,329,513
69275,331,512
69291,333,506
69306,329,510
69321,339,513
69337,338,512
69353,340,508
69368,341,507
69384,342,510
69399,339,514
69415,344,508
69431,339,505
69446,346,508
69462,342,512
69478,343,512
69493,346,509
69509,340,505
69524,340,510
69540,340,513
69556,337,510
69571,335,508
69586,339,509
69602,335,513
69618,338,513
69634,336,511
69649,337,508
69664,336,510
69681,340,512
69696,338,510
69711,339,506
69727,344,508
69743,339,511
69758,338,515
69774,343,511
69789,342,507
69806,344,510
69821,337,512
69836,344,512
69852,347,505
69867,341,509
69883,339,511
69899,343,514
69914,343,512
69929,343,509
69946,342,510
69961,342,515
69977,342,513
69992,352,513
70008,344,507
70024,338,514
70039,338,514
70054,338,513
70070,336,509
70086,336,511
70102,336,516
70117,336,514
70132,334,513
70149,335,508
70164,337,513
70179,339,514
70195,338,512
70211,350,508
70226,378,499
70242,364,515
70257,368,520
70274,312,518
70289,354,521
70304,287,548
70320,288,536
70335,328,538
70351,382,541
70367,352,542
70382,258,553
70397,315,540
70414,316,537
70429,342,535
70445,309,536
70460,320,535
70476,330,534
70492,311,530
70507,320,529
70522,325,531
70539,319,529
70554,329,519
70569,331,508
70585,332,508
70600,329,508
70617,334,503
70632,333,498
70647,334,494
70663,338,495
70679,338,500
70694,342,497
70710,334,494
70725,334,497
70742,342,503
70757,328,503
70772,320,496
70788,331,498
70804,333,503
70819,310,503
70835,315,501
70850,321,498
70865,325,501
70882,324,505
70897,320,506
70913,332,499
70928,328,502
70944,335,507
70960,331,516
70975,331,517
70990,330,515
71007,324,518
71022,331,524
71037,336,531
71053,329,525
71068,342,525
71085,335,530
71100,336,533
71115,341,528
71131,332,525
71147,341,524
71162,338,527
71178,343,529
71193,338,522
71209,344,519
71225,348,522
71240,344,522
71256,351,520
71272,354,518
71287,358,520
71303,360,520
71318,360,521
71333,362,516
71350,363,513
71365,363,516
71380,357,521
71396,361,516
71412,361,512
71428,360,512
71443,354,515
71458,358,516
71475,352,512
71490,346,510
71505,349,509
71521,350,512
71537,346,515
71553,347,506
71568,343,510
71583,342,510
71599,353,513
71615,344,506
71630,339,510
71646,339,510
71661,343,510
71677,344,513
71693,344,498
71708,343,495
71724,342,492
71740,347,490
71755,343,488
71771,341,486
71786,337,483
71802,333,484
71818,343,485
71833,346,482
71848,410,480
71864,364,494
71880,340,482
71896,277,504
71911,392,493
71926,283,498
71943,347,500
71958,312,502
71973,321,496
71989,298,508
72005,315,507
72020,291,516
72036,313,503
72051,297,505
72067,306,513
72083,310,517
72098,314,514
72114,316,510
72129,317,512
72145,318,513
72161,317,510
72176,325,516
72192,321,505
72208,324,507
72223,323,518
72239,325,507
72254,333,510
72270,324,509
72286,333,510
72301,331,513
72316,333,514
72332,334,512
72348,334,505
72364,338,512
72379,350,515
72394,334,512
72411,333,506
72426,342,516
72441,335,513
72457,336,514
72473,332,514
72488,336,513
72504,336,518
72519,334,522
72536,340,514
72551,338,519
72566,338,517
72582,337,518
72597,340,517
72613,340,520
72629,337,513
72644,334,521
72659,334,520
72676,335,524
72691,332,519
72707,333,512
72722,332,530
72738,327,518
72754,332,519
72769,333,520
72784,331,517
72801,329,524
72816,341,518
72832,333,516
72847,331,515
72862,330,525
72879,331,517
72894,333,516
72909,325,516
72925,325,523
72941,328,522
72956,324,521
72972,320,517
72987,327,519
73004,326,524
73019,319,519
73034,328,517
73050,324,507
73065,322,515
73081,326,516
73097,326,513
73112,329,512
73127,328,510
73144,338,518
73159,332,512
73175,339,511
73190,314,522
73206,318,499
73222,393,523
73237,323,511
73252,417,515
73269,314,506
73284,296,530
73299,329,516
73315,391,529
73330,315,520
73347,283,506
73362,312,510
73377,330,520
73393,302,520
73409,333,516
73424,288,524
73440,299,523
73455,321,511
73472,286,522
73487,270,511
73502,298,516
73518,295,522
73534,292,518
73549,301,519
73565,307,514
73580,307,520
73595,304,516
73612,311,511
73627,311,515
73643,312,515
73658,321,518
73674,318,516
73690,321,505
73705,323,516
73720,328,518
73737,327,519
73752,334,524
73767,330,530
73783,338,533
73799,342,535
73815,339,533
73830,346,533
73845,345,531
73861,342,535
73877,345,533
73892,351,525
73908,359,527
73923,346,527
73939,346,530
73955,347,520
73970,345,521
73986,336,525
74002,355,523
74017,349,522
74033,346,515
74048,358,518
74063,351,517
74080,352,520
74095,351,517
74110,356,514
74126,352,518
74142,350,516
74158,352,517
74173,350,504
74188,347,500
74205,347,502
74220,345,492
74235,347,498
74251,344,488
74267,345,486
74283,344,489
74298,343,494
74313,342,484
74329,343,486
74345,339,487
74360,341,494
74376,350,486
74391,337,478
74407,330,492
74423,365,494
74438,357,501
74454,335,492
74470,320,489
74485,309,500
74501,356,511
74516,321,509
74532,314,503
74548,316,522
74563,326,524
74578,338,533
74594,321,523
74610,323,531
74626,332,533
74641,333,535
74656,329,537
74673,328,531
74688,340,528
74703,329,532
74719,326,529
74735,330,526
74750,330,524
74766,333,530
74781,334,525
74798,335,525
74813,339,517
74828,336,521
74844,337,520
74859,344,522
74875,340,520
74891,337,509
74906,339,510
74921,333,508
74938,337,508
74953,335,496
74969,329,497
74984,336,497
75000,329,500
75016,336,484
75031,348,475
75046,415,482
75062,231,505
75078,432,499
75094,275,495
75109,337,497
75124,294,496
75141,268,508
75156,304,502
75171,312,500
75187,307,503
75203,313,505
75218,314,505
75234,318,507
75249,316,503
75266,323,503
75281,320,510
75296,325,507
75312,329,504
75327,328,505
75343,332,506
75359,333,510
75374,331,508
75389,332,500
75406,338,509
75421,344,512
75437,353,506
75452,332,507
75468,336,505
75484,332,508
75499,336,510
75514,341,510
75531,334,504
75546,336,510
75561,339,516
75577,347,512
75592,347,510
75609,344,513
75624,342,512
75639,342,513
75655,346,511
75671,345,509
75686,346,508
75702,342,516
75717,342,510
75734,338,510
75749,335,510
75764,339,513
75780,338,518
75796,336,512
75811,335,508
75827,334,511
75842,335,518
75857,330,510
75874,370,510
75889,359,512
75905,346,516
75920,336,511
75936,313,515
75952,294,516
75967,369,519
75982,394,537
75999,337,523
76014,335,509
76029,266,521
76045,376,526
76060,289,519
76077,291,530
76092,265,510
76107,300,522
76123,306,520
76139,313,524
76154,314,518
76170,318,516
76185,330,516
76201,321,518
76217,322,519
76232,325,514
76248,326,512
76264,326,518
76279,329,514
76295,330,512
76310,334,509
76325,335,510
76342,334,515
76357,336,512
76372,343,508
76388,344,512
76404,342,514
76420,342,516
76435,343,510
76450,345,507
76467,339,515
76482,337,515
76497,340,512
76513,340,509
76529,336,511
76545,339,515
76560,336,513
76575,339,511
76591,341,509
76607,343,505
76622,341,522
76638,342,507
76653,346,512
76669,346,506
76685,345,512
76700,349,512
76716,348,510
76732,348,512
76747,347,511
76763,346,517
76778,345,518
76794,345,505
76810,347,512
76825,341,515
76840,341,518
76856,342,514
76872,343,510
76888,338,511
76903,350,518
76918,347,516
76935,334,514
76950,336,513
76965,355,517
76981,343,516
76997,367,521
77012,372,513
77028,308,517
77043,405,522
77059,350,529
77075,347,511
77090,274,524
77106,341,521
77121,260,534
77137,330,527
77153,249,535
77168,316,531
77184,304,531
77200,310,535
77215,308,530
77231,313,530
77246,315,530
77262,317,534
77278,322,529
77293,326,521
77308,318,522
77324,321,526
77340,324,525
77356,327,518
77371,327,517
77386,332,520
77403,334,525
77418,334,519
77433,341,517
77449,336,516
77465,343,518
77480,339,521
77496,343,514
77511,340,515
77528,339,509
77543,343,519
77558,343,516
77574,340,508
77589,344,509
77605,339,512
77621,345,516
77636,354,509
77651,346,507
77668,342,507
77683,344,510
77699,345,512
77714,345,507
77730,341,507
77746,342,508
77761,346,510
77776,345,506
77793,344,505
77808,343,506
77824,345,513
77839,345,508
77854,346,505
77871,348,505
77886,341,509
77901,344,508
77917,342,509
77933,339,502
77948,343,505
77964,342,504
77979,346,503
77996,344,495
78011,352,495
78026,327,498
78042,393,511
78057,353,491
78073,336,504
78089,331,496
78104,364,499
78119,304,499
78136,329,480
78151,315,504
78167,289,488
78182,335,504
78198,257,500
78214,308,497
78229,324,499
78244,309,501
78261,307,504
78276,314,502
78291,313,501
78307,311,502
78322,319,506
78339,316,506
78354,326,503
78369,335,502
78385,326,507
78401,328,507
78416,331,506
78432,330,503
78447,336,507
78464,333,513
78479,337,513
78494,337,510
78510,337,508
78526,333,515
78541,342,517
78557,338,512
78572,338,507
78587,340,510
78604,337,515
78619,338,521
78635,333,510
78650,334,512
78666,330,516
78682,333,520
78697,332,514
78712,333,511
78729,328,517
78744,325,516
78759,334,516
78775,344,513
78791,272,511
78807,449,510
78822,334,521
78837,362,524
78853,323,514
78869,284,502
78884,285,528
78900,280,535
78915,341,503
78931,274,525
78947,285,523
78962,286,529
78978,283,519
78994,298,517
79009,303,520
79025,305,519
79040,313,517
79055,311,514
79072,322,519
79087,321,515
79102,316,522
79118,319,515
79134,318,514
79150,322,512
79165,320,519
79180,326,516
79197,328,516
79212,328,514
79227,331,512
79243,332,517
79259,331,515
79275,335,508
79290,336,512
79305,331,514
79321,335,516
79337,340,513
79352,338,508
79368,332,511
79383,338,516
79399,338,512
79415,339,510
79430,338,511
79446,338,514
79462,337,517
79477,341,512
79493,335,508
79508,335,513
79524,337,514
79540,334,514
79555,333,507
79570,337,512
79586,335,509
79602,334,519
79618,342,508
79633,337,509
79648,340,513
79665,330,515
79680,340,515
79695,337,507
79711,337,510
79727,338,511
79742,338,516
79758,340,513
79773,348,508
79790,352,513
79805,340,513
79820,343,513
79836,342,513
79851,344,507
79867,340,512
79883,340,514
79898,343,512
79913,340,504
79930,338,507
79945,341,513
79961,334,510
79976,336,508
79992,344,507
80008,333,511
80023,378,506
80038,288,514
80054,447,497
80070,257,521
80086,381,518
80101,345,507
80116,304,501
80133,317,511
80148,363,506
80163,321,520
80179,332,508
80195,323,520
80210,325,521
80226,279,520
80241,280,513
80258,316,521
80273,296,514
80288,309,516
80304,319,522
80319,314,519
80335,318,513
80351,320,513
80366,322,518
80381,328,517
80398,329,512
80413,326,512
80429,330,512
80444,335,514
80460,332,515
80476,345,512
80491,344,510
80506,341,513
80523,345,512
80538,342,514
80553,346,508
80569,352,509
80584,353,516
80601,352,516
80616,347,509
80631,348,509
80647,345,514
80663,348,516
80678,349,510
80694,349,511
80709,350,513
80726,353,515
80741,347,515
80756,345,512
80772,349,513
80788,343,513
80803,343,517
80819,347,510
80834,339,509
80849,346,512
80866,346,512
80881,335,516
80897,346,509
80912,344,509
80928,341,512
80944,339,515
80959,342,514
80974,344,507
80991,340,512
81006,342,512
81021,339,515
81037,338,515
81052,334,516
81069,329,521
81084,331,529
81099,332,529
81115,330,528
81131,329,530
81146,332,535
81162,335,536
81177,329,534
81193,328,523
81209,336,530
81224,304,526
81240,464,527
81256,231,526
81271,324,537
81287,260,531
81302,340,542
81317,367,520
81334,290,513
81349,364,527
81364,270,514
81380,337,519
81396,363,505
81412,324,506
81427,326,518
81442,283,527
81459,282,521
81474,335,514
81489,316,508
81505,234,527
81521,332,508
81537,284,519
81552,310,509
81567,301,517
81583,298,517
81599,297,515
81614,303,514
81630,338,513
81645,321,516
81661,318,513
81677,321,508
81692,332,509
81708,324,511
81724,340,510
81739,338,506
81755,339,498
81770,348,498
81786,351,496
81802,346,497
81817,358,490
81832,353,494
81848,357,497
81864,357,501
81880,351,497
81895,351,493
81910,345,498
81927,345,501
81942,343,501
81957,344,498
81973,344,499
81989,342,501
82004,346,504
82020,345,501
82035,343,502
82051,344,504
82067,347,506
82082,348,508
82098,347,505
82113,348,504
82129,345,504
82145,345,512
82160,342,509
82176,344,504
82192,345,504
82207,340,510
82223,337,514
82238,336,511
82254,334,511
82270,332,514
82285,336,516
82300,332,518
82316,337,512
82332,336,514
82348,334,520
82363,342,517
82378,340,514
82395,337,514
82410,337,517
82425,335,521
82441,338,519
82457,359,504
82472,343,517
82488,368,517
82503,315,531
82520,354,521
82535,267,509
82550,295,518
82566,363,532
82581,276,520
82597,365,518
82613,316,520
82628,339,522
82643,352,519
82660,267,516
82675,324,522
82691,305,504
82706,313,524
82722,306,512
82738,307,523
82753,288,508
82768,305,516
82785,329,520
82800,273,512
82816,324,505
82831,315,512
82846,312,517
82863,309,514
82878,317,512
82893,316,509
82909,315,515
82925,315,517
82940,320,515
82956,321,508
82971,319,511
82988,326,516
83003,320,516
83018,333,514
83034,328,512
83049,330,517
83065,331,521
83081,335,517
83096,343,512
83111,337,514
83128,341,521
83143,343,515
83159,339,508
83174,342,506
83190,341,508
83206,342,507
83221,345,504
83236,355,502
83253,337,501
83268,336,504
83283,336,509
83299,340,506
83314,343,504
83331,339,508
83346,342,509
83361,343,510
83377,340,506
83393,340,511
83408,344,509
83424,342,510
83439,347,506
83456,344,504
83471,339,509
83486,341,511
83502,337,513
83518,332,508
83533,332,509
83549,330,514
83564,330,517
83579,331,514
83596,332,509
83611,330,511
83627,332,518
83642,325,516
83658,334,510
83674,330,510
83689,334,513
83704,339,511
83721,415,505
83736,350,515
83751,329,509
83767,351,515
83783,351,523
83799,306,512
83814,344,524
83829,311,516
83845,297,522
83861,321,521
83876,297,513
83892,337,518
83907,311,515
83923,372,514
83939,331,509
83954,296,514
83970,321,518
83986,300,516
84001,323,513
84017,297,510
84032,297,511
84047,301,514
84064,317,517
84079,322,512
84094,318,511
84110,325,514
84126,328,517
84142,331,511
84157,333,509
84172,334,515
84189,332,510
84204,336,513
84219,339,508
84235,340,506
84251,341,513
84267,345,512
84282,345,511
84297,355,510
84313,344,507
84329,345,514
84344,350,513
84360,347,511
84375,348,506
84391,344,510
84407,346,513
84422,345,514
84438,349,508
84454,345,507
84469,350,513
84485,342,516
84500,347,509
84516,348,506
84532,349,511
84547,345,514
84562,346,512
84578,347,508
84594,356,509
84610,357,512
84625,348,509
84640,350,510
84657,352,505
84672,349,510
84687,352,512
84703,350,509
84719,348,507
84734,350,510
84750,343,509
84765,349,513
84782,350,509
84797,349,507
84812,346,508
84828,347,513
84843,351,509
84859,348,510
84875,345,509
84890,358,513
84905,357,514
84922,371,514
84937,301,510
84953,333,514
84968,378,512
84984,407,506
85000,284,517
85015,368,512
85030,309,518
85046,303,522
85062,315,506
85078,292,522
85093,327,517
85108,316,522
85125,330,526
85140,304,519
85155,321,518
85171,314,523
85187,321,522
85202,325,524
85218,325,517
85233,323,516
85250,323,519
85265,333,519
85280,344,514
85296,333,516
85311,333,518
85327,334,521
85343,339,519
85358,340,514
85373,344,516
85390,324,520
85405,340,518
85421,347,517
85436,343,514
85452,341,518
85468,343,520
85483,344,517
85498,349,515
85515,343,518
85530,339,524
85545,338,522
85561,339,520
85576,333,515
85593,337,519
85608,342,522
85623,333,521
85639,337,516
85655,333,516
85670,334,517
85686,335,520
85701,335,515
85718,333,516
85733,337,515
85748,336,519
85764,336,518
85780,335,512
85795,335,512
85811,338,515
85826,333,515
85841,335,512
85858,333,514
85873,330,519
85889,335,525
85904,331,524
85920,333,515
85936,331,516
85951,343,520
85966,330,521
85983,328,518
85998,326,510
86013,328,517
86029,334,518
86044,329,518
86061,335,515
86076,336,510
86091,335,515
86107,327,510
86123,331,507
86138,335,500
86154,334,503
86169,331,508
86185,329,505
86201,331,502
86216,331,504
86232,329,507
86248,351,502
86263,344,508
86279,376,481
86294,378,518
86309,299,503
86326,275,505
86341,318,523
86356,356,508
86372,278,517
86388,334,510
86404,291,509
86419,333,513
86434,332,505
86451,297,509
86466,329,520
86481,327,511
86497,304,500
86513,308,520
86529,332,515
86544,304,503
86559,283,522
86575,310,515
86591,324,509
86606,308,516
86622,319,512
86637,318,510
86653,316,509
86669,318,513
86684,325,509
86700,318,507
86716,329,508
86731,312,509
86747,336,512
86762,334,507
86778,340,503
86794,334,506
86809,349,513
86824,342,507
86840,352,506
86856,344,506
86872,346,513
86887,335,510
86902,342,507
86919,334,508
86934,337,507
86949,341,512
86965,347,511
86981,351,505
86996,351,506
87012,360,508
87027,356,512
87043,351,510
87059,352,505
87074,358,507
87090,357,514
87105,355,510
87121,357,507
87137,353,507
87152,358,509
87168,353,512
87184,358,508
87199,356,506
87215,358,507
87230,350,503
87246,365,505
87262,355,501
87277,358,499
87292,365,501
87308,367,508
87324,350,509
87340,347,501
87355,359,504
87370,368,511
87387,350,509
87402,359,508
87417,351,504
87433,352,513
87449,353,515
87464,348,512
87480,343,510
87495,343,511
87512,353,514
87527,339,518
87542,348,513
87558,338,511
87573,330,515
87589,335,519
87605,343,513
87620,325,508
87635,335,519
87652,404,507
87667,362,527
87683,390,511
87698,288,511
87714,290,525
87730,361,515
87745,344,529
87760,334,512
87777,348,521
87792,352,515
87808,368,529
87823,308,532
87838,286,525
87855,370,504
87870,275,528
87885,342,518
87901,300,519
87917,315,517
87932,318,519
87948,312,524
87963,317,516
87980,328,513
87995,322,515
88010,316,520
88026,325,518
88041,316,512
88057,321,510
88073,329,516
88088,327,516
88103,330,512
88120,330,509
88135,330,511
88151,332,514
88166,341,511
88182,343,508
88198,348,507
88213,343,512
88228,339,512
88245,344,512
88260,334,506
88275,331,509
88291,320,512
88306,330,513
88323,326,509
88338,329,509
88353,328,514
88369,333,516
88385,338,516
88400,339,507
88416,343,511
88431,347,514
88448,345,512
88463,347,508
88478,354,508
88494,359,514
88510,351,514
88525,356,509
88541,352,509
88556,353,507
88571,354,510
88588,353,513
88603,350,509
88619,353,504
88634,356,509
88650,355,512
88666,348,513
88681,343,509
88696,346,510
88713,343,512
88728,341,513
88743,348,509
88759,340,506
88775,342,513
88791,345,511
88806,338,514
88821,338,511
88837,342,509
88853,337,512
88868,340,512
88884,362,509
88899,377,508
88915,348,503
88931,438,517
88946,326,518
88962,301,516
88978,381,517
88993,361,520
89009,247,505
89024,279,534
89039,361,509
89056,268,520
89071,325,534
89086,273,528
89102,288,519
89118,304,518
89134,320,522
89149,302,520
89164,315,526
89181,310,515
89196,300,516
89211,314,520
89227,313,517
89243,314,516
89259,319,513
89274,320,519
89289,333,517
89305,326,511
89321,327,509
89336,330,514
89352,328,516
89367,332,510
89383,335,507
89399,336,510
89414,338,510
89430,341,514
89446,337,509
89461,340,508
89477,336,508
89492,339,514
89508,342,513
89524,345,508
89539,340,509
89554,337,509
89570,337,515
89586,339,514
89602,336,505
89617,333,511
89632,331,514
89649,332,514
89664,331,511
89679,334,508
89695,331,514
89711,339,514
89726,335,512
89742,340,509
89757,337,508
89774,338,512
89789,339,512
89804,338,510
89820,339,505
89835,337,513
89851,334,510
89867,336,510
89882,335,509
89897,339,509
89914,333,513
89929,334,512
89945,343,508
89960,345,505
89976,333,508
89992,334,513
90007,330,514
90022,337,506
90038,331,508
90054,333,513
90070,333,511
90085,329,507
90100,339,508
90117,352,505
90132,339,510
90147,424,513
90163,281,515
90179,358,512
90194,296,508
90210,321,518
90225,306,521
90242,364,511
90257,269,525
90272,368,528
90288,271,522
90303,298,516
90319,290,507
90335,310,520
90350,322,516
90365,306,517
90382,312,514
90397,301,516
90413,322,518
90428,317,519
90444,322,512
90460,324,511
90475,326,514
90490,334,515
90507,332,511
90522,337,506
90537,337,513
90553,341,513
90568,343,514
90585,343,507
90600,349,504
90615,348,512
90631,349,514
90647,348,512
90662,360,504
90678,348,514
90693,343,511
90710,345,512
90725,345,507
90740,345,510
90756,343,512
90772,342,516
90787,344,508
90803,342,512
90818,344,512
90833,345,516
90850,346,514
90865,342,509
90881,344,506
90896,347,514
90912,346,519
90928,344,513
90943,342,512
90958,343,510
90975,344,515
90990,341,512
91005,342,510
91021,344,508
91036,342,512
91053,340,515
91068,341,513
91083,340,507
91099,342,509
91115,338,512
91130,339,519
91146,339,508
91161,338,510
91177,341,510
91193,339,513
91208,338,513
91224,340,508
91240,339,515
91255,338,511
91271,339,515
91286,340,507
91301,338,510
91318,333,510
91333,335,514
91348,337,512
91364,352,510
91380,395,504
91396,312,508
91411,367,512
91426,323,512
91443,294,518
91458,374,508
91473,344,500
91489,276,520
91505,376,513
91521,302,510
91536,323,522
91551,275,524
91567,323,512
91583,271,514
91598,337,520
91614,303,519
91629,311,522
91645,315,510
91661,314,513
91676,319,517
91692,318,517
91708,320,518
91723,325,509
91739,323,513
91754,324,516
91770,329,515
91786,331,509
91801,330,510
91816,338,511
91832,337,515
91848,337,510
91864,339,509
91879,344,511
91894,347,515
91911,341,512
91926,349,509
91941,344,510
91957,348,512
91973,346,517
91988,345,512
92004,342,508
92019,343,512
92035,347,514
92051,346,515
92066,347,513
92082,357,509
92097,347,513
92113,343,517
92129,347,514
92144,342,509
92160,344,511
92176,342,514
92191,347,517
92207,343,509
92222,348,509
92238,345,516
92254,346,515
92269,344,515
92284,345,510
92300,349,512
92316,339,515
92332,348,516
92347,336,512
92362,340,509
92379,340,513
92394,332,515
92409,338,510
92425,338,509
92441,338,510
92456,335,515
92472,336,514
92487,338,510
92504,335,506
92519,337,512
92534,334,517
92550,339,513
92565,333,506
92581,337,510
92597,338,511
92612,336,512
92627,334,511
92644,341,508
92659,332,514
92675,341,513
92690,333,514
92706,336,512
92722,332,510
92737,343,510
92752,316,514
92769,319,508
92784,354,502
92800,322,511
92815,392,511
92830,336,518
92847,261,513
92862,342,520
92877,315,511
92893,369,522
92909,282,503
92924,328,511
92940,307,519
92955,312,518
92972,314,520
92987,318,513
93002,318,510
93018,321,516
93033,324,518
93049,330,513
93065,330,509
93080,327,513
93095,330,516
93112,324,514
93127,327,510
93143,331,508
93158,330,513
93174,338,517
93190,338,513
93205,336,513
93220,342,513
93237,342,514
93252,338,517
93267,344,509
93283,339,510
93298,338,514
93315,337,516
93330,340,515
93345,341,508
93361,343,511
93377,341,513
93392,339,513
93408,344,509
93423,336,507
93440,337,512
93455,339,519
93470,337,512
93486,339,510
93502,336,512
93517,336,517
93533,346,516
93548,344,510
93563,334,508
93580,335,512
93595,337,513
93611,339,516
93626,338,510
93642,335,507
93658,336,516
93673,334,516
93688,333,514
93705,336,507
93720,336,512
93735,334,517
93751,330,518
93767,331,507
93783,332,510
93798,326,515
93813,328,516
93829,328,512
93845,327,508
93860,328,514
93876,329,514
93891,329,515
93907,328,509
93923,326,510
93938,325,516
93954,328,513
93970,335,510
93985,312,513
94001,400,502
94016,308,515
94031,323,517
94048,402,498
94063,322,506
94078,290,529
94094,281,526
94110,336,516
94126,305,522
94141,288,518
94156,324,509
94173,292,521
94188,289,516
94203,313,516
94219,261,520
94235,285,523
94251,316,516
94266,302,515
94281,304,516
94297,310,518
94313,312,519
94328,318,509
94344,319,508
94359,324,507
94375,325,509
94391,328,506
94406,332,499
94422,334,502
94438,332,508
94453,338,505
94469,337,504
94484,342,505
94500,337,504
94516,341,517
94531,338,513
94546,341,506
94562,345,514
94578,342,515
94594,340,516
94609,343,514
94624,343,510
94641,343,514
94656,342,519
94671,341,517
94687,342,510
94703,343,515
94718,344,519
94734,342,518
94749,346,515
94766,346,511
94781,344,515
94796,347,516
94812,347,516
94827,344,512
94843,349,513
94859,350,518
94874,345,516
94889,348,512
94906,347,511
94921,346,512
94937,349,514
94952,360,515
94968,339,510
94984,344,513
94999,342,514
95014,341,515
95030,339,515
95046,342,507
95062,340,511
95077,340,515
95092,339,515
95109,342,509
95124,337,509
95139,342,514
95155,342,514
95171,339,509
95186,337,509
95202,336,509
95217,338,515
95234,337,515
95249,345,504
95264,453,499
95280,283,534
95295,336,514
95311,382,518
95327,326,518
95342,317,518
95357,344,521
95374,339,514
95389,317,505
95405,367,509
95420,334,520
95436,287,516
95452,373,519
95467,315,518
95482,320,516
95499,291,520
95514,313,522
95529,314,514
95545,315,513
95560,315,514
95577,320,516
95592,320,514
95607,324,509
95623,324,514
95639,325,516
95654,333,516
95670,344,509
95685,327,507
95702,338,512
95717,342,512
95732,342,513
95748,348,510
95764,342,510
95779,350,516
95795,352,512
95810,347,508
95825,348,508
95842,348,512
95857,344,516
95873,344,511
95888,349,510
95904,346,512
95920,345,514
95935,343,516
95950,338,510
95967,342,508
95982,340,510
95997,335,514
96013,340,515
96028,343,513
96045,338,515
96060,343,524
96075,348,522
96091,346,520
96107,345,515
96122,344,526
96138,345,526
96153,344,535
96169,343,526
96185,340,534
96200,341,536
96216,338,537
96232,341,532
96247,337,530
96263,339,531
96278,333,535
96293,334,528
96310,335,525
96325,331,526
96340,331,523
96356,332,530
96372,336,522
96388,344,519
96403,337,521
96418,331,525
96435,334,523
96450,332,516
96465,327,517
96481,331,519
96497,354,515
96513,317,520
96528,496,508
96543,256,522
96559,337,510
96575,300,531
96590,364,519
96606,277,516
96621,341,517
96637,342,534
96653,300,523
96668,323,514
96684,258,516
96700,316,513
96715,260,520
96731,379,516
96746,280,519
96762,284,521
96778,310,517
96793,294,518
96808,304,508
96824,297,512
96840,306,519
96856,310,514
96871,316,510
96886,316,510
96903,314,510
96918,322,518
96933,332,512
96949,314,507
96965,330,507
96980,322,509
96996,325,513
97011,334,507
97027,326,502
97043,337,507
97058,336,511
97074,342,507
97089,333,504
97105,347,502
97121,338,508
97136,336,507
97152,332,507
97168,334,502
97183,338,503
97199,332,509
97214,333,511
97230,340,497
97246,334,505
97261,341,505
97276,338,509
97292,339,501
97308,338,503
97324,340,504
97339,343,507
97354,344,505
97371,340,504
97386,339,502
97401,339,508
97417,338,508
97433,338,507
97448,336,504
97464,334,507
97479,338,511
97496,335,506
97511,340,504
97526,338,505
97542,335,510
97557,335,509
97573,336,507
97589,335,503
97604,336,506
97619,332,509
97636,338,511
97651,337,506
97667,335,506
97682,337,509
97698,340,512
97714,338,507
97729,338,505
97744,336,506
97761,348,513
97776,325,511
97792,376,496
97807,393,510
97822,358,502
97839,306,522
97854,361,516
97869,375,508
97885,375,513
97901,318,513
97916,300,521
97932,325,525
97947,313,519
97964,356,521
97979,291,509
97994,326,512
98010,352,513
98025,319,513
98041,288,516
98057,314,518
98072,309,515
98087,326,512
98104,315,515
98119,322,516
98135,326,515
98150,322,510
98166,327,512
98182,326,517
98197,327,515
98212,334,514
98229,331,508
98244,338,514
98259,336,517
98275,350,512
98290,338,509
98307,350,508
98322,346,517
98337,349,511
98353,346,510
98369,350,509
98384,348,513
98400,349,516
98415,352,513
98432,347,509
98447,348,509
98462,345,516
98478,348,516
98494,344,510
98509,347,508
98525,347,506
98540,349,507
98555,347,506
98572,347,494
98587,355,494
98603,351,498
98618,345,491
98634,345,491
98650,342,489
98665,341,490
98680,339,492
98697,337,493
98712,340,487
98727,336,488
98743,337,495
98759,337,496
98775,339,495
98790,338,492
98805,339,503
98821,337,506
98837,336,507
98852,334,498
98868,328,502
98883,331,507
98899,327,509
98915,328,505
98930,324,505
98946,329,510
98962,323,513
98977,328,514
98993,324,510
99008,328,507
99023,320,516
99040,326,518
99055,324,511
99070,327,513
99086,323,516
99102,336,520
99118,342,517
99133,335,518
99148,339,505
99165,303,518
99180,373,532
99195,315,512
99211,340,520
99227,318,513
99243,237,532
99258,307,539
99273,278,514
99289,224,527
99305,288,531
99320,360,517
99336,256,527
99351,294,526
99367,297,521
99383,342,523
99398,290,524
99414,307,522
99430,311,519
99445,318,526
99461,322,525
99476,324,518
99492,329,517
99508,330,517
99523,333,519
99538,331,522
99554,342,511
99570,341,513
99586,336,519
99601,339,515
99616,336,518
99633,337,510
99648,336,513
99663,342,514
99679,338,520
99695,338,523
99710,338,519
99726,339,525
99741,333,530
99758,340,525
99773,336,521
99788,335,519
99804,336,522
99819,337,525
99835,337,517
99851,339,517
99866,335,519
99881,334,525
99898,338,521
99913,342,516
99929,342,513
99944,340,518
99960,341,519
99976,341,517
99991,342,512
100006,341,514
100024,342,515
100040,343,516
100057,351,513
100073,344,516
100090,339,516
100107,337,521
100123,341,527
100140,340,525
100157,340,520
100173,339,520
100190,344,517
100206,339,520
100224,340,520
100240,338,517
100256,343,518
100273,346,515
100290,340,511
100306,346,514
100323,352,517
100339,378,507
100357,344,506
100373,345,501
100389,313,511
100406,308,509
100423,312,517
100440,330,526
100456,275,518
100472,327,517
100490,290,526
100506,334,520
100523,314,521
100539,289,518
100556,303,518
100573,305,512
100589,321,511
100605,317,514
100623,321,518
100639,324,520
100656,327,515
100672,332,517
100689,331,518
100706,334,518
100722,335,524
100739,335,520
100756,344,516
100772,338,511
100789,344,512
100805,360,514
100823,348,513
100839,350,513
100855,349,507
100872,346,504
100889,351,506
100905,344,511
100922,349,514
100938,344,512
100956,347,505
100972,345,507
100988,346,509
101005,350,514
101022,348,512
101039,352,510
101055,348,507
101071,349,503
101089,350,508
101105,346,512
101122,345,512
101138,348,510
101155,346,505
101172,351,504
101188,345,503
101204,346,502
101222,344,502
101238,343,496
101255,343,490
101271,336,486
101288,339,488
101305,336,489
101321,337,489
101338,339,486
101355,336,483
101371,337,483
101388,337,488
101404,340,491
101422,336,494
101438,338,492
101454,333,489
101471,338,487
101488,361,483
101505,344,508
101521,320,491
101537,328,510
101555,370,508
101571,301,504
101587,299,493
101604,339,512
101621,264,523
101638,333,502
101654,312,511
101670,261,512
101688,287,503
101704,313,513
101721,264,522
101737,324,510
101754,310,508
101771,319,512
101787,324,512
101804,327,512
101821,312,516
101837,323,514
101854,320,509
101870,323,512
101888,329,516
101904,327,516
101920,333,517
101937,336,511
101954,332,509
101970,334,511
101987,339,515
102003,336,516
102021,338,513
102037,342,513
102053,349,510
102070,347,515
102087,344,516
102104,351,517
102120,347,517
102136,347,511
102154,347,511
102170,347,512
102187,342,516
102203,347,519
102220,349,517
102237,340,512
102253,346,514
102269,353,513
102287,341,516
102303,344,519
102320,340,518
102336,344,515
102353,346,515
102370,346,515
102386,344,516
102403,341,520
102420,346,516
102436,349,513
102453,351,508
102469,347,516
102487,348,512
102503,344,518
102519,343,515
102536,342,514
102553,338,509
102569,342,515
102586,335,517
102602,335,518
102620,333,511
102636,344,511
102652,349,510
102669,367,512
102686,370,500
102703,362,501
102719,264,530
102735,410,503
102753,303,515
102769,280,510
102786,311,527
102802,365,525
102819,346,514
102836,247,520
102852,410,519
102868,270,522
102886,299,520
102902,335,524
102919,372,521
102935,332,510
102952,292,521
102969,315,524
102985,314,527
103002,330,522
103019,329,520
103035,323,512
103052,325,517
103068,330,520
103086,333,519
103102,334,517
103118,330,513
103135,338,510
103152,337,513
103169,339,512
103185,347,517
103201,346,515
103219,348,510
103235,346,512
103251,348,509
103268,343,512
103285,342,518
103302,339,511
103318,342,514
103334,340,509
103352,340,513
103368,343,514
103385,338,515
103401,346,511
103418,343,514
103435,344,512
103451,346,517
103468,342,518
103485,347,521
103501,346,518
103518,348,515
103534,351,515
103552,341,517
103568,347,521
103584,344,521
103601,346,520
103618,344,520
103634,346,518
103651,337,516
103667,344,521
103685,340,521
103701,343,518
103717,348,514
103734,347,512
103751,339,517
103768,339,518
103784,336,523
103800,337,512
103818,341,516
103834,332,513
103851,333,514
103867,337,516
103884,339,516
103901,326,514
103917,400,506
103933,371,506
103951,330,508
103967,270,520
103984,367,516
104000,391,523
104017,298,509
104034,296,509
104050,334,523
104067,366,536
104084,255,528
104100,386,513
104117,353,525
104133,243,523
104151,320,523
104167,303,519
104183,296,528
104200,281,520
104217,282,514
104233,307,519
104250,330,518
104266,291,516
104284,312,515
104300,307,506
104316,325,497
104333,317,499
104350,327,499
104367,336,500
104383,330,497
104399,347,491
104417,348,491
104433,345,495
104450,360,500
104466,345,504
104483,362,501
104500,371,498
104516,361,498
104532,363,500
104550,347,504
104566,352,505
104583,341,502
104599,346,502
104616,347,501
104633,346,501
104649,333,503
104666,352,509
104683,348,504
104699,333,503
104716,346,506
104732,339,509
104750,322,520
104766,349,525
104782,331,524
104799,330,526
104816,348,526
104833,331,531
104849,348,536
104865,328,534
104883,346,533
104899,340,522
104915,349,526
104932,330,524
104949,340,524
104966,343,528
104982,338,526
104998,343,519
105016,343,519
105032,339,522
105049,338,525
105065,334,522
105082,334,522
105099,329,516
105115,334,516
105132,333,519
105149,339,519
105165,336,522
105182,328,518
105198,333,514
105216,335,505
105232,336,514
105248,361,512
105265,346,517
105282,373,528
105298,287,517
105315,326,519
105331,330,509
105349,237,523
105365,318,524
105381,367,510
105398,325,506
105415,303,525
105432,313,516
105448,300,524
105464,355,518
105482,302,521
105498,305,514
105515,310,513
105531,318,512
105548,314,519
105565,316,511
105581,321,511
105597,319,505
105615,313,504
105631,314,504
105648,312,505
105664,329,502
105681,295,501
105698,297,503
105714,285,500
105731,296,506
105748,300,506
105764,296,506
105781,310,505
105797,311,500
105815,317,503
105831,328,508
105847,318,507
105864,320,508
105881,320,512
105897,322,508
105914,324,514
105930,331,519
105948,334,521
105964,335,518
105980,346,517
105997,345,520
106014,356,513
106031,349,521
106047,352,516
106063,356,518
106081,357,510
106097,357,515
106114,356,512
106130,356,519
106147,360,518
106164,358,516
106180,358,510
106196,357,509
106214,356,516
106230,353,515
106247,352,518
106263,355,516
106280,355,511
106297,348,514
106313,347,512
106330,349,515
106347,347,517
106363,342,512
106380,345,510
106396,347,510
106414,346,514
106430,339,516
106446,336,512
106463,340,511
106480,337,508
106497,354,506
106513,324,514
106529,397,504
106547,343,523
106563,354,508
106579,279,524
106596,323,504
106613,289,519
106630,369,512
106646,338,518
106662,306,519
106680,326,507
106696,342,520
106713,326,508
106729,340,521
106746,307,523
106763,357,504
106779,317,514
106796,348,508
106813,299,516
106829,315,521
106846,320,516
106862,314,512
106880,323,512
106896,325,510
106912,320,514
106929,320,513
106946,324,507
106962,327,501
106979,327,498
106995,326,494
107013,330,495
107029,328,492
107045,326,489
107062,335,483
107079,327,483
107096,333,485
107112,329,490
107128,333,492
107146,329,492
107162,334,492
107179,330,493
107195,334,493
107212,332,496
107229,332,500
107245,334,500
107261,335,497
107279,330,500
107295,338,504
107312,333,505
107328,329,507
107345,332,508
107362,330,501
107378,333,502
107395,332,504
107412,330,512
107428,336,510
107445,333,513
107461,334,507
107479,332,506
107495,336,509
107511,338,510
107528,334,514
107545,333,514
107561,333,506
107578,334,506
107594,333,509
107612,333,508
107628,333,510
107644,336,510
107661,330,505
107678,331,508
107695,332,508
107711,326,512
107727,333,518
107745,335,515
107761,332,512
107778,334,510
107794,331,515
107811,334,514
107828,331,518
107844,334,512
107860,329,514
107878,334,516
107894,334,522
107911,332,526
107927,330,520
107944,350,518
107961,428,526
107977,340,528
107994,360,521
108011,270,521
108027,300,530
108044,311,528
108060,302,522
108078,336,524
108094,337,534
108110,303,524
108127,307,527
108144,314,523
108161,318,516
108177,315,524
108193,316,525
108211,319,527
108227,321,524
108243,322,516
108260,326,516
108277,325,516
108294,332,520
108310,331,518
108326,336,519
108344,338,516
108360,332,509
108377,338,515
108393,338,517
108410,335,515
108427,338,518
108443,342,511
108460,343,509
108477,340,516
108493,339,515
108510,339,516
108526,341,520
108544,347,510
108560,341,511
108576,343,510
108593,338,516
108610,344,516
108626,340,514
108643,341,512
108659,342,508
108677,335,514
108693,338,514
108709,346,515
108726,343,511
108743,345,510
108760,345,510
108776,347,513
108792,346,515
108810,348,514
108826,344,512
108843,341,515
108859,346,514
108876,355,518
108893,344,518
108909,346,519
108925,345,514
108943,345,515
108959,343,513
108976,348,513
108992,340,515
109009,339,515
109026,340,514
109042,342,513
109059,341,509
109076,342,516
109092,340,519
109109,340,520
109125,339,510
109143,342,509
109159,335,512
109175,338,511
109192,344,519
109209,419,503
109225,274,525
109242,337,507
109258,322,510
109276,370,527
109292,320,523
109308,296,538
109325,339,512
109342,326,529
109359,382,513
109375,326,531
109391,329,515
109409,281,517
109425,325,525
109442,297,516
109458,321,518
109475,322,525
109492,320,528
109508,325,528
109524,325,523
109542,337,523
109558,332,517
109575,337,522
109591,343,520
109608,333,519
109625,345,516
109641,345,513
109658,342,515
109675,340,520
109691,344,518
109708,350,514
109724,349,509
109742,360,507
109758,355,510
109774,358,513
109791,345,509
109808,358,508
109825,341,505
109841,359,506
109857,354,510
109875,361,512
109891,345,515
109907,337,514
109924,340,508
109941,333,509
109958,325,509
109974,329,509
109990,350,511
110008,338,507
110024,323,506
110041,330,508
110057,335,507
110074,355,510
110091,351,511
110107,330,509
110124,336,503
110141,347,507
110157,337,508
110174,341,509
110190,334,508
110208,343,510
110224,339,507
110240,338,507
110257,337,508
110274,335,512
110290,337,513
110307,333,508
110323,336,505
110341,333,509
110357,344,510
110373,345,513
110390,336,516
110407,331,504
110424,333,505
110440,341,511
110456,338,515
110474,335,522
110490,360,518
110507,321,521
110523,386,520
110540,381,503
110557,336,522
110573,392,542
110589,403,523
110607,312,503
110623,264,525
110640,347,518
110656,303,520
110673,388,528
110690,273,529
110706,344,512
110723,296,521
110740,314,528
110756,309,522
110773,336,523
110789,305,520
110807,324,513
110823,324,511
110839,326,513
110856,330,518
110873,326,520
110889,331,513
110906,332,513
110922,332,510
110940,330,510
110956,334,515
110972,336,512
110989,334,512
111006,336,508
111023,335,510
111039,335,509
111055,342,515
111073,344,515
111089,332,513
111106,337,505
111122,334,509
111139,332,506
111156,333,514
111172,328,513
111188,331,508
111206,330,509
111222,333,508
111239,330,509
111255,326,513
111272,328,513
111289,334,511
111305,331,503
111322,332,507
111339,329,506
111355,326,515
111372,327,512
111388,330,511
111406,326,506
111422,331,510
111438,328,509
111455,330,512
111472,326,510
111489,329,509
111505,326,506
111521,326,510
111539,324,513
111555,326,513
111571,327,513
111588,328,509
111605,326,504
111622,329,510
111638,325,508
111654,326,513
111672,326,510
111688,329,507
111705,323,506
111721,331,508
111738,325,512
111755,338,511
111771,326,511
111788,329,508
111805,325,507
111821,327,509
111838,327,511
111854,344,509
111872,361,507
111888,283,521
111904,273,517
111921,349,517
111938,291,504
111954,373,522
111971,308,540
111987,333,525
112005,337,500
112021,356,525
112037,318,512
112054,290,527
112071,336,516
112088,320,510
112104,271,508
112120,333,510
112138,279,516
112154,309,519
112171,316,515
112187,322,512
112204,323,511
112221,322,513
112237,325,514
112253,323,516
112271,330,512
112287,332,510
112304,331,508
112320,336,514
112337,334,512
112354,337,514
112370,338,512
112387,336,512
112404,339,508
112420,338,514
112437,341,516
112453,342,517
112471,340,513
112487,351,510
112503,346,512
112520,338,517
112537,342,517
112553,342,518
112570,340,511
112586,342,510
112604,338,511
112620,337,517
112636,339,519
112653,342,519
112670,341,514
112687,344,514
112703,343,513
112719,345,512
112737,349,517
112753,343,516
112770,344,507
112786,343,511
112803,342,510
112820,340,514
112836,342,514
112852,341,516
112870,340,508
112886,342,509
112903,339,507
112919,340,515
112936,341,511
112953,340,517
112969,341,512
112986,342,506
113003,340,511
113019,341,510
113036,341,514
113052,339,512
113070,342,512
113086,345,506
113102,374,507
113119,355,501
113136,391,522
113153,299,530
113169,325,522
113185,372,518
113203,421,508
113219,334,523
113235,326,517
113252,328,515
113269,315,511
113286,328,515
113302,295,513
113318,317,521
113336,309,522
113352,395,511
113369,314,512
113385,321,510
113402,323,513
113419,329,514
113435,329,520
113452,332,511
113469,332,512
113485,334,512
113502,335,514
113518,331,515
113536,332,515
113552,340,515
113568,336,510
113585,337,512
113602,340,515
113618,339,518
113635,340,518
113651,340,513
113669,340,513
113685,341,512
113701,338,514
113718,342,518
113735,340,516
113752,343,517
113768,341,510
113784,341,510
113802,336,510
113818,343,513
113835,340,508
113851,339,499
113868,336,498
113885,334,497
113901,333,498
113917,333,496
113935,331,494
113951,332,490
113968,336,487
113984,344,490
114001,337,494
114018,332,495
114034,333,497
114051,337,494
114068,338,490
114084,336,493
114101,335,500
114117,337,501
114135,334,503
114151,339,499
114167,333,501
114184,338,499
114201,335,503
114217,337,508
114234,337,509
114250,334,504
114268,338,504
114284,332,505
114300,336,510
114317,334,513
114334,333,510
114351,334,509
114367,333,510
114383,333,511
114401,336,512
114417,336,518
114434,334,516
114450,338,513
114467,331,507
114484,332,515
114500,328,517
114516,354,509
114534,316,510
114550,329,515
114567,291,529
114583,320,518
114600,263,526
114617,332,531
114633,367,521
114650,281,514
114667,305,511
114683,386,516
114700,291,525
114716,336,524
114734,315,526
114750,343,519
114766,312,517
114783,319,520
114800,319,521
114817,328,525
114833,340,518
114849,328,515
114867,330,516
114883,330,519
114899,333,521
114916,333,518
114933,335,516
114950,335,514
114966,337,513
114982,337,520
115000,338,516
115016,338,523
115033,342,514
115049,341,515
115066,346,512
115083,344,518
115099,338,524
115116,340,515
115133,337,517
115149,339,511
115166,337,518
115182,333,515
115200,333,521
115216,337,517
115232,336,516
115249,335,512
115266,335,515
115282,334,519
115299,333,521
115315,333,520
115333,334,512
115349,335,512
115365,333,512
115382,334,517
115399,334,518
115416,334,512
115432,336,510
115448,335,512
115466,335,511
115482,334,515
115499,334,516
115515,333,516
115532,333,511
115549,331,511
115565,332,508
115581,331,518
115599,334,517
115615,333,514
115632,333,512
115648,342,507
115665,333,513
115682,329,512
115698,332,516
115715,331,511
115732,332,508
115748,330,508
115765,334,508
115781,328,514
115799,333,516
115815,333,518
115831,334,519
115848,333,520
115865,334,527
115881,335,528
115898,333,536
115914,332,529
115932,338,530
115948,336,532
115964,331,532
115981,382,536
115998,325,532
116015,388,541
116031,290,534
116047,419,531
116065,344,538
116081,269,533
116098,379,522
116114,324,524
116131,312,528
116148,351,522
116164,309,530
116180,315,530
116198,317,527
116214,320,524
116231,323,518
116247,324,518
116264,323,521
116281,326,523
116297,330,521
116314,330,516
116331,329,515
116347,335,512
116364,335,517
116380,339,517
116398,335,515
116414,339,510
116430,344,509
116447,346,513
116464,346,515
116481,336,516
116497,338,513
116513,340,512
116531,340,508
116547,338,507
116563,344,514
116580,333,513
116597,335,510
116614,337,509
116630,339,506
116646,334,510
116664,343,510
116680,340,514
116697,343,509
116713,339,505
116730,337,501
116747,347,500
116763,334,503
116780,342,500
116797,334,496
116813,337,489
116830,338,486
116846,345,487
116864,325,487
116880,335,487
116896,334,483
116913,332,478
116930,335,479
116946,337,482
116963,334,488
116979,335,490
116997,339,488
117013,340,484
117029,337,487
117046,338,490
117063,334,496
117080,344,495
117096,335,498
117112,336,495
117130,330,494
117146,337,499
117163,377,495
117179,328,503
117196,328,498
117213,384,501
117229,335,503
117245,349,501
117263,367,516
117279,290,501
117296,375,508
117312,325,498
117329,397,515
117346,297,518
117362,330,516
117379,347,508
117396,312,512
117412,327,509
117429,344,515
117445,320,510
117463,335,526
117479,300,517
117495,326,517
117512,327,510
117529,319,515
117545,326,518
117562,328,520
117578,329,515
117596,324,514
117612,334,515
117628,331,514
117645,330,518
117662,333,521
117679,331,518
117695,331,516
117711,336,513
117729,336,515
117745,345,517
117762,336,518
117778,335,518
117795,340,518
117812,336,511
117828,336,516
117844,335,516
117862,339,521
117878,336,516
117895,336,512
117911,340,514
117928,336,517
117945,335,519
117961,332,522
117978,331,521
117995,331,518
118011,329,522
118028,326,528
118044,324,530
118062,336,528
118078,333,529
118094,330,521
118111,328,524
118128,331,523
118145,331,527
118161,334,525
118177,332,523
118195,339,518
118211,333,517
118227,338,520
118244,335,523
118261,334,524
118278,334,526
118294,338,524
118310,333,526
118328,329,530
118344,330,530
118361,327,528
118377,327,526
118394,324,519
118411,325,520
118427,321,524
118444,321,524
118461,325,526
118477,326,517
118494,323,515
118510,323,517
118528,326,518
118544,341,511
118560,344,522
118577,383,500
118594,285,503
118610,391,505
118627,297,508
118643,271,507
118661,306,506
118677,320,505
118693,344,483
118710,322,494
118727,270,508
118744,331,508
118760,315,498
118776,317,496
118794,309,501
118810,304,504
118827,318,509
118843,329,510
118860,306,508
118877,319,503
118893,322,501
118909,324,502
118927,325,505
118943,328,505
118960,325,504
118976,331,498
118993,329,503
119010,333,503
119026,336,506
119043,339,507
119060,340,506
119076,340,502
119093,335,505
119109,337,509
119127,333,509
119143,333,518
119159,335,520
119176,338,519
119193,332,518
119209,332,518
119226,332,522
119242,326,524
119260,327,521
119276,333,516
119292,329,517
119309,329,518
119326,326,524
119343,314,521
119359,332,521
119375,332,516
119393,328,516
119409,331,520
119426,338,522
119442,331,523
119459,345,519
119476,338,516
119492,337,516
119508,341,519
119526,338,521
119542,341,523
119559,342,526
119575,347,524
119592,352,526
119609,369,530
119625,350,534
119642,352,534
119659,352,527
119675,351,525
119692,348,526
119708,348,526
119726,347,527
119742,350,525
119758,347,519
119775,346,516
119792,344,519
119809,345,520
119825,342,524
119841,345,519
119859,342,518
119875,340,511
119891,337,514
119908,335,517
119925,336,519
119942,335,516
119958,339,517
119974,355,499
119992,348,509
120008,429,512
120025,387,518
120041,306,496
120058,313,512
120075,335,499
120091,363,481
120108,287,497
120125,307,493
120141,309,496
120158,313,491
120174,325,492
120192,342,501
120208,308,503
120224,313,500
120241,320,500
120258,325,496
120274,323,495
120291,324,496
120307,326,503
120325,327,503
120341,326,500
120357,329,496
120374,331,496
120391,331,500
120408,340,504
120424,344,503
120440,332,501
120458,337,498
120474,334,502
120491,333,505
120507,336,507
120524,335,509
120541,336,508
120557,336,504
120573,339,505
120591,338,510
120607,342,513
120624,339,514
120640,340,509
120657,338,508
120674,338,508
120690,336,513
120707,334,514
120724,332,516
120740,334,512
120757,338,507
120773,336,511
120791,336,516
120807,338,516
120823,337,517
120840,334,514
120857,336,509
120873,338,513
120890,331,512
120906,336,515
120924,335,515
120940,339,514
120956,340,512
120973,337,509
120990,340,513
121007,341,518
121023,333,517
121039,341,513
121057,341,512
121073,338,512
121090,336,514
121106,339,518
121123,340,518
121140,338,514
121156,346,513
121172,349,513
121190,336,514
121206,339,519
121223,337,512
121239,337,510
121256,339,508
121273,338,514
121289,339,516
121306,336,516
121323,335,516
121339,341,510
121356,337,508
121372,337,515
121390,355,511
121406,403,518
121422,379,517
121439,318,513
121456,304,518
121473,399,504
121489,342,522
121505,306,529
121523,360,519
121539,311,518
121555,316,532
121572,349,515
121589,348,520
121606,353,532
121622,310,521
121638,315,515
121656,291,522
121672,306,518
121689,324,518
121705,310,522
121722,322,517
121739,323,512
121755,327,513
121772,326,516
121789,330,518
121805,333,517
121822,330,514
121838,332,511
121856,337,509
121872,337,514
121888,334,517
121905,342,516
121922,347,513
121938,347,509
121955,343,509
121971,343,516
121989,340,516
122005,339,517
122021,345,511
122038,335,515
122055,342,515
122072,341,516
122088,341,518
122104,338,515
122122,338,515
122138,340,513
122155,342,514
122171,338,518
122188,336,520
122205,335,517
122221,334,514
122237,329,512
122255,333,513
122271,340,517
122288,328,520
122304,335,519
122321,331,512
122338,336,512
122354,330,511
122371,334,516
122388,330,513
122404,332,515
122421,329,512
122437,329,513
122455,327,515
122471,327,513
122487,330,517
122504,324,513
122521,329,510
122537,327,510
122554,324,510
122570,326,515
122588,325,516
122604,326,513
122620,321,512
122637,325,508
122654,323,510
122671,329,515
122687,336,512
122703,323,511
122721,329,504
122737,327,499
122754,331,504
122770,322,510
122787,332,506
122804,356,491
122820,341,503
122836,350,504
122854,329,510
122870,285,513
122887,331,523
122903,300,510
122920,362,525
122937,383,513
122953,294,514
122970,319,521
122987,334,524
123003,282,524
123020,340,512
123036,348,509
123054,302,516
123070,386,512
123086,296,528
123103,325,515
123120,300,514
123137,318,514
123153,308,516
123169,297,520
123187,311,518
123203,316,512
123219,324,508
123236,322,512
123253,319,516
123270,335,517
123286,324,514
123302,328,513
123320,325,508
123336,325,511
123353,327,514
123369,329,517
123386,325,515
123403,336,511
123419,330,509
123436,338,509
123453,360,511
123469,354,514
123486,354,513
123502,350,509
123520,351,507
123536,352,512
123552,353,511
123569,350,519
123586,348,515
123602,351,508
123619,352,511
123635,354,509
123653,356,513
123669,348,515
123685,352,517
123702,347,512
123719,348,513
123736,347,512
123752,344,514
123768,346,515
123786,346,512
123802,344,512
123819,344,507
123835,340,509
123852,343,513
123869,341,516
123885,342,511
123901,343,510
123919,339,509
123935,342,515
123952,330,509
123968,342,515
123985,338,509
124002,339,506
124018,342,510
124035,348,509
124052,343,514
124068,339,514
124085,330,507
124101,348,509
124119,338,512
124135,367,507
124151,291,513
124168,330,512
124185,394,509
124201,315,510
124218,287,518
124234,333,504
124252,289,523
124268,320,525
124284,312,497
124301,325,512
124318,322,510
124335,322,510
124351,334,514
124367,334,515
124385,339,511
124401,336,508
124418,327,511
124434,338,513
124451,338,516
124468,336,515
124484,351,510
124500,342,507
124518,339,508
124534,341,513
124551,347,514
124567,351,513
124584,350,510
124601,352,509
124617,339,510
124634,357,515
124651,347,513
124667,337,512
124684,347,510
124700,335,510
124718,346,509
124734,337,511
124750,343,515
124767,330,513
124784,340,506
124801,333,508
124817,335,512
124833,340,511
124851,336,517
124867,334,514
124883,347,508
124900,337,509
124917,342,512
124934,330,514
124950,336,514
124966,333,509
124984,332,513
125000,331,507
125017,333,511
125033,333,518
125050,328,518
125067,330,513
125083,329,509
125100,330,511
125117,330,512
125133,330,516
125150,326,517
125166,329,514
125184,326,508
125200,330,509
125216,327,512
125233,332,513
125250,332,516
125266,333,513
125283,335,509
125299,331,512
125317,330,512
125333,340,513
125349,335,514
125366,340,511
125383,339,509
125400,341,513
125416,334,513
125432,345,516
125450,342,518
125466,344,513
125483,339,509
125499,344,509
125516,344,511
125533,342,515
125549,344,519
125565,345,510
125583,354,510
125599,341,510
125616,344,515
125632,345,518
125649,336,510
125666,347,509
125682,410,502
125699,366,516
125716,345,509
125732,341,525
125749,303,529
125765,397,513
125783,315,506
125799,360,525
125815,330,521
125832,329,524
125849,327,510
125865,318,516
125882,321,513
125898,334,516
125916,312,523
125932,316,519
125948,323,521
125965,323,513
125982,324,511
125999,325,515
126015,328,518
126031,325,518
126049,332,516
126065,333,514
126082,336,508
126098,333,515
126115,331,519
126132,330,518
126148,337,516
126164,333,510
126182,334,510
126198,334,513
126215,336,513
126231,337,520
126248,334,513
126265,343,512
126281,342,509
126298,330,513
126315,333,515
126331,331,517
126348,333,513
126364,330,511
126382,331,511
126398,328,510
126414,329,520
126431,326,512
126448,329,513
126465,337,506
126481,331,511
126497,331,513
126515,339,516
126531,328,513
126547,328,512
126564,333,512
126581,343,510
126598,326,511
126614,332,516
126630,332,514
126648,334,509
126664,332,513
126681,330,506
126697,332,513
126714,334,515
126731,330,511
126747,332,510
126764,330,512
126781,330,507
126797,329,515
126814,332,515
126830,334,515
126848,336,509
126864,332,510
126880,335,510
126897,332,515
126914,328,516
126930,333,517
126947,333,512
126963,329,511
126981,340,513
126997,345,509
127013,344,516
127030,380,501
127047,266,518
127064,317,513
127080,281,531
127096,332,534
127114,350,527
127130,300,535
127147,345,537
127163,353,533
127180,347,527
127197,264,553
127213,355,544
127229,319,546
127247,333,536
127263,301,537
127280,317,534
127296,315,536
127313,313,538
127330,315,528
127346,320,525
127363,320,527
127380,322,524
127396,322,526
127413,324,526
127429,322,522
127447,325,518
127463,329,516
127479,327,519
127496,330,522
127513,330,522
127529,330,519
127546,335,513
127562,334,515
127580,331,518
127596,334,518
127612,336,518
127629,332,515
127646,334,513
127663,338,512
127679,330,513
127695,330,511
127713,333,506
127729,326,498
127746,329,494
127762,335,494
127779,334,492
127796,326,492
127812,327,491
127828,331,487
127846,328,484
127862,331,487
127879,331,492
127895,330,492
127912,333,494
127929,332,492
127945,337,489
127962,338,492
127979,337,496
127995,339,499
128012,339,497
128028,339,495
128046,334,496
128062,335,495
128078,337,501
128095,335,500
128112,334,500
128129,336,497
128145,335,498
128161,337,503
128179,336,505
128195,338,509
128211,339,506
128228,340,503
128245,336,504
128262,337,505
128278,337,509
128294,343,512
128312,338,510
128328,336,506
128345,336,505
128361,337,511
128378,339,514
128395,337,514
128411,339,508
128428,338,507
128445,337,508
128461,336,509
128478,338,514
128494,338,515
128512,340,512
128528,337,511
128544,344,509
128561,355,517
128578,387,500
128594,333,526
128611,331,516
128627,332,503
128645,401,524
128661,300,520
128677,345,530
128694,317,523
128711,308,516
128728,317,514
128744,333,520
128760,367,522
128778,354,517
128794,281,522
128811,327,519
128827,322,514
128844,323,514
128861,326,519
128877,326,517
128893,331,518
128911,332,514
128927,333,508
128944,330,513
128960,332,518
128977,332,517
128994,335,516
129010,337,511
129027,340,509
129044,345,512
129060,339,510
129077,342,516
129093,347,516
129111,345,511
129127,345,510
129143,343,512
129160,345,515
129177,343,521
129193,347,515
129210,345,512
129226,341,512
129244,345,512
129260,339,517
129276,341,516
129293,341,517
129310,342,513
129327,339,510
129343,340,513
129359,344,517
129377,351,517
129393,345,514
129410,344,508
129426,344,511
129443,346,509
129460,343,516
129476,343,515
129492,345,513
129510,344,510
129526,347,510
129543,342,510
129559,346,515
129576,345,513
129593,346,508
129609,346,508
129626,346,508
129643,342,509
129659,339,515
129676,339,515
129692,337,513
129710,339,509
129726,335,510
129742,337,511
129759,333,516
129776,335,518
129793,335,512
129809,332,512
129825,337,514
129843,334,515
129859,330,515
129875,331,519
129892,338,512
129909,334,509
129926,340,497
129942,337,518
129958,359,522
129976,384,518
129992,282,503
130009,332,513
130025,333,515
130042,269,522
130059,284,517
130075,331,521
130092,275,514
130109,320,513
130125,276,514
130142,331,523
130158,354,516
130176,313,523
130192,306,508
130208,302,525
130225,310,526
130242,294,523
130258,313,525
130275,312,518
130291,315,518
130309,318,510
130325,320,515
130341,321,516
130358,323,519
130375,321,517
130392,328,513
130408,324,509
130424,325,513
130442,322,515
130458,322,516
130475,328,514
130491,329,511
130508,333,508
130525,332,510
130541,329,518
130557,330,512
130575,335,510
130591,333,505
130608,335,508
130624,336,512
130641,333,511
130658,336,514
130674,332,513
130691,331,514
130708,331,517
130724,332,520
130741,333,520
130757,333,522
130775,334,518
130791,334,515
130807,332,515
130824,334,517
130841,335,521
130857,334,516
130874,338,517
130890,344,509
130908,341,511
130924,335,513
130940,334,513
130957,335,509
130974,334,503
130991,334,501
131007,330,504
131023,334,506
131041,334,510
131057,329,509
131074,334,504
131090,337,502
131107,337,507
131124,336,505
131140,338,510
131156,331,509
131174,334,506
131190,331,506
131207,331,505
131223,329,509
131240,329,512
131257,331,508
131273,341,507
131290,362,505
131307,353,498
131323,306,518
131340,300,509
131356,353,522
131374,368,506
131390,347,506
131406,327,502
131423,314,526
131440,333,511
131457,304,511
131473,312,518
131489,308,498
131507,337,506
131523,390,503
131539,323,524
131556,303,515
131573,320,511
131590,320,510
131606,325,513
131622,323,514
131640,335,518
131656,338,510
131673,329,509
131689,331,509
131706,334,508
131723,333,512
131739,334,513
131756,336,511
131773,337,507
131789,340,511
131806,341,513
131822,344,516
131840,345,515
131856,347,512
131872,347,512
131889,349,510
131906,341,515
131922,342,518
131939,336,516
131955,340,515
131973,341,509
131989,338,511
132005,337,512
132022,333,518
132039,336,517
132056,336,511
132072,340,508
132088,337,509
132106,337,518
132122,334,518
132139,338,515
132155,342,513
132172,336,512
132189,336,509
132205,344,514
132221,336,519
132239,337,513
132255,336,515
132272,337,509
132288,338,514
132305,337,513
132322,338,515
132338,334,512
132355,336,510
132372,347,507
132388,340,508
132405,334,512
132421,336,516
132439,336,514
132455,334,512
132471,337,509
132488,335,512
132505,333,514
132521,335,515
132538,335,511
132554,334,507
132572,334,507
132588,336,509
132604,330,514
132621,332,513
132638,331,512
132655,331,508
132671,325,509
132687,321,509
132705,324,515
132721,334,517
132738,332,511
132754,392,512
132771,343,516
132788,343,502
132804,270,512
132820,314,519
132838,416,522
132854,266,495
132871,318,523
132887,304,513
132904,289,520
132921,281,521
132937,305,522
132954,315,519
132971,313,514
132987,309,515
133004,314,519
133020,317,516
133038,320,511
133054,322,512
133070,322,508
133087,329,512
133104,337,512
133121,325,514
133137,330,510
133153,330,510
133171,330,509
133187,334,515
133203,336,515
133220,337,516
133237,336,513
133254,336,510
133270,338,509
133286,340,516
133304,338,516
133320,340,514
133337,339,511
133353,339,509
133370,337,510
133387,334,515
133403,332,520
133420,334,514
133437,330,510
133453,336,514
133470,336,512
133486,335,515
133504,337,516
133520,336,514
133536,339,513
133553,335,509
133570,339,513
133586,336,513
133603,338,519
133619,340,508
133637,340,510
133653,341,509
133669,339,509
133686,343,515
133703,340,514
133720,341,514
133736,338,506
133752,342,509
133770,342,509
133786,338,512
133803,341,518
133819,346,509
133836,350,512
133853,341,509
133869,339,510
133885,340,513
133903,338,512
133919,340,512
133936,339,508
133952,339,507
133969,337,509
133986,341,513
134002,342,514
134019,338,509
134036,345,507
134052,344,508
134069,351,503
134085,372,511
134103,351,522
134119,336,510
134135,289,501
134152,390,509
134169,295,530
134185,316,512
134202,346,512
134218,299,512
134236,297,514
134252,366,528
134268,344,516
134285,318,528
134302,305,520
134319,313,518
134335,323,514
134351,326,516
134369,327,516
134385,329,519
134402,328,517
134418,332,512
134435,332,510
134452,333,514
134468,333,515
134484,335,517
134502,334,516
134518,337,511
134535,338,512
134551,337,512
134568,344,515
134585,342,514
134601,350,512
134618,353,507
134635,341,507
134651,345,511
134668,343,514
134684,346,514
134702,343,514
134718,341,509
134734,342,509
134751,341,511
134768,338,514
134785,342,515
134801,341,514
134817,339,509
134835,339,510
134851,338,510
134867,338,514
134884,336,519
134901,335,514
134918,337,512
134934,337,512
134950,337,513
134968,339,517
134984,335,516
135001,340,513
135017,341,508
135034,343,512
135051,343,513
135067,342,516
135084,343,514
135101,343,514
135117,343,510
135134,342,508
135150,342,513
135168,340,517
135184,341,517
135200,340,512
135217,336,507
135234,340,508
135250,335,514
135267,334,514
135283,336,514
135301,334,512
135317,339,510
135333,343,510
135350,335,515
135367,332,517
135384,335,515
135400,332,513
135416,333,509
135434,334,510
135450,406,516
135467,404,509
135483,308,521
135500,374,526
135517,369,507
135533,271,516
135549,363,531
135567,286,514
135583,319,518
135600,282,527
135616,310,520
135633,327,515
135650,311,521
135666,313,523
135683,316,519
135700,318,517
135716,320,516
135733,318,516
135749,321,518
135767,326,517
135783,324,514
135799,325,511
135816,328,509
135833,327,513
135849,326,514
135866,330,517
135882,329,513
135900,327,512
135916,334,508
135932,332,512
135949,328,513
135966,329,514
135983,330,516
135999,332,507
136015,334,510
136033,335,511
136049,329,516
136066,342,515
136082,329,513
136099,328,510
136116,325,511
136132,322,513
136148,323,516
136166,321,514
136182,325,515
136199,323,510
136215,326,509
136232,325,514
136249,328,513
136265,329,514
136282,329,510
136299,331,510
136315,333,508
136332,327,513
136348,328,516
136366,330,516
136382,333,513
136398,334,511
136415,335,513
136432,335,515
136449,339,518
136465,336,517
136481,339,511
136499,339,508
136515,334,507
136531,337,513
136548,338,516
136565,335,516
136582,341,510
136598,336,507
136614,335,509
136632,336,509
136648,334,510
136665,336,511
136681,334,505
136698,332,506
136715,331,507
136731,334,511
136748,331,511
136765,335,512
136781,329,507
136798,330,497
136814,376,500
136832,368,498
136848,368,521
136864,326,515
136881,370,507
136898,280,518
136914,328,518
136931,329,522
136947,310,521
136965,316,519
136981,335,513
136997,327,508
137014,284,522
137031,341,519
137048,309,522
137064,323,518
137080,322,513
137098,320,512
137114,323,513
137131,322,515
137147,325,512
137164,329,514
137181,330,510
137197,329,506
137213,334,508
137231,335,515
137247,334,514
137264,335,510
137280,336,509
137297,335,508
137314,331,513
137330,338,516
137347,336,515
137364,335,513
137380,337,507
137397,338,510
137413,339,511
137431,339,516
137447,337,516
137463,339,514
137480,336,510
137497,333,511
137513,329,517
137530,334,515
137546,332,517
137564,347,514
137580,332,508
137596,333,508
137613,334,510
137630,333,515
137647,335,514
137663,343,513
137679,338,508
137697,350,511
137713,345,515
137730,345,517
137746,344,513
137763,352,514
137780,349,509
137796,352,511
137812,350,514
137830,352,514
137846,346,518
137863,349,510
137879,342,510
137896,346,510
137913,340,514
137929,344,513
137946,343,514
137963,343,507
137979,341,508
137996,340,513
138012,338,513
138030,336,518
138046,335,512
138062,335,510
138079,351,496
138096,366,513
138113,422,510
138129,324,517
138145,256,518
138163,360,526
138179,292,514
138195,357,507
138212,286,530
138229,297,524
138246,311,508
138262,382,521
138278,294,508
138296,483,516
138312,334,513
138329,304,515
138345,295,513
138362,325,511
138379,307,519
138395,317,515
138412,317,518
138429,322,515
138445,324,514
138462,326,511
138478,328,514
138496,328,513
138512,331,519
138528,330,514
138545,328,512
138562,329,510
138578,327,510
138595,333,515
138611,332,516
138629,336,514
138645,331,508
138661,336,510
138678,339,506
138695,335,512
138712,337,510
138728,335,514
138744,336,511
138762,332,509
138778,337,510
138795,336,510
138811,334,513
138828,336,513
138845,336,506
138861,338,506
138877,335,506
138895,334,512
138911,333,513
138928,330,512
138944,337,510
138961,338,506
138978,336,509
138994,339,513
139011,339,515
139028,353,514
139044,337,512
139061,339,510
139077,338,508
139095,342,513
139111,338,515
139127,337,512
139144,342,509
139161,338,507
139177,336,510
139194,340,515
139210,338,517
139228,343,512
139244,341,510
139260,340,509
139277,337,507
139294,337,516
139311,336,513
139327,335,514
139343,331,511
139361,335,511
139377,334,513
139394,333,514
139410,334,515
139427,338,515
139444,331,507
139460,335,514
139476,346,506
139494,359,513
139510,449,518
139527,347,511
139543,314,515
139560,299,524
139577,404,500
139593,292,525
139610,276,526
139627,350,520
139643,275,514
139660,324,526
139676,307,519
139694,314,523
139710,318,520
139726,320,516
139743,320,511
139760,322,514
139777,324,517
139793,330,518
139809,337,518
139827,329,514
139843,331,509
139859,331,511
139876,331,514
139893,337,516
139910,334,515
139926,341,512
139942,338,509
139960,338,511
139976,341,512
139993,342,514
140009,344,513
140026,348,510
140043,344,508
140059,347,511
140076,342,509
140093,339,517
140109,342,513
140126,336,514
140142,340,509
140160,336,513
140176,339,514
140192,339,517
140209,336,513
140226,338,510
140242,335,507
140259,340,511
140275,338,515
140293,340,515
140309,339,515
140325,344,507
140342,343,508
140359,342,509
140376,344,515
140392,343,514
140408,344,513
140426,345,507
140442,345,508
140459,339,512
140475,341,513
140492,342,513
140509,342,514
140525,340,508
140541,335,507
140559,340,510
140575,344,514
140592,340,515
140608,336,512
140625,333,509
140642,336,511
140658,337,511
140675,333,516
140692,333,516
140708,335,511
140725,334,508
140741,353,504
140759,347,510
140775,408,508
140791,330,517
140808,304,506
140825,348,501
140841,315,519
140858,341,531
140874,347,520
140892,335,525
140908,316,525
140924,309,528
140941,343,518
140958,298,533
140975,324,543
140991,349,536
141007,329,537
141025,314,533
141041,317,537
141058,319,542
141074,323,543
141091,324,541
141108,328,537
141124,329,533
141140,331,533
141158,331,533
141174,334,533
141191,336,530
141207,336,525
141224,331,521
141241,336,523
141257,337,523
141274,338,525
141291,339,524
141307,338,521
141324,336,517
141340,339,520
141358,349,521
141374,344,522
141390,335,518
141407,341,511
141424,334,509
141441,337,506
141457,337,507
141473,336,505
141491,338,503
141507,334,500
141523,342,495
141540,341,497
141557,340,497
141574,343,496
141590,344,490
141606,344,484
141624,343,485
141640,342,486
141657,345,486
141673,340,488
141690,344,487
141707,339,483
141723,340,484
141740,337,484
141757,339,487
141773,338,491
141790,338,490
141806,339,492
141824,337,490
141840,339,495
141856,336,499
141873,339,499
141890,340,499
141906,340,497
141923,335,496
141939,340,500
141957,338,505
141973,337,505
141989,339,502
142006,337,500
142023,338,503
142040,336,508
142056,337,509
142072,334,511
142090,338,505
142106,336,505
142123,350,506
142139,336,510
142156,344,506
142173,345,514
142189,414,496
142205,352,504
142223,312,508
142239,316,518
142256,303,528
142272,356,514
142289,314,518
142306,319,510
142322,341,517
142339,290,530
142356,320,527
142372,343,516
142389,313,523
142405,333,515
142423,326,519
142439,313,519
142455,314,522
142472,320,519
142489,324,518
142505,324,515
142522,322,516
142538,324,519
142556,324,520
142572,325,517
142588,328,515
142605,334,511
142622,328,516
142639,328,520
142655,332,521
142671,328,522
142689,328,516
142705,324,517
142722,323,519
142738,321,520
142755,322,523
142772,329,523
142788,323,517
142804,324,516
142822,322,521
142838,321,526
142855,319,523
142871,326,521
142888,322,519
142905,331,517
142921,332,517
142938,325,519
142955,323,523
142971,320,520
142988,324,520
143004,320,518
143022,321,521
143038,320,525
143054,317,525
143071,320,524
143088,322,519
143105,322,519
143121,319,518
143137,323,522
143155,321,525
143171,323,516
143187,322,516
143204,324,514
143221,322,517
143238,326,520
143254,321,516
143270,325,514
143288,324,510
143304,324,512
143321,325,514
143337,325,518
143354,322,514
143371,320,513
143387,321,507
143404,322,511
143421,319,515
143437,321,515
143454,314,517
143470,319,512
143488,320,513
143504,314,513
143520,338,505
143537,386,520
143554,368,525
143570,336,507
143587,265,508
143603,355,510
143621,349,498
143637,256,517
143653,352,516
143670,284,495
143687,302,520
143704,366,516
143720,304,518
143736,294,515
143754,329,509
143770,276,523
143787,248,508
143803,340,507
143820,288,511
143837,292,518
143853,340,507
143869,296,510
143887,304,508
143903,308,509
143920,316,513
143936,313,510
143953,313,509
143970,320,508
143986,322,503
144003,322,507
144020,323,511
144036,323,512
144053,328,511
144069,328,505
144087,331,505
144103,333,506
144119,333,511
144136,335,510
144153,341,508
144169,341,507
144186,340,508
144202,344,507
144220,340,513
144236,338,510
144252,336,513
144269,339,509
144286,341,509
144303,333,514
144319,343,510
144335,336,514
144353,339,508
144369,342,506
144386,339,511
144402,342,512
144419,349,514
144436,354,509
144452,343,512
144468,347,506
144486,345,509
144502,347,513
144519,350,512
144535,347,515
144552,348,510
144569,352,511
144585,353,504
144602,353,511
144619,357,512
144635,356,513
144652,358,513
144668,354,506
144686,359,511
144702,352,511
144718,351,514
144735,354,515
144752,354,509
144769,352,508
144785,353,510
144801,354,513
144819,353,514
144835,355,510
144851,357,512
144868,352,506
144885,350,511
144902,351,511
144918,351,517
144934,349,510
144952,349,512
144968,365,511
144985,382,503
145001,392,509
145018,330,511
145035,314,507
145051,381,507
145068,366,521
145085,332,515
145101,345,514
145118,323,520
145134,343,517
145152,306,519
145168,340,521
145184,306,520
145201,315,516
145218,320,519
145234,321,525
145251,327,524
145267,324,520
145285,336,524
145301,333,528
145317,330,524
145334,342,525
145351,342,517
145368,345,515
145384,342,519
145400,341,522
145418,356,521
145434,348,520
145451,337,517
145467,343,513
145484,345,514
145501,354,512
145517,337,510
145533,347,507
145551,350,505
145567,351,505
145584,345,505
145600,347,512
145617,338,512
145634,344,507
145650,346,504
145667,328,506
145684,335,508
145700,348,509
145717,345,508
145733,342,508
145751,345,505
145767,345,504
145783,335,509
145800,337,510
145817,334,511
145833,332,506
145850,352,504
145866,334,503
145884,328,506
145900,327,511
145916,348,510
145933,344,510
145950,329,507
145967,338,508
145983,341,508
145999,337,513
146017,341,512
146033,346,513
146050,339,508
146066,338,512
146083,347,508
146100,315,517
146116,344,512
146132,346,512
146150,338,511
146166,346,510
146183,340,511
146199,339,515
146216,343,512
146233,339,512
146249,340,511
146266,336,512
146283,339,514
146299,334,517
146316,334,514
146332,336,515
146350,336,509
146366,335,512
146382,330,518
146399,375,507
146416,340,509
146433,375,521
146449,285,514
146465,375,517
146483,352,532
146499,317,525
146515,351,528
146532,313,525
146549,305,520
146566,338,533
146582,299,527
146598,306,529
146616,264,530
146632,317,522
146649,302,514
146665,310,518
146682,308,520
146699,310,519
146715,312,520
146732,316,513
146749,315,513
146765,316,518
146782,318,516
146798,318,517
146816,321,518
146832,323,513
146848,324,512
146865,323,516
146882,324,517
146898,321,518
146915,324,510
146931,323,513
146949,322,512
146965,320,516
146981,324,517
146998,323,517
147015,324,515
147032,321,514
147048,321,515
147064,316,515
147082,321,518
147098,323,519
147115,323,512
147131,322,512
147148,326,516
147165,325,512
147181,324,519
147197,325,516
147215,324,514
147231,326,511
147248,327,514
147264,327,516
147281,328,518
147298,331,517
147314,340,512
147331,333,509
147348,331,512
147364,331,512
147381,333,517
147397,331,510
147415,337,512
147431,332,506
147447,338,512
147464,340,513
147481,335,515
147497,341,509
147514,340,508
147530,341,506
147548,341,510
147564,341,512
147580,336,515
147597,336,513
147614,337,508
147631,338,507
147647,336,508
147663,335,514
147681,333,513
147697,334,514
147714,331,511
147730,336,505
147747,334,513
147764,333,514
147780,333,513
147796,335,510
147814,337,509
147830,329,502
147847,387,508
147863,378,515
147880,358,516
147897,326,515
147913,345,504
147930,354,521
147947,271,510
147963,366,521
147980,343,519
147996,336,521
148014,379,507
148030,345,515
148046,311,516
148063,321,527
148080,310,521
148097,347,518
148113,314,513
148129,316,508
148147,328,517
148163,321,514
148179,331,516
148196,321,509
148213,337,510
148230,340,510
148246,332,510
148262,331,516
148280,336,511
148296,330,510
148313,324,508
148329,320,510
148346,318,514
148363,321,516
148379,328,513
148396,336,512
148413,334,507
148429,343,510
148446,337,514
148462,346,515
148480,342,512
148496,346,508
148512,340,509
148529,336,508
148546,344,514
148562,340,515
148579,337,514
148595,354,509
148613,359,510
148629,361,511
148645,358,512
148662,362,516
148679,357,513
148696,365,513
148712,367,512
148728,352,513
148746,355,511
148762,357,514
148779,350,514
148795,354,512
148812,353,517
148829,354,520
148845,357,526
148861,358,530
148879,356,528
148895,361,528
148912,357,532
148928,355,532
148945,356,540
148962,351,542
148978,350,540
148995,348,537
149012,345,537
149028,340,537
149045,346,538
149061,343,536
149079,340,531
149095,340,526
149111,340,527
149128,336,528
149145,337,531
149161,337,529
149178,337,525
149194,338,521
149212,334,519
149228,332,524
149244,332,524
149261,332,526
149278,332,518
149295,332,516
149311,330,516
149327,329,521
149345,322,525
149361,329,515
149378,413,503
149394,308,518
149411,335,519
149428,314,539
149444,296,535
149460,282,516
149478,294,519
149494,382,509
149511,298,507
149527,302,520
149544,273,518
149561,264,520
149577,274,513
149594,318,502
149611,258,514
149627,289,513
149644,326,514
149660,297,510
149678,314,507
149694,310,506
149710,316,506
149727,313,507
149744,320,509
149761,320,504
149777,318,505
149793,322,500
149811,325,499
149827,327,503
149843,325,508
149860,328,502
149877,331,500
149894,333,499
149910,328,503
149926,329,505
149944,335,508
149960,330,507
149977,335,505
149993,333,505
150010,329,507
150027,331,510
150043,336,509
150060,334,511
150077,335,505
150093,332,502
150110,332,505
150126,333,510
150144,333,507
150160,334,506
150176,344,501
150193,345,504
150210,333,507
150226,341,506
150243,332,507
150259,344,507
150277,343,503
150293,345,503
150309,337,508
150326,346,508
150343,344,507
150360,344,507
150376,343,503
150392,343,504
150410,347,505
150426,344,514
150443,346,512
150459,338,507
150476,338,507
150493,338,504
150509,337,511
150525,333,515
150543,334,511
150559,333,511
150576,333,507
150592,333,509
150609,329,514
150626,332,516
150642,331,516
150659,329,509
150676,330,509
150692,328,510
150709,327,517
150725,330,514
150743,392,517
150759,348,519
150775,260,519
150792,333,515
150809,296,525
150825,269,507
150842,285,526
150858,323,516
150876,329,522
150892,286,527
150908,255,515
150925,296,531
150942,260,525
150959,308,521
150975,351,520
150991,307,517
151009,312,520
151025,309,519
151042,319,517
151058,322,508
151075,323,511
151092,324,508
151108,326,511
151124,328,509
151142,326,503
151158,325,497
151175,328,492
151191,325,492
151208,324,495
151225,326,493
151241,332,489
151258,332,485
151275,329,485
151291,332,486
151308,340,493
151324,332,493
151342,334,492
151358,334,489
151374,336,493
151391,336,495
151408,338,497
151425,338,501
151441,336,501
151457,337,499
151475,336,497
151491,336,502
151507,336,506
151524,337,508
151541,337,503
151558,338,504
151574,339,509
151590,352,506
151608,345,512
151624,341,511
151641,344,510
151657,345,507
151674,343,507
151691,343,509
151707,341,515
151724,347,515
151741,346,510
151757,346,508
151774,344,514
151790,344,510
151808,349,517
151824,348,514
151840,348,514
151857,351,510
151874,343,512
151890,340,515
151907,347,520
151923,345,520
151941,343,514
151957,344,513
151973,343,512
151990,346,518
152007,343,519
152024,341,517
152040,346,514
152056,340,512
152074,347,511
152090,370,510
152107,350,526
152123,280,535
152140,316,512
152157,395,519
152173,382,527
152189,350,525
152207,290,519
152223,319,522
152240,385,522
152256,305,510
152273,321,526
152290,303,523
152306,317,520
152323,315,522
152340,316,517
152356,328,515
152373,323,518
152389,334,519
152407,333,520
152423,331,518
152439,335,517
152456,339,512
152473,339,513
152489,352,518
152506,347,515
152522,331,514
152540,327,513
152556,330,513
152572,300,517
152589,295,518
152606,293,519
152623,292,518
152639,289,516
152655,290,515
152673,297,517
152689,286,518
152706,300,520
152722,296,516
152739,300,515
152756,310,515
152772,315,519
152788,321,519
152806,334,520
152822,345,515
152839,360,512
152855,360,510
152872,361,514
152889,370,514
152905,363,517
152922,368,514
152939,366,507
152955,368,510
152972,369,514
152988,372,516
153006,370,513
153022,368,511
153038,370,507
153055,372,508
153072,377,511
153089,364,514
153105,369,511
153121,367,507
153139,362,506
153155,362,508
153171,363,510
153188,357,514
153205,360,512
153222,357,510
153238,356,508
153254,354,508
153272,356,516
153288,352,517
153305,349,514
153321,349,509
153338,343,508
153355,343,509
153371,340,515
153388,342,513
153405,339,515
153421,333,510
153438,368,508
153454,418,509
153472,308,516
153488,316,501
153504,362,508
153521,341,519
153538,347,510
153554,306,515
153571,308,521
153587,324,529
153605,303,516
153621,346,512
153637,324,510
153654,348,513
153671,305,521
153688,315,521
153704,321,515
153720,315,514
153738,331,510
153754,314,514
153771,334,518
153787,338,515
153804,349,511
153821,326,509
153837,320,507
153853,357,514
153871,325,515
153887,316,513
153904,329,513
153920,318,504
153937,320,512
153954,306,514
153970,310,516
153987,305,517
154004,310,512
154020,312,513
154037,305,510
154053,312,514
154071,304,519
154087,307,518
154103,314,514
154120,326,509
154137,336,513
154153,338,512
154170,336,518
154186,333,515
154204,341,511
154220,336,509
154236,334,511
154253,338,516
154270,337,515
154287,336,518
154303,338,508
154319,333,508
154337,335,512
154353,337,513
154370,335,515
154386,345,513
154403,352,514
154420,346,508
154436,352,510
154452,344,513
154470,345,519
154486,333,510
154503,348,510
154519,342,510
154536,342,510
154553,347,516
154569,338,514
154586,340,511
154603,336,509
154619,339,510
154636,337,509
154652,339,512
154670,334,514
154686,336,510
154702,335,511
154719,340,511
154736,352,510
154753,372,502
154769,299,513
154785,350,515
154803,347,517
154819,341,519
154835,374,518
154852,303,521
154869,339,520
154886,326,523
154902,374,511
154918,302,508
154936,307,513
154952,319,525
154969,341,518
154985,341,513
155002,326,512
155019,331,508
155035,338,521
155052,313,515
155069,318,516
155085,327,515
155102,326,511
155118,328,511
155136,329,514
155152,329,516
155168,332,513
155185,331,510
155202,339,509
155218,333,512
155235,336,513
155251,332,515
155269,329,514
155285,337,513
155301,331,506
155318,332,510
155335,338,516
155352,340,513
155368,345,513
155384,340,511
155402,338,512
155418,338,511
155435,338,515
155451,336,519
155468,339,515
155485,334,513
155501,340,513
155517,338,515
155535,338,513
155551,335,518
155568,341,516
155584,346,513
155601,342,509
155618,340,514
155634,341,516
155651,340,516
155668,341,516
155684,339,510
155701,340,509
155717,342,511
155735,339,513
155751,339,514
155767,338,512
155784,342,506
155801,343,508
155817,340,512
155834,341,513
155850,344,514
155868,339,511
155884,344,506
155900,343,508
155917,341,508
155934,341,514
155951,340,513
155967,343,510
155983,341,508
156001,336,508
156017,338,509
156034,338,515
156050,341,514
156067,335,512
156084,333,507
156100,334,509
156116,337,512
156134,347,516
156150,334,516
156167,423,514
156183,391,499
156200,314,510
156217,387,499
156233,266,527
156250,379,507
156267,302,516
156283,356,512
156300,350,511
156316,349,523
156334,304,516
156350,312,510
156366,306,522
156383,331,515
156400,310,513
156417,316,522
156433,318,518
156449,319,517
156467,325,516
156483,325,510
156499,326,514
156516,321,515
156533,322,515
156550,322,511
156566,322,511
156582,328,510
156600,314,512
156616,325,517
156633,321,519
156649,323,517
156666,327,516
156683,325,512
156699,327,515
156716,326,518
156733,322,520
156749,327,516
156766,327,516
156782,323,512
156800,328,515
156816,320,517
156832,321,517
156849,330,518
156866,325,515
156882,325,509
156899,334,515
156915,324,517
156933,321,516
156949,324,516
156965,324,513
156982,327,512
156999,325,514
157016,322,517
157032,327,518
157048,324,513
157066,329,510
157082,326,510
157099,327,513
157115,330,516
157132,330,518
157149,328,511
157165,323,512
157181,324,513
157199,324,512
157215,323,518
157232,325,512
157248,322,512
157265,325,508
157282,324,510
157298,325,514
157315,327,517
157332,329,513
157348,323,510
157365,324,508
157381,327,508
157399,324,510
157415,325,515
157431,326,512
157448,325,512
157465,328,508
157481,324,511
157498,326,512
157514,340,515
157532,334,508
157548,332,515
157564,348,502
157581,302,515
157598,332,515
157615,330,506
157631,360,531
157647,274,523
157665,349,503
157681,304,513
157698,321,522
157714,291,521
157731,333,509
157748,304,516
157764,306,511
157780,320,514
157798,322,518
157814,323,517
157831,326,515
157847,330,512
157864,328,511
157881,336,512
157897,332,514
157914,334,513
157931,335,513
157947,341,509
157964,333,510
157980,336,511
157998,339,514
158014,337,513
158030,337,511
158047,344,510
158064,339,507
158081,346,508
158097,342,515
158113,343,514
158131,342,511
158147,342,508
158163,344,505
158180,343,509
158197,344,514
158214,345,512
158230,346,508
158246,344,507
158264,348,509
158280,350,512
158297,350,515
158313,352,513
158330,352,510
158347,354,506
158363,351,509
158380,354,510
158397,353,512
158413,354,513
158430,356,509
158446,366,505
158464,352,511
158480,352,508
158496,352,515
158513,347,514
158530,348,508
158546,346,508
158563,346,509
158579,344,514
158597,344,515
158613,345,514
158629,347,509
158646,343,507
158663,348,509
158680,342,510
158696,340,518
158712,340,514
158730,339,512
158746,338,513
158763,332,512
158779,336,519
158796,336,515
158813,346,510
158829,314,515
158845,355,518
158863,296,523
158879,359,532
158896,272,519
158912,331,530
158929,309,529
158946,337,507
158962,320,518
158979,303,526
158996,286,528
159012,290,518
159029,300,518
159045,310,517
159063,302,521
159079,309,518
159095,307,522
159112,310,519
159129,316,513
159145,310,515
159162,317,513
159178,323,516
159196,323,516
159212,320,510
159228,324,507
159245,325,512
159262,324,510
159279,328,517
159295,322,513
159311,328,510
159329,328,508
159345,327,508
159362,329,512
159378,329,515
159395,329,518
159412,328,509
159428,330,509
159444,329,508
159462,327,514
159478,327,515
159495,326,518
159511,327,510
159528,326,510
159545,325,510
159561,327,512
159578,327,516
159595,329,514
159611,328,508
159628,329,507
159644,331,509
159662,331,510
159678,333,511
159694,331,512
159711,334,508
159728,333,504
159745,336,507
159761,335,510
159777,336,512
159795,339,509
159811,336,506
159827,337,508
159844,337,507
159861,337,515
159878,333,512
159894,336,509
159910,336,506
159928,336,503
159944,346,506
159961,343,509
159977,335,511
159994,340,510
160011,341,504
160027,340,507
160044,340,506
160061,341,510
160077,341,514
160094,344,512
160110,359,497
160128,353,505
160144,353,522
160160,338,511
160177,385,512
160194,269,515
160210,316,509
160227,254,520
160243,346,516
160261,288,519
160277,357,527
160293,310,516
160310,341,515
160327,301,518
160344,308,515
160360,330,520
160376,322,517
160394,323,517
160410,328,510
160427,330,510
160443,331,512
160460,330,520
160477,334,512
160493,336,514
160509,335,506
160527,338,510
160543,340,515
160560,335,513
160576,342,516
160593,343,509
160610,344,514
160626,341,519
160643,342,523
160660,346,526
160676,351,529
160693,346,529
160709,347,528
160727,345,537
160743,353,544
160759,341,545
160776,343,542
160793,342,540
160809,345,535
160826,344,535
160842,343,536
160860,345,535
160876,348,536
160892,344,533
160909,347,524
160926,348,528
160943,348,529
160959,351,529
160975,350,524
160993,348,519
161009,348,514
161026,345,517
161042,344,524
161059,342,523
161076,344,518
161092,345,514
161108,345,515
161126,345,515
161142,343,517
161159,342,519
161175,343,515
161192,343,510
161209,343,508
161225,344,510
161242,341,514
161259,341,513
161275,344,509
161292,338,506
161308,343,507
161326,337,510
161342,343,512
161358,337,514
161375,347,506
161392,357,494
161409,344,488
161425,320,517
161441,300,508
161459,367,516
161475,303,506
161491,370,513
161508,294,508
161525,330,502
161542,325,497
161558,318,496
161574,336,490
161592,350,486
161608,319,484
161625,307,481
161641,338,486
161658,331,481
161675,302,480
161691,304,487
161708,334,485
161725,312,486
161741,302,488
161758,311,488
161774,310,484
161792,311,486
161808,317,488
161824,320,493
161841,323,497
161858,323,494
161874,324,494
161891,324,493
161907,324,496
161925,332,501
161941,336,503
161957,342,499
161974,335,501
161991,342,500
162008,336,504
162024,340,505
162040,347,509
162058,346,511
162074,351,504
162091,345,505
162107,353,506
162124,345,515
162141,350,513
162157,342,513
162173,348,509
162191,351,512
162207,348,515
162224,346,517
162240,344,518
162257,346,516
162274,357,514
162290,353,508
162307,347,516
162324,343,518
162340,346,519
162357,345,519
162373,346,512
162391,347,516
162407,344,520
162423,346,520
162440,346,520
162457,346,518
162473,346,511
162490,347,514
162506,345,520
162524,345,517
162540,340,523
162556,339,516
162573,344,517
162590,341,513
162607,341,517
162623,340,523
162639,339,520
162657,338,517
162673,340,512
162690,339,515
162706,339,517
162723,339,521
162740,333,519
162756,338,515
162772,336,515
162790,326,514
162806,339,515
162823,396,515
162839,364,530
162856,397,518
162873,264,517
162889,368,517
162906,315,530
162923,276,523
162939,322,526
162956,294,531
162972,315,523
162990,273,515
163006,374,525
163022,313,540
163039,301,523
163056,278,518
163073,315,515
163089,319,522
163105,309,528
163123,309,525
163139,315,521
163155,319,520
163172,316,517
163189,323,522
163206,324,521
163222,320,523
163238,325,523
163256,328,518
163272,326,515
163289,331,515
163305,330,519
163322,328,523
163339,328,519
163355,330,515
163372,328,512
163389,327,518
163405,324,519
163422,329,521
163438,328,518
163456,329,509
163472,323,509
163488,329,518
163505,328,517
163522,326,517
163538,328,511
163555,327,512
163571,331,511
163589,327,512
163605,330,520
163621,331,517
163638,332,512
163655,330,509
163672,328,510
163688,337,511
163704,332,513
163722,334,513
163738,328,512
163755,336,510
163771,332,512
163788,326,515
163805,333,519
163821,338,516
163837,340,512
163855,333,507
163871,335,509
163888,335,513
163904,335,517
163921,333,510
163938,332,506
163954,334,506
163971,333,512
163988,330,510
164004,331,516
164021,333,513
164037,332,509
164055,333,507
164071,333,510
164087,328,514
164104,326,514
164121,328,512
164137,326,508
164154,339,512
164170,330,508
164188,304,513
164204,379,528
164220,324,507
164237,290,522
164254,385,524
164271,340,515
164287,279,519
164303,362,522
164321,369,530
164337,276,521
164354,313,516
164370,320,515
164387,311,516
164404,305,519
164420,285,526
164436,316,510
164454,308,516
164470,311,516
164487,314,516
164503,318,518
164520,321,510
164537,319,510
164553,324,509
164570,327,514
164587,334,510
164603,322,512
164620,331,510
164636,330,507
164654,332,505
164670,331,510
164686,332,516
164703,337,511
164720,338,515
164737,340,503
164753,336,512
164769,342,514
164787,343,516
164803,345,513
164819,340,512
164836,343,512
164853,338,510
164870,338,517
164886,337,517
164902,335,514
164920,336,513
164936,338,510
164953,338,512
164969,339,517
164986,338,514
165003,340,515
165019,342,508
165036,344,509
165053,344,512
165069,340,515
165086,344,515
165102,346,510
165120,346,508
165136,343,509
165152,347,513
165169,346,514
165186,340,512
165202,346,510
165219,342,509
165235,345,508
165253,338,511
165269,340,514
165285,340,514
165302,337,509
165319,339,509
165336,339,504
165352,348,510
165368,341,517
165386,336,508
165402,336,514
165419,352,510
165435,381,502
165452,346,511
165469,331,519
165485,289,512
165501,374,494
165519,310,504
165535,372,524
165552,353,511
165568,305,513
165585,347,525
165602,348,521
165618,322,510
165635,317,519
165652,333,515
165668,309,517
165685,326,517
165701,336,514
165719,303,513
165735,319,509
165751,323,516
165768,324,516
165785,330,515
165801,332,508
165818,330,508
165834,338,511
165852,334,509
165868,340,516
165884,335,511
165901,339,509
165918,336,506
165935,341,507
165951,344,510
165967,342,513
165985,349,513
166001,355,507
166018,350,507
166034,353,511
166051,343,516
166068,346,515
166084,344,513
166100,349,512
166118,357,510
166134,344,508
166151,346,515
166167,345,515
166184,346,511
166201,336,513
166217,346,507
166234,346,510
166251,347,512
166267,351,513
166284,350,513
166300,350,510
166318,350,517
166334,351,522
166350,353,527
166367,353,525
166384,348,530
166401,348,529
166417,344,528
166433,346,534
166451,341,540
166467,337,540
166483,341,536
166500,333,535
166517,337,535
166534,332,536
166550,338,540
166566,332,540
166584,332,532
166600,334,532
166617,337,531
166633,332,532
166650,334,534
166667,332,528
166683,339,526
166700,337,524
166717,330,523
166733,337,525
166750,329,522
166766,338,521
166784,345,520
166800,331,505
166816,352,518
166833,440,517
166850,312,515
166866,416,520
166883,326,528
166899,233,504
166917,275,523
166933,364,515
166949,311,514
166966,286,517
166983,309,512
167000,303,505
167016,338,512
167032,317,516
167050,298,514
167066,315,509
167083,320,508
167099,319,504
167116,321,507
167133,317,509
167149,321,506
167165,323,506
167183,326,501
167199,328,501
167216,327,504
167232,334,507
167249,334,506
167266,337,499
167282,340,495
167299,341,483
167316,337,482
167332,342,483
167349,333,486
167365,336,481
167383,333,477
167399,330,480
167415,327,481
167432,333,484
167449,331,488
167465,330,486
167482,328,482
167498,330,486
167516,332,490
167532,332,495
167548,331,497
167565,336,494
167582,333,495
167599,338,494
167615,343,498
167631,344,499
167649,338,501
167665,336,498
167682,339,496
167698,333,499
167715,336,504
167732,338,510
167748,333,506
167764,336,502
167782,335,501
167798,336,504
167815,334,502
167831,333,508
167848,337,509
167865,335,507
167881,333,502
167898,329,507
167915,328,509
167931,328,512
167948,329,515
167964,329,506
167982,329,507
167998,328,513
168014,328,516
168031,325,518
168048,332,516
168065,339,498
168081,336,500
168097,328,515
168115,347,528
168131,345,511
168147,285,523
168164,305,521
168181,380,506
168198,305,520
168214,277,526
168230,318,523
168248,329,534
168264,271,526
168281,305,522
168297,297,523
168314,280,528
168331,300,525
168347,318,520
168364,318,516
168381,322,516
168397,327,520
168414,331,521
168430,320,523
168448,325,517
168464,326,514
168480,330,515
168497,327,515
168514,329,521
168530,329,518
168547,333,514
168563,332,514
168581,335,513
168597,337,518
168613,338,515
168630,340,519
168647,342,516
168664,344,511
168680,341,514
168696,340,514
168714,340,520
168730,339,519
168747,340,514
168763,342,514
168780,336,516
168797,335,517
168813,339,518
168829,338,518
168847,341,512
168863,339,508
168880,342,513
168896,341,517
168913,342,517
168930,340,515
168946,344,511
168963,340,507
168980,341,512
168996,344,514
169013,341,515
169029,338,515
169047,340,509
169063,336,508
169079,338,513
169096,337,513
169113,334,517
169129,337,515
169146,341,506
169162,345,510
169180,333,508
169196,339,513
169212,339,516
169229,336,513
169246,338,507
169263,334,510
169279,334,510
169295,337,512
169313,336,517
169329,335,513
169346,336,508
169362,337,510
169379,339,515
169396,330,516
169412,361,515
169428,356,524
169446,330,511
169462,364,516
169479,305,512
169495,352,529
169512,307,511
169529,382,511
169545,357,516
169562,306,509
169579,290,523
169595,353,515
169612,295,520
169628,324,518
169646,325,516
169662,317,510
169678,320,516
169695,326,515
169712,330,514
169729,332,509
169745,332,510
169761,337,509
169779,334,513
169795,334,514
169811,336,513
169828,339,510
169845,337,506
169862,344,509
169878,344,514
169894,342,517
169912,346,514
169928,349,512
169945,350,507
169961,338,512
169978,346,514
169995,343,516
170011,339,513
170028,341,510
170045,339,511
170061,342,508
170078,340,512
170094,340,516
170112,342,512
170128,341,506
170144,339,509
170161,345,510
170178,342,515
170194,340,517
170211,340,513
170227,338,509
170245,341,511
170261,341,512
170277,343,514
170294,340,513
170311,341,511
170328,340,511
170344,339,508
170360,335,512
170378,340,516
170394,337,514
170411,340,514
170427,332,510
170444,341,514
170461,335,510
170477,336,515
170493,338,514
170511,336,514
170527,340,508
170544,339,511
170560,336,513
170577,332,516
170594,339,515
170610,336,513
170627,337,511
170644,334,511
170660,337,509
170677,332,515
170693,340,514
170711,346,509
170727,340,509
170743,337,506
170760,353,513
170777,371,522
170793,346,520
170810,345,499
170826,363,514
170844,301,518
170860,329,522
170876,301,522
170893,345,520
170910,320,514
170927,349,514
170943,296,520
170959,346,514
170977,311,521
170993,317,518
171010,325,514
171026,318,513
171043,325,509
171060,326,520
171076,327,516
171092,330,518
171110,328,510
171126,331,507
171143,332,511
171159,331,513
171176,332,513
171193,329,512
171209,333,506
171226,333,508
171243,331,511
171259,330,516
171276,333,515
171292,336,515
171310,338,507
171326,338,510
171342,340,510
171359,333,514
171376,337,514
171393,338,516
171409,336,508
171425,336,510
171443,336,513
171459,339,514
171475,348,521
171492,338,514
171509,343,515
171526,338,512
171542,350,513
171558,339,515
171576,338,514
171592,339,511
171609,337,508
171625,336,509
171642,341,510
171659,340,514
171675,341,514
171692,338,509
171709,342,507
171725,338,508
171742,336,513
171758,333,513
171776,335,514
171792,335,510
171808,335,506
171825,336,514
171842,334,512
171858,337,517
171875,330,512
171891,335,510
171909,331,510
171925,330,510
171941,332,516
171958,330,515
171975,335,514
171992,330,514
172008,336,505
172024,391,502
172042,319,525
172058,303,523
172075,349,508
172091,340,518
172108,284,516
172125,361,521
172141,312,525
172157,331,520
172175,354,533
172191,294,518
172208,343,522
172224,275,519
172241,315,521
172258,293,525
172274,305,520
172291,315,518
172308,314,515
172324,316,519
172341,317,518
172357,319,521
172375,320,512
172391,322,512
172407,320,509
172424,327,513
172441,326,517
172457,330,515
172474,325,515
172490,324,508
172508,329,511
172524,330,512
172540,332,515
172557,325,516
172574,329,511
172591,329,507
172607,320,508
172623,326,514
172641,322,517
172657,328,514
172674,320,511
172690,328,508
172707,325,510
172724,324,515
172740,328,514
172756,326,517
172774,328,511
172790,329,508
172807,335,509
172823,323,513
172840,331,514
172857,332,510
172873,335,509
172890,337,505
172907,336,507
172923,335,512
172940,337,514
172956,338,514
172974,337,508
172990,343,507
173006,347,507
173023,336,515
173040,336,516
173057,336,512
173073,333,506
173089,336,508
173107,334,508
173123,336,514
173139,335,512
173156,339,510
173173,339,505
173190,338,507
173206,340,507
173222,337,514
173240,336,513
173256,338,511
173273,333,507
173289,336,506
173306,335,513
173323,334,516
173339,333,515
173356,337,510
173373,342,507
173389,407,498
173406,366,506
173422,325,522
173440,303,519
173456,304,523
173472,343,527
173489,335,498
173506,323,525
173522,341,513
173539,303,524
173555,288,520
173573,322,513
173589,320,512
173605,320,516
173622,321,520
173639,326,515
173656,327,515
173672,330,512
173688,330,510
173706,333,514
173722,337,515
173739,339,513
173755,333,509
173772,332,507
173789,334,508
173805,335,509
173821,336,514
173839,342,513
173855,339,506
173872,340,507
173888,342,507
173905,345,514
173922,340,516
173938,342,513
173955,349,509
173972,345,510
173988,339,513
174005,337,513
174021,334,513
174039,333,514
174055,332,508
174071,334,510
174088,338,512
174105,329,514
174121,339,516
174138,338,518
174154,338,513
174172,339,513
174188,337,512
174204,336,516
174221,334,521
174238,337,511
174255,337,513
174271,333,507
174287,334,509
174305,337,514
174321,333,513
174338,336,511
174354,333,510
174371,334,507
174388,328,512
174404,330,513
174420,329,515
174438,332,510
174454,339,508
174471,335,510
174487,326,511
174504,337,516
174521,331,514
174537,331,511
174554,332,508
174571,334,509
174587,335,511
174604,335,516
174620,338,514
174638,335,509
174654,339,508
174670,335,507
174687,335,514
174704,339,514
174721,343,501
174737,350,504
174753,343,506
174771,290,519
174787,352,519
174803,378,516
174820,303,515
174837,257,517
174854,323,521
174870,330,513
174886,248,521
174904,294,519
174920,284,520
174937,326,515
174953,308,513
174970,315,514
174987,312,517
175003,315,515
175020,320,514
175037,320,510
175053,324,509
175070,326,511
175086,326,513
175104,324,514
175120,332,512
175136,331,510
175153,334,508
175170,330,512
175186,339,510
175203,339,516
175219,331,508
175237,353,508
175253,339,509
175269,340,514
175286,336,514
175303,339,513
175320,340,512
175336,339,504
175352,342,508
175370,339,509
175386,345,513
175403,340,514
175419,342,508
175436,353,507
175453,342,506
175469,345,511
175485,345,513
175503,343,514
175519,342,509
175536,341,509
175552,340,506
175569,339,513
175586,337,512
175602,338,514
175619,339,507
175636,342,509
175652,339,509
175669,339,510
175685,338,514
175703,339,514
175719,340,512
175735,339,507
175752,337,510
175769,337,510
175785,338,514
175802,335,514
175818,340,509
175836,338,509
175852,336,513
175868,342,515
175885,351,499
175902,342,525
175919,388,503
175935,291,500
175951,325,512
175969,367,531
175985,366,522
176002,345,522
176018,360,526
176035,293,512
176052,338,517
176068,334,512
176084,330,523
176102,280,515
176118,331,512
176135,316,515
176151,297,518
176168,318,528
176185,317,519
176201,321,513
176218,329,517
176235,326,511
176251,332,515
176268,329,519
176284,333,519
176302,333,516
176318,329,512
176334,331,508
176351,329,513
176368,334,514
176385,336,512
176401,334,511
176417,337,507
176435,335,509
176451,336,508
176467,335,515
176484,338,516
176501,340,508
176518,342,508
176534,344,508
176550,340,513
176568,339,516
176584,343,516
176601,344,512
176617,342,507
176634,342,512
176651,339,513
176667,341,515
176684,341,514
176701,337,511
176717,343,507
176734,342,508
176750,351,516
176768,343,514
176784,348,516
176800,339,512
176817,344,509
176834,345,512
176850,344,511
176867,342,516
176883,340,510
176901,345,509
176917,344,509
176933,348,508
176950,345,512
176967,345,513
176984,345,510
177000,344,512
177016,342,511
177034,342,510
177050,338,514
177067,339,515
177083,338,512
177100,336,507
177117,336,510
177133,335,508
177149,330,514
177167,336,512
177183,335,513
177200,329,509
177216,350,506
177233,366,507
177250,341,516
177266,360,520
177283,317,508
177300,324,504
177316,374,516
177333,323,521
177349,295,521
177367,370,524
177383,325,516
177399,296,518
177416,325,511
177433,304,524
177449,326,512
177466,244,523
177482,301,521
177500,320,515
177516,334,510
177532,329,518
177549,328,518
177566,324,516
177583,327,514
177599,324,511
177615,328,513
177633,330,512
177649,330,516
177666,331,517
177682,331,509
177699,335,512
177716,339,510
177732,332,513
177748,339,516
177766,341,513
177782,344,514
177799,347,512
177815,345,511
177832,342,515
177849,343,515
177865,340,518
177882,341,515
177899,344,511
177915,340,511
177932,341,515
177948,337,518
177966,338,517
177982,341,511
177998,338,507
178015,337,515
178032,337,516
178049,338,516
178065,338,515
178081,335,509
178099,336,512
178115,335,512
178131,338,516
178148,336,517
178165,337,513
178182,336,509
178198,334,513
178214,331,511
178232,330,517
178248,330,516
178265,332,511
178281,328,510
178298,334,506
178315,339,511
178331,328,514
178348,329,515
178365,329,513
178381,327,512
178398,330,508
178414,328,513
178432,327,516
178448,326,516
178464,331,514
178481,328,510
178498,327,514
178514,324,513
178531,332,518
178547,330,522
178565,342,507
178581,398,508
178597,339,515
178614,314,524
178631,318,521
178648,312,520
178664,240,521
178680,314,519
178698,340,524
178714,331,518
178731,307,534
178747,268,516
178764,313,525
178781,345,518
178797,310,522
178813,270,519
178831,296,522
178847,310,518
178864,298,511
178880,304,514
178897,307,510
178914,308,516
178930,310,514
178947,312,514
178964,316,509
178980,318,507
178997,315,507
179013,318,507
179031,319,512
179047,333,506
179063,330,504
179080,325,505
179097,324,504
179113,327,510
179130,330,514
179146,331,507
179164,332,507
179180,332,502
179196,327,506
179213,331,509
179230,329,512
179247,334,507
179263,330,510
179279,334,506
179297,329,508
179313,330,513
179330,336,510
179346,337,512
179363,327,506
179380,332,508
179396,329,506
179412,330,513
179430,333,511
179446,333,507
179463,335,505
179479,334,504
179496,341,513
179513,336,509
179529,338,512
179546,340,506
179563,342,506
179579,343,506
179596,340,509
179612,343,512
179630,344,511
179646,343,511
179662,346,510
179679,340,509
179696,338,510
179713,340,513
179729,341,515
179745,339,511
179763,343,505
179779,336,512
179795,342,516
179812,347,511
179829,343,514
179846,338,511
179862,340,509
179878,340,511
179896,348,513
179912,351,510
179929,420,499
179945,352,524
179962,342,501
179979,359,506
179995,340,524
180012,318,521
180029,331,536
180045,344,495
180062,307,515
180078,378,507
180096,265,529
180112,323,525
180128,327,529
180145,296,512
180162,319,517
180178,320,519
180195,326,522
180211,326,521
180229,328,516
180245,334,515
180261,334,514
180278,334,518
180295,336,517
180312,336,515
180328,335,513
180344,340,510
180362,339,510
180378,338,513
180395,340,517
180411,343,520
180428,341,514
180445,346,510
180461,344,512
180477,345,512
180495,344,518
180511,344,519
180528,347,514
180544,340,510
180561,344,513
180578,351,517
180594,348,512
180611,344,515
180628,347,508
180644,342,507
180661,345,512
180677,341,513
180695,345,516
180711,352,516
180727,350,511
180744,349,507
180761,353,511
180777,349,511
180794,350,514
180810,353,508
180828,353,509
180844,352,507
180860,349,508
180877,343,515
180894,347,517
180911,348,514
180927,346,508
180943,345,509
180961,344,511
180977,344,513
180994,344,519
181010,346,519
181027,344,510
181044,343,510
181060,340,511
181076,359,517
181094,381,511
181110,461,498
181127,248,513
181143,314,504
181160,296,519
181177,323,531
181193,299,516
181210,350,521
181227,313,508
181243,302,518
181260,341,501
181276,326,523
181294,388,526
181310,352,513
181326,277,510
181343,347,509
181360,314,515
181377,329,517
181393,299,517
181409,298,517
181427,354,517
181443,301,516
181459,288,519
181476,319,516
181493,322,519
181510,324,513
181526,330,513
181542,328,510
181560,329,515
181576,329,513
181593,330,516
181609,330,509
181626,334,510
181643,332,506
181659,333,509
181676,329,510
181693,335,512
181709,334,508
181726,339,505
181742,338,508
181760,336,510
181776,335,516
181792,338,513
181809,337,510
181826,338,509
181842,339,508
181859,342,513
181875,339,513
181893,343,513
181909,336,510
181925,340,505
181942,338,508
181959,338,515
181976,339,513
181992,337,514
182008,341,508
182026,340,510
182042,342,512
182059,350,516
182075,339,516
182092,339,514
182109,341,507
182125,342,509
182141,337,508
182159,342,515
182175,339,513
182192,340,514
182208,343,509
182225,344,507
182242,341,513
182258,344,511
182275,342,516
182292,341,510
182308,341,512
182325,337,509
182341,339,513
182359,335,514
182375,338,513
182391,335,513
182408,336,510
182425,336,508
182441,335,513
182458,333,515
182474,333,514
182492,334,512
182508,334,510
182524,335,509
182541,332,509
182558,336,504
182575,328,511
182591,347,518
182607,370,510
182625,379,518
182641,334,506
182658,354,522
182674,320,520
182691,308,520
182708,337,520
182724,340,513
182740,362,520
182758,326,518
182774,309,516
182791,297,515
182807,306,511
182824,310,508
182841,314,522
182857,308,518
182874,306,517
182891,312,513
182907,306,507
182924,307,515
182940,309,514
182958,313,518
182974,309,515
182990,315,510
183007,319,510
183024,321,510
183041,327,513
183057,324,516
183073,325,513
183091,321,515
183107,320,509
183123,317,512
183140,326,516
183157,323,514
183174,329,517
183190,323,512
183206,325,512
183224,322,517
183240,325,517
183257,328,521
183273,329,514
183290,329,513
183307,326,515
183323,332,513
183340,331,520
183357,334,520
183373,334,516
183390,329,515
183406,336,510
183424,329,515
183440,332,520
183456,330,513
183473,328,516
183490,336,511
183506,338,509
183523,331,512
183539,341,516
183557,347,513
183573,336,512
183589,335,509
183606,336,507
183623,332,511
183640,334,510
183656,336,513
183672,338,507
183690,338,506
183706,334,507
183723,342,513
183739,334,510
183756,331,513
183773,337,508
183789,332,503
183805,332,510
183823,334,508
183839,325,513
183856,332,509
183872,340,511
183889,329,506
183906,339,509
183922,336,515
183939,329,516
183956,318,510
183972,359,509
183989,376,484
184005,376,511
184023,377,518
184039,275,520
184055,356,524
184072,314,518
184089,273,515
184105,373,526
184122,333,525
184138,272,528
184156,383,520
184172,326,525
184188,302,510
184205,302,522
184222,311,518
184239,314,522
184255,316,518
184271,328,513
184289,326,511
184305,321,515
184322,338,517
184338,337,517
184355,336,518
184372,328,512
184388,334,511
184404,336,518
184422,327,516
184438,332,520
184455,336,513
184471,332,513
184488,331,508
184505,335,512
184521,334,518
184538,329,517
184555,331,514
184571,332,509
184588,323,514
184604,335,510
184622,331,520
184638,327,516
184654,333,513
184671,333,506
184688,328,508
184705,338,515
184721,334,513
184737,336,515
184755,338,509
184771,346,509
184787,340,504
184804,341,511
184821,343,512
184838,343,515
184854,342,508
184870,343,506
184888,340,509
184904,340,509
184921,341,512
184937,345,512
184954,345,508
184971,343,507
184987,350,506
185004,353,511
185021,343,513
185037,342,513
185054,341,509
185070,342,505
185088,339,510
185104,340,511
185120,337,513
185137,344,507
185154,341,511
185170,343,506
185187,339,507
185203,344,514
185221,346,507
185237,373,513
185253,372,517
185270,378,504
185287,323,521
185304,334,521
185320,336,518
185336,336,518
185354,317,501
185370,342,515
185387,295,518
185403,299,513
185420,341,509
185437,336,511
185453,303,507
185469,317,513
185487,318,514
185503,340,516
185520,324,520
185536,328,511
185553,330,514
185570,333,511
185586,329,511
185603,330,518
185620,333,514
185636,333,513
185653,339,508
185669,336,507
185687,343,511
185703,346,516
185719,333,514
185736,340,514
185753,336,511
185769,342,511
185786,336,513
185802,343,513
185820,342,517
185836,342,512
185852,341,507
185869,343,509
185886,343,513
185903,347,516
185919,342,513
185935,348,513
185953,343,509
185969,340,511
185986,332,514
186002,335,516
186019,330,517
186036,328,510
186052,329,510
186068,331,512
186086,330,513
186102,333,516
186119,334,517
186135,338,513
186152,338,510
186169,340,509
186185,347,516
186202,344,513
186219,346,512
186235,346,508
186252,352,511
186268,345,511
186286,348,514
186302,347,516
186318,347,513
186335,345,508
186352,345,507
186369,345,508
186385,351,512
186401,340,512
186419,340,510
186435,339,507
186451,338,509
186468,339,507
186485,338,514
186502,337,512
186518,338,510
186534,339,508
186552,339,511
186568,333,512
186585,404,520
186601,434,506
186618,356,514
186635,397,517
186651,307,500
186668,314,522
186685,339,524
186701,307,509
186718,323,521
186734,304,516
186752,302,516
186768,368,504
186784,300,530
186801,371,521
186818,257,516
186834,305,518
186851,285,520
186867,311,514
186885,314,520
186901,316,517
186917,319,512
186934,322,511
186951,323,509
186968,324,512
186984,323,517
187000,328,515
187018,324,509
187034,329,506
187051,329,508
187067,327,514
187084,338,514
187101,339,515
187117,336,510
187133,336,507
187151,337,513
187167,342,507
187184,339,516
187200,336,515
187217,336,507
187234,337,513
187250,340,510
187267,336,515
187284,340,516
187300,339,514
187317,342,513
187333,338,509
187351,338,510
187367,338,514
187383,336,514
187400,338,513
187417,336,510
187433,336,509
187450,336,512
187466,334,513
187484,336,513
187500,332,512
187516,334,507
187533,332,510
187550,335,513
187567,329,514
187583,328,512
187599,330,514
187617,331,503
187633,330,508
187650,328,508
187666,328,517
187683,329,516
187700,331,511
187716,328,510
187732,366,507
187750,327,511
187766,317,514
187783,327,513
187799,332,514
187816,343,509
187833,328,512
187849,330,509
187866,344,519
187883,345,513
187899,346,495
187916,294,505
187932,391,512
187950,299,515
187966,381,513
187982,293,538
187999,281,518
188016,334,517
188033,290,516
188049,326,511
188065,337,524
188083,313,520
188099,323,522
188115,305,512
188132,348,520
188149,307,517
188166,314,520
188182,318,518
188198,319,515
188216,324,511
188232,325,514
188249,320,515
188265,328,517
188282,323,513
188299,329,510
188315,328,514
188332,330,515
188349,335,516
188365,332,519
188382,336,514
188398,338,516
188416,333,511
188432,338,514
188448,335,518
188465,334,517
188482,330,517
188498,330,512
188515,331,514
188531,332,515
188549,340,517
188565,339,516
188581,331,517
188598,332,508
188615,335,513
188632,332,515
188648,333,518
188664,333,514
188682,336,512
188698,335,509
188715,339,508
188731,338,512
188748,339,510
188765,341,513
188781,339,512
188797,340,505
188815,338,509
188831,337,509
188848,334,512
188864,332,509
188881,332,512
188898,333,506
188914,333,505
188931,331,510
188948,332,512
188964,331,511
188981,332,510
188997,329,504
189015,332,509
189031,329,509
189047,330,512
189064,328,512
189081,332,510
189097,334,506
189114,334,509
189130,332,514
189148,328,511
189164,340,509
189180,392,501
189197,344,513
189214,296,522
189231,360,512
189247,303,508
189263,323,511
189281,350,517
189297,308,512
189314,334,502
189330,277,528
189347,337,519
189364,302,515
189380,344,519
189396,299,513
189414,320,516
189430,318,516
189447,324,516
189463,326,511
189480,335,506
189497,335,503
189513,334,505
189530,336,507
189547,333,509
189563,332,507
189580,331,504
189596,331,508
189614,336,511
189630,334,515
189646,336,519
189663,338,516
189680,338,512
189697,340,510
189713,342,518
189729,340,517
189747,341,516
189763,339,511
189779,342,515
189796,335,510
189813,340,515
189830,340,517
189846,340,517
189862,343,514
189880,340,511
189896,339,512
189913,343,514
189929,341,515
189946,340,515
189963,346,509
189979,341,513
189996,353,516
190013,352,514
190029,338,518
190046,341,512
190062,343,513
190080,345,516
190096,344,508
190112,345,516
190129,340,517
190146,342,516
190162,343,510
190179,344,510
190195,344,515
190213,347,513
190229,343,520
190245,345,516
190262,341,515
190279,341,513
190296,340,516
190312,339,517
190328,342,523
190346,340,522
190362,340,509
190379,370,516
190395,343,512
190412,355,532
190429,348,509
190445,317,528
190461,318,523
190479,387,509
190495,350,524
190512,368,522
190528,301,521
190545,353,514
190562,320,521
190578,316,508
190595,351,520
190612,297,523
190628,350,510
190645,291,526
190661,366,513
190679,279,518
190695,348,513
190711,315,518
190728,328,515
190745,324,516
190761,325,506
190778,328,506
190794,329,513
190812,330,515
190828,334,515
190844,336,510
190861,331,506
190878,337,508
190895,339,508
190911,339,509
190927,343,514
190945,342,506
190961,342,513
190978,348,510
190994,339,510
191011,341,516
191028,342,514
191044,343,512
191060,344,507
191078,338,509
191094,338,516
191111,341,513
191127,340,520
191144,340,508
191161,339,508
191177,342,509
191194,342,512
191211,340,514
191227,342,511
191244,342,509
191260,340,506
191278,340,506
191294,341,507
191310,341,518
191327,338,513
191344,337,511
191361,340,506
191377,338,505
191393,335,507
191411,338,515
191427,347,508
191443,336,509
191460,336,501
191477,335,511
191494,333,512
191510,334,512
191526,336,516
191544,332,505
191560,337,510
191577,332,506
191593,330,518
191610,334,511
191627,335,514
191643,331,507
191660,333,510
191677,327,509
191693,321,514
191710,344,506
191726,336,511
191744,398,515
191760,346,508
191776,297,528
191793,364,510
191810,322,515
191826,277,521
191843,331,517
191859,282,513
191877,299,527
191893,323,518
191909,350,508
191926,288,520
191943,311,508
191960,298,518
191976,304,513
191992,307,522
192010,309,513
192026,311,515
192043,312,509
192059,315,511
192076,313,514
192093,314,517
192109,321,515
192125,326,510
192143,320,506
192159,320,507
192176,320,510
192192,318,514
192209,322,511
192226,322,512
192242,322,507
192259,324,508
192276,322,513
192292,326,515
192309,325,510
192325,330,508
192343,327,507
192359,329,510
192375,328,514
192392,325,517
192409,326,514
192425,324,511
192442,323,509
192458,323,510
192476,325,513
192492,325,513
192508,337,512
192525,328,507
192542,329,505
192559,332,513
192575,332,511
192591,332,512
192609,333,514
192625,335,510
192642,337,504
192658,333,509
192675,337,512
192692,337,517
192708,342,510
192724,334,510
192742,338,506
192758,338,508
192775,337,511
192791,341,512
192808,332,514
192825,341,505
192841,340,506
192858,342,511
192875,338,516
192891,339,511
192908,339,511
192924,337,511
192942,343,508
192958,334,512
192974,342,506
192991,337,516
193008,379,516
193025,404,505
193041,306,509
193057,311,506
193075,342,525
193091,345,508
193107,355,521
193124,360,529
193141,341,507
193158,354,517
193174,283,521
193190,296,520
193208,301,518
193224,314,518
193241,328,511
193257,310,515
193274,335,518
193291,330,515
193307,330,513
193324,331,513
193341,335,513
193357,336,512
193374,334,516
193390,334,514
193408,335,511
193424,334,508
193440,337,510
193457,335,515
193474,338,517
193490,341,517
193507,339,514
193523,337,512
193541,340,516
193557,336,517
193573,335,520
193590,343,518
193607,341,515
193624,335,515
193640,334,518
193656,333,519
193674,334,521
193690,337,519
193707,335,512
193723,333,512
193740,331,519
193757,333,518
193773,332,521
193789,334,516
193807,336,512
193823,334,514
193840,333,516
193856,335,521
193873,331,519
193890,330,515
193906,336,514
193923,330,510
193940,335,515
193956,335,517
193973,335,517
193989,330,514
194007,330,511
194023,333,507
194039,329,513
194056,328,517
194073,327,515
194089,329,512
194106,330,509
194122,331,507
194140,330,515
194156,329,514
194172,329,515
194189,332,510
194206,329,509
194223,330,509
194239,330,511
194255,331,515
194273,330,511
194289,333,512
194306,332,508
194322,330,508
194339,332,511
194356,354,515
194372,362,508
194388,359,509
194406,312,504
194422,295,512
194439,366,521
194455,284,524
194472,364,519
194489,332,509
194505,325,513
194522,292,509
194539,345,522
194555,319,527
194572,329,517
194588,302,519
194606,332,509
194622,280,520
194638,327,517
194655,308,516
194672,321,517
194689,324,517
194705,334,509
194721,325,517
194739,322,512
194755,334,516
194771,322,514
194788,334,507
194805,340,508
194822,335,512
194838,328,508
194854,328,514
194872,342,508
194888,336,512
194905,334,508
194921,335,509
194938,336,512
194955,337,510
194971,335,511
194988,341,503
195005,338,504
195021,335,512
195038,344,509
195054,335,511
195072,341,511
195088,342,506
195104,346,506
195121,347,509
195138,341,509
195154,338,513
195171,339,512
195187,343,507
195205,347,509
195221,341,508
195237,342,515
195254,349,512
195271,342,509
195288,348,503
195304,347,508
195320,347,509
195338,346,509
195354,346,515
195371,345,508
195387,344,509
195404,343,502
195421,344,512
195437,341,511
195453,340,516
195471,343,507
195487,341,506
195504,342,507
195520,341,512
195537,341,515
195554,343,512
195570,342,511
195587,342,508
195604,343,510
195620,342,510
195637,340,513
195653,342,513
195671,340,508
195687,341,513
195703,342,511
195720,347,514
195737,340,521
195753,347,518
195770,367,500
195786,356,505
195804,294,527
195820,334,514
195836,301,528
195853,405,516
195870,293,510
195887,299,516
195903,358,517
195919,285,526
195937,361,530
195953,283,521
195970,330,520
195986,309,514
196003,318,519
196020,304,523
196036,323,525
196052,326,532
196070,327,520
196086,330,524
196103,331,532
196119,334,533
196136,337,539
196153,336,536
196169,333,534
196186,328,534
196203,338,538
196219,337,539
196236,332,540
196252,334,529
196270,336,529
196286,336,531
196302,338,527
196319,334,530
196336,335,526
196353,337,522
196369,337,522
196385,339,520
196403,336,526
196419,335,523
196435,339,523
196452,336,520
196469,336,515
196486,338,517
196502,335,521
196518,336,522
196536,338,515
196552,335,515
196569,336,512
196585,333,511
196602,337,517
196619,339,515
196635,350,516
196652,340,511
196669,341,507
196685,341,510
196702,341,513
196718,339,513
196736,339,513
196752,338,505
196768,339,505
196785,338,503
196802,339,512
196818,338,507
196835,339,507
196851,342,506
196869,339,502
196885,338,506
196901,335,507
196918,335,509
196935,335,508
196952,333,504
196968,333,502
196984,333,505
197002,333,510
197018,332,502
197035,332,508
197051,332,505
197068,331,501
197085,330,509
197101,332,508
197117,330,509
197135,333,505
197151,329,502
197168,332,504
197184,342,510
197201,372,503
197218,361,507
197234,389,515
197251,406,503
197268,284,508
197284,380,515
197301,321,507
197317,320,513
197335,309,519
197351,337,503
197367,299,517
197384,346,515
197401,295,515
197417,306,504
197434,320,503
197450,318,497
197468,315,489
197484,314,494
197500,313,495
197517,321,486
197534,322,484
197551,320,476
197567,318,486
197583,324,487
197601,323,496
197617,324,492
197634,320,490
197650,321,490
197667,322,494
197684,324,500
197700,322,501
197716,324,499
197734,333,499
197750,327,497
197767,330,503
197783,330,509
197800,326,510
197817,325,507
197833,331,502
197850,329,515
197867,332,515
197883,330,521
197900,330,517
197916,326,526
197934,332,516
197950,336,520
197966,332,517
197983,332,528
198000,331,527
198017,331,522
198033,332,519
198049,332,519
198067,335,518
198083,329,524
198099,338,523
198116,334,517
198133,335,520
198150,330,511
198166,335,516
198182,333,519
198200,335,523
198216,333,514
198233,336,514
198249,337,515
198266,337,521
198283,339,518
198299,337,518
198316,341,521
198333,342,522
198349,340,523
198366,340,523
198382,337,525
198400,338,526
198416,340,524
198432,340,520
198449,341,523
198466,342,522
198482,341,523
198499,343,522
198515,338,516
198533,342,515
198549,346,518
198565,341,519
198582,351,516
198599,366,507
198616,357,513
198632,367,517
198648,367,512
198666,348,525
198682,350,530
198699,353,521
198715,339,515
198732,378,520
198749,305,518
198765,323,522
198781,334,518
198799,336,521
198815,319,513
198832,326,513
198848,331,511
198865,337,511
198882,342,515
198898,332,512
198915,339,510
198932,338,504
198948,333,508
198965,338,510
198981,334,515
198999,335,509
199015,335,510
199031,339,510
199048,337,509
199065,343,514
199081,342,516
199098,343,511
199114,348,508
199132,344,511
199148,342,510
199164,342,515
199181,342,517
199198,341,511
199215,345,509
199231,342,509
199247,341,512
199265,342,522
199281,339,515
199298,341,515
199314,342,507
199331,339,510
199348,337,510
199364,339,514
199380,339,515
199398,340,512
199414,338,512
199431,341,511
199447,339,514
199464,341,513
199481,339,517
199497,340,514
199514,336,512
199531,334,514
199547,334,514
199564,333,517
199580,331,513
199598,332,515
199614,342,509
199630,331,518
199647,331,510
199664,332,520
199681,329,518
199697,329,513
199713,328,510
199731,331,510
199747,326,513
199763,326,514
199780,328,512
199797,329,512
199814,326,510
199830,331,511
199846,331,514
199864,326,515
199880,326,515
199897,324,508
199913,339,502
199930,323,504
199947,311,506
199963,378,521
199980,339,518
199997,314,530
200013,243,513
200030,231,501
200046,328,523
200064,274,521
200080,266,508
200096,336,508
200113,272,517
200130,309,511
200146,298,517
200163,269,522
200179,302,513
200197,305,511
200213,306,508
200229,309,510
200246,312,510
200263,313,511
200280,312,508
200296,312,508
200312,315,507
200330,317,507
200346,325,511
200363,329,513
200379,323,510
200396,323,508
200413,331,506
200429,326,512
200445,330,515
200463,329,515
200479,334,509
200496,331,512
200512,330,510
200529,328,513
200546,337,514
200562,334,513
200579,334,513
200596,334,505
200612,333,511
200629,331,513
200645,328,516
200663,333,519
200679,330,510
200695,331,509
200712,333,516
200729,332,512
200745,334,518
200762,336,513
200778,338,511
200796,338,509
200812,338,507
200828,338,517
200845,339,515
200862,337,512
200879,337,509
200895,336,508
200911,340,504
200929,338,514
200945,336,510
200962,340,512
200978,340,511
200995,338,506
201012,337,505
201028,336,515
201044,337,510
201062,338,513
201078,342,509
201095,337,509
201111,342,509
201128,352,512
201145,339,510
201161,344,514
201178,341,509
201195,338,505
201211,340,509
201228,340,512
201244,339,511
201262,355,510
201278,340,508
201294,422,510
201311,326,516
201328,353,535
201345,301,506
201361,355,518
201377,382,507
201395,317,514
201411,397,514
201427,314,522
201444,301,523
201461,318,523
201478,315,523
201494,327,528
201510,329,526
201528,339,532
201544,341,536
201561,341,533
201577,337,531
201594,343,534
201611,343,538
201627,346,538
201644,343,540
201661,346,533
201677,342,530
201694,348,535
201710,344,533
201728,347,532
201744,348,532
201760,347,527
201777,345,522
201794,342,523
201810,338,526
201827,345,524
201843,341,528
201861,338,520
201877,339,518
201893,341,519
201910,353,525
201927,339,520
201944,342,518
201960,341,516
201976,342,510
201994,347,514
202010,342,517
202027,344,517
202043,339,515
202060,343,509
202077,345,506
202093,341,509
202109,341,513
202127,347,513
202143,345,509
202160,345,506
202176,342,506
202193,344,504
202210,343,511
202226,345,509
202243,339,507
202260,353,503
202276,347,506
202293,345,507
202309,347,511
202327,338,510
202343,339,506
202359,342,501
202376,336,508
202393,336,507
202409,332,512
202426,335,512
202442,333,507
202460,335,506
202476,328,507
202492,334,507
202509,324,509
202526,377,507
202543,341,507
202559,396,516
202575,328,497
202593,384,510
202609,338,514
202626,322,518
202642,273,523
202659,368,502
202676,300,514
202692,272,518
202708,340,519
202726,314,517
202742,339,509
202759,273,510
202775,352,513
202792,298,517
202809,308,514
202825,309,510
202842,314,505
202859,315,499
202875,315,497
202892,298,497
202908,326,497
202926,300,495
202942,303,486
202958,309,484
202975,322,485
202992,311,488
203009,219,491
203025,345,489
203041,277,489
203059,278,487
203075,304,488
203091,305,496
203108,309,494
203125,308,494
203142,305,495
203158,307,495
203174,303,500
203192,320,502
203208,314,508
203225,321,505
203241,324,503
203258,334,500
203275,333,501
203291,339,506
203308,344,505
203325,346,507
203341,346,503
203358,347,504
203374,350,503
203392,350,512
203408,353,506
203424,350,507
203441,361,506
203458,358,506
203474,352,508
203491,353,511
203507,347,509
203525,351,509
203541,354,503
203557,354,507
203574,351,506
203591,356,512
203608,352,514
203624,351,511
203640,354,509
203658,353,513
203674,349,513
203691,351,516
203707,352,516
203724,352,514
203741,348,511
203757,351,510
203773,349,515
203791,350,523
203807,366,519
203824,350,512
203840,370,509
203857,457,510
203874,309,529
203890,383,515
203907,278,517
203924,332,525
203940,310,521
203957,330,517
203973,333,514
203991,347,520
204007,320,527
204023,312,522
204040,351,516
204057,305,531
204073,352,519
204090,337,524
204106,334,525
204124,339,520
204140,316,517
204156,315,514
204173,323,519
204190,327,527
204207,314,516
204223,313,517
204239,322,512
204257,318,517
204273,326,517
204290,331,519
204306,329,516
204323,330,508
204340,335,514
204356,333,515
204372,344,516
204390,348,515
204406,357,514
204423,357,510
204439,373,511
204456,366,512
204473,354,516
204489,351,517
204506,355,516
204523,348,514
204539,357,514
204556,358,515
204572,353,516
204590,343,515
204606,346,512
204622,345,513
204639,345,511
204656,339,515
204673,338,516
204689,334,518
204705,335,515
204723,336,514
204739,349,511
204755,335,518
204772,330,519
204789,342,516
204806,332,514
204822,346,512
204838,348,510
204856,345,514
204872,335,515
204889,336,514
204905,341,510
204922,330,513
204939,345,514
204955,333,513
204972,329,515
204989,334,510
205005,332,512
205022,330,509
205038,334,512
205056,331,520
205072,333,521
205088,334,522
205105,340,522
205122,336,526
205138,341,527
205155,340,536
205171,336,535
205189,340,534
205205,341,529
205221,335,529
205238,333,532
205255,340,537
205272,334,535
205288,334,533
205304,330,531
205322,341,528
205338,330,525
205355,331,528
205371,332,525
205388,330,526
205405,324,520
205421,337,516
205437,345,516
205455,372,511
205471,343,530
205488,300,528
205504,331,518
205521,321,524
205538,325,523
205554,364,520
205571,329,527
205588,315,526
205604,347,524
205621,299,523
205637,324,521
205655,317,519
205671,331,516
205687,324,510
205704,323,508
205721,324,508
205737,328,508
205754,333,504
205770,336,501
205788,337,493
205804,340,484
205820,337,485
205837,337,483
205854,337,485
205871,331,484
205887,334,479
205903,328,485
205921,325,483
205937,328,492
205954,330,490
205970,322,492
205987,326,491
206004,325,492
206020,330,494
206036,323,503
206054,327,500
206070,320,498
206087,328,499
206103,326,501
206120,326,503
206137,323,508
206153,327,509
206170,326,510
206187,326,507
206203,322,507
206220,325,511
206236,328,514
206254,325,512
206270,325,512
206286,327,508
206303,326,508
206320,327,509
206337,330,517
206353,333,512
206369,326,510
206387,329,509
206403,329,507
206419,326,513
206436,326,513
206453,330,514
206470,326,512
206486,328,510
206502,327,507
206520,328,512
206536,324,515
206553,324,514
206569,327,514
206586,326,508
206603,325,511
206619,327,518
206636,320,516
206653,325,517
206669,320,514
206686,327,512
206702,334,516
206720,376,518
206736,343,521
206752,355,506
206769,326,510
206786,264,515
206802,260,524
206819,332,502
206835,323,530
206853,295,526
206869,248,518
206885,360,508
206902,346,513
206919,281,522
206936,310,516
206952,312,517
206968,298,513
206986,321,512
207002,316,512
207019,320,514
207035,322,514
207052,321,509
207069,333,506
207085,337,507
207101,324,513
207119,327,515
207135,332,513
207152,330,509
207168,332,507
207185,334,507
207202,335,508
207218,336,514
207235,336,516
207252,341,512
207268,340,508
207285,340,510
207301,340,513
207319,340,516
207335,337,519
207351,339,516
207368,338,511
207385,335,512
207401,336,516
207418,336,517
207434,336,519
207452,339,517
207468,338,509
207484,339,515
207501,340,518
207518,340,517
207535,337,518
207551,341,513
207567,340,510
207585,339,510
207601,340,513
207618,341,516
207634,338,517
207651,340,509
207668,341,509
207684,342,512
207700,344,513
207718,339,515
207734,339,513
207751,338,509
207767,340,504
207784,339,509
207801,336,512
207817,341,512
207834,348,510
207851,341,509
207867,342,506
207884,338,508
207900,341,513
207918,339,513
207934,340,509
207950,340,506
207967,342,504
207984,338,510
208001,343,513
208017,342,515
208033,338,510
208051,340,511
208067,344,510
208083,332,511
208100,337,506
208117,404,513
208134,374,519
208150,365,509
208166,305,513
208184,243,521
208200,379,515
208217,287,521
208233,320,519
208250,289,521
208267,342,512
208283,280,518
208300,307,518
208317,384,525
208333,307,522
208350,307,517
208366,321,513
208384,316,516
208400,331,521
208416,330,517
208433,330,513
208450,342,510
208466,340,509
208483,338,518
208499,342,513
208517,345,515
208533,346,514
208549,348,508
208566,338,509
208583,352,513
208600,363,513
208616,363,511
208632,339,509
208650,350,507
208666,346,511
208683,360,515
208699,357,517
208716,346,514
208733,349,515
208749,347,513
208765,350,519
208783,344,514
208799,356,519
208816,335,516
208832,358,512
208849,338,512
208866,338,513
208882,323,520
208899,328,521
208916,342,517
208932,331,514
208949,332,512
208965,325,514
208983,330,511
208999,344,519
209015,325,518
209032,335,510
209049,338,518
209065,333,512
209082,351,514
209098,333,516
209116,342,511
209132,340,514
209148,336,511
209165,343,513
209182,336,519
209199,358,514
209215,329,515
209231,338,510
209249,332,510
209265,332,512
209282,330,515
209298,335,513
209315,335,516
209332,334,508
209348,344,507
209364,328,514
209382,329,516
209398,329,516
209415,328,514
209431,330,510
209448,329,508
209465,328,512
209481,333,515
209498,333,513
209515,330,509
209531,396,504
209548,309,503
209564,450,510
209582,317,524
209598,256,517
209614,361,517
209631,306,516
209648,337,520
209665,311,506
209681,320,518
209697,319,527
209715,300,510
209731,299,512
209747,299,515
209764,339,524
209781,300,523
209798,314,519
209814,317,513
209830,317,512
209848,322,510
209864,324,517
209881,325,518
209897,328,513
209914,330,514
209931,329,507
209947,332,512
209964,331,516
209981,334,515
209997,336,511
210014,335,509
210030,340,509
210048,348,513
210064,340,514
210080,344,517
210097,338,514
210114,342,508
210130,342,510
210147,334,510
210163,341,514
210181,337,512
210197,341,511
210213,339,507
210230,342,508
210247,339,509
210264,341,510
210280,340,515
210296,339,509
210314,337,512
210330,339,510
210347,337,512
210363,338,513
210380,339,516
210397,337,511
210413,336,511
210429,339,512
210447,337,509
210463,337,516
210480,334,513
210496,336,510
210513,334,511
210530,335,510
210546,335,516
210563,336,511
210580,334,514
210596,340,510
210613,334,508
210629,336,509
210647,331,514
210663,334,513
210679,334,516
210696,336,510
210713,335,511
210729,334,509
210746,341,512
210762,337,515
210780,333,513
210796,335,510
210812,331,508
210829,337,511
210846,331,514
210863,335,513
210879,336,515
210895,331,507
210913,354,510
210929,414,496
210946,373,513
210962,342,517
210979,313,491
210996,264,507
211012,297,529
211028,390,522
211046,288,526
211062,309,521
211079,343,518
211095,252,518
211112,316,512
211129,305,520
211145,298,524
211162,297,523
211179,314,521
211195,315,509
211212,315,515
211228,318,512
211246,323,516
211262,324,515
211278,327,517
211295,327,510
211312,325,511
211329,329,513
211345,331,517
211361,328,517
211379,332,514
211395,331,509
211411,332,509
211428,334,512
211445,338,517
211462,337,516
211478,338,513
211494,342,509
211512,329,511
211528,331,513
211545,333,512
211561,337,519
211578,335,510
211595,333,510
211611,336,508
211628,336,512
211645,338,515
211661,339,512
211678,339,512
211694,336,507
211712,342,510
211728,340,513
211744,338,516
211761,337,514
211778,340,510
211794,337,509
211811,337,508
211827,335,511
211845,338,514
211861,339,512
211877,340,510
211894,336,506
211911,337,511
211928,337,511
211944,332,513
211960,332,510
211978,336,510
211994,334,512
212011,332,512
212027,335,515
212044,333,515
212061,336,512
212077,336,506
212093,334,508
212111,333,512
212127,329,513
212144,333,518
212160,334,511
212177,330,509
212194,333,513
212210,333,518
212227,340,518
212244,382,513
212260,334,525
212277,325,516
212293,269,517
212311,361,508
212327,324,512
212343,297,522
212360,364,516
212377,306,522
212393,272,520
212410,324,518
212426,306,528
212444,312,515
212460,267,524
212476,314,515
212493,291,520
212510,317,519
212527,306,522
212543,317,520
212559,314,514
212577,320,511
212593,321,512
212610,321,518
212626,323,515
212643,325,514
212660,328,507
212676,327,511
212692,325,506
212710,328,515
212726,327,514
212743,336,515
212759,332,508
212776,332,512
212793,334,510
212809,337,513
212826,335,515
212843,332,515
212859,334,509
212876,336,510
212892,336,508
212910,334,513
212926,334,510
212942,331,513
212959,334,507
212976,342,509
212993,338,509
213009,334,512
213025,334,515
213043,336,509
213059,334,509
213075,335,509
213092,337,510
213109,339,511
213126,341,510
213142,342,513
213158,340,506
213176,340,507
213192,342,510
213209,343,518
213225,344,513
213242,342,510
213259,343,507
213275,339,509
213292,342,507
213309,341,515
213325,337,512
213342,338,509
213358,342,507
213376,337,508
213392,338,509
213408,340,511
213425,340,509
213442,336,506
213458,341,505
213475,338,511
213491,339,511
213509,338,513
213525,340,511
213541,342,509
213558,339,508
213575,340,511
213592,340,516
213608,344,512
213624,361,511
213642,310,513
213658,422,503
213675,300,513
213691,350,506
213708,270,510
213725,392,521
213741,303,512
213757,398,504
213775,298,522
213791,333,515
213808,338,516
213824,371,519
213841,306,517
213858,336,512
213874,316,513
213891,292,519
213908,315,517
213924,330,518
213941,327,511
213957,326,512
213975,332,514
213991,328,514
214007,329,520
214024,331,513
214041,329,515
214057,335,510
214074,330,511
214090,334,515
214108,335,513
214124,340,509
214140,336,512
214157,335,513
214174,343,517
214191,339,518
214207,330,516
214223,335,516
214241,336,518
214257,332,513
214274,335,518
214290,334,522
214307,339,519
214324,333,516
214340,338,510
214356,333,519
214374,338,515
214390,337,518
214407,331,516
214423,337,516
214440,323,512
214457,314,514
214473,321,522
214490,315,519
214507,319,516
214523,325,516
214540,322,511
214556,327,516
214574,328,514
214590,336,516
214606,336,514
214623,341,511
214640,340,510
214657,344,512
214673,344,514
214689,342,516
214707,341,514
214723,343,508
214739,341,509
214756,339,516
214773,339,516
214790,337,518
214806,338,514
214822,339,510
214840,337,512
214856,339,510
214873,337,516
214889,338,516
214906,340,513
214923,333,510
214939,340,514
214956,339,511
214973,335,518
214989,346,514
215006,379,513
215022,351,511
215040,345,503
215056,309,516
215072,324,520
215089,288,523
215106,342,518
215122,283,516
215139,359,521
215155,319,517
215173,368,520
215189,282,526
215205,365,502
215222,377,513
215239,315,516
215256,308,516
215272,327,519
215288,328,516
215306,323,510
215322,328,507
215339,328,508
215355,330,507
215372,332,509
215389,335,509
215405,336,506
215421,338,504
215439,340,505
215455,337,511
215472,332,508
215488,336,510
215505,332,505
215522,338,508
215538,340,507
215555,339,510
215572,334,516
215588,340,512
215605,342,512
215621,343,511
215639,337,511
215655,339,517
215671,339,513
215688,342,511
215705,340,510
215721,340,508
215738,340,510
215754,338,509
215772,341,516
215788,340,511
215804,342,509
215821,342,506
215838,344,510
215855,341,521
215871,339,515
215887,340,512
215905,345,509
215921,343,510
215938,339,511
215954,342,519
215971,346,514
215988,351,511
216004,345,509
216020,341,508
216038,342,512
216054,343,514
216071,341,514
216087,342,512
216104,340,508
216121,340,510
216137,340,510
216154,339,514
216171,343,512
216187,342,509
216204,344,506
216220,340,509
216238,337,513
216254,330,518
216270,350,520
216287,375,511
216304,358,509
216321,350,505
216337,302,529
216353,333,516
216371,314,529
216387,370,511
216403,312,529
216420,360,523
216437,306,523
216454,276,532
216470,324,527
216486,368,518
216504,308,523
216520,307,518
216537,296,525
216553,314,523
216570,313,520
216587,313,519
216603,317,515
216620,317,516
216637,320,521
216653,322,517
216670,317,518
216686,321,512
216704,324,510
216720,327,515
216736,325,518
216753,316,516
216770,323,519
216786,327,510
216803,323,514
216819,330,511
216837,323,518
216853,321,516
216869,322,517
216886,327,506
216903,329,513
216920,320,510
216936,322,516
216952,325,515
216970,320,512
216986,321,507
217003,323,510
217019,316,510
217036,324,517
217053,320,513
217069,322,510
217085,317,506
217103,324,510
217119,326,513
217136,327,513
217152,330,511
217169,327,507
217186,329,507
217202,327,508
217219,327,514
217236,324,510
217252,325,514
217269,328,509
217285,327,506
217303,326,508
217319,325,513
217335,327,512
217352,327,514
217369,327,507
217385,328,504
217402,329,509
217418,330,509
217436,339,513
217452,329,509
217468,328,508
217485,333,506
217502,331,507
217519,331,507
217535,333,510
217551,336,509
217569,329,507
217585,333,505
217602,344,508
217618,352,502
217635,330,511
217652,356,507
217668,285,520
217684,345,507
217702,333,521
217718,345,507
217735,278,528
217751,349,517
217768,277,515
217785,324,513
217801,311,513
217818,337,515
217835,320,521
217851,326,516
217868,327,509
217884,323,509
217902,326,513
217918,329,516
217934,337,515
217951,334,511
217968,337,507
217985,339,510
218001,339,511
218017,336,513
218035,340,513
218051,342,510
218067,344,507
218084,341,511
218101,338,516
218118,343,511
218134,342,516
218150,341,508
218168,349,514
218184,351,509
218201,343,515
218217,346,516
218234,345,515
218251,347,515
218267,345,511
218284,344,514
218301,342,517
218317,344,517
218334,344,520
218350,344,514
218368,345,514
218384,347,513
218400,344,519
218417,348,519
218434,345,516
218450,338,512
218467,348,514
218483,343,509
218501,345,519
218517,345,514
218533,343,519
218550,342,512
218567,342,509
218584,344,514
218600,342,518
218616,339,517
218634,339,515
218650,341,510
218667,344,511
218683,341,512
218700,341,514
218717,342,517
218733,343,515
218749,343,510
218767,343,509
218783,344,512
218800,342,512
218816,341,514
218833,338,509
218850,344,510
218866,339,507
218883,343,514
218900,340,514
218916,343,514
218933,345,512
218949,364,497
218967,383,511
218983,362,513
218999,388,522
219016,277,512
219033,360,516
219049,289,517
219066,365,503
219082,319,520
219100,326,515
219116,334,513
219132,335,527
219149,361,515
219166,365,513
219183,326,522
219199,332,516
219215,284,521
219233,320,514
219249,310,514
219266,318,518
219282,317,518
219299,318,515
219316,321,516
219332,324,514
219348,329,507
219366,326,513
219382,330,515
219399,331,512
219415,333,513
219432,334,509
219449,335,509
219465,338,511
219482,338,515
219499,339,514
219515,337,511
219532,337,509
219548,344,510
219566,337,508
219582,342,516
219598,345,514
219615,344,511
219632,342,514
219649,341,510
219665,349,510
219681,345,517
219699,337,519
219715,342,510
219731,337,512
219748,335,512
219765,339,512
219782,339,514
219798,337,514
219814,341,512
219832,341,510
219848,339,509
219865,347,513
219881,344,516
219898,341,513
219915,344,513
219931,343,508
219948,341,513
219965,337,511
219981,336,520
219998,337,513
220014,336,517
220032,338,510
220048,334,512
220064,335,513
220081,332,516
220098,336,516
220114,330,509
220131,335,509
220147,334,511
220165,334,512
220181,330,518
220197,332,516
220214,336,513
220231,331,509
220248,331,509
220264,334,514
220280,333,515
220298,329,517
220314,331,512
220331,334,501
220347,336,500
220364,328,521
220381,303,518
220397,405,520
220413,292,513
220431,298,516
220447,331,507
220464,313,509
220480,325,523
220497,307,520
220514,269,517
220530,318,519
220547,297,524
220564,347,518
220580,359,524
220597,309,514
220613,280,517
220631,316,513
220647,284,512
220663,416,519
220680,330,517
220697,304,517
220713,297,515
220730,308,512
220746,319,511
220764,294,518
220780,315,517
220796,307,516
220813,301,508
220830,316,512
220847,314,514
220863,325,515
220879,307,520
220897,323,510
220913,312,509
220930,327,510
220946,328,512
220963,333,510
220980,331,518
220996,332,509
221012,326,511
221030,330,510
221046,334,510
221063,343,510
221079,344,517
221096,347,510
221113,345,512
221129,346,512
221146,342,515
221163,340,519
221179,342,512
221196,338,507
221212,340,510
221230,340,510
221246,354,512
221262,338,516
221279,344,513
221296,342,508
221313,338,507
221329,340,511
221345,344,510
221363,342,517
221379,346,515
221395,345,509
221412,345,508
221429,346,509
221446,344,513
221462,344,513
221478,345,509
221496,343,508
221512,344,509
221529,345,511
221545,335,512
221562,343,513
221579,335,513
221595,343,507
221612,343,506
221629,339,508
221645,343,511
221662,342,514
221678,341,508
221696,336,506
221712,337,508
221728,333,510
221745,343,514
221762,336,513
221778,339,510
221795,337,502
221811,334,506
221829,325,514
221845,337,515
221861,353,513
221878,321,508
221895,471,504
221912,268,505
221928,349,520
221944,319,515
221962,288,531
221978,286,515
221995,293,513
222011,282,508
222028,296,524
222045,306,526
222061,307,514
222077,308,512
222095,332,508
222111,324,511
222128,333,512
222144,333,514
222161,332,513
222178,337,509
222194,344,507
222211,325,509
222228,331,514
222244,350,510
222261,336,513
222277,340,509
222295,341,509
222311,333,515
222327,328,515
222344,336,518
222361,329,513
222377,327,511
222394,352,513
222410,330,516
222428,345,514
222444,333,519
222460,342,513
222477,340,509
222494,328,510
222511,342,517
222527,330,516
222543,335,518
222561,338,513
222577,332,513
222594,334,510
222610,329,518
222627,333,518
222644,334,519
222660,331,516
222676,332,512
222694,333,510
222710,339,511
222727,344,518
222743,333,510
222760,331,507
222777,334,505
222793,332,507
222810,334,513
222827,333,512
222843,340,511
222860,336,510
222876,335,508
222894,334,505
222910,334,514
222926,339,513
222943,337,509
222960,336,511
222977,340,505
222993,334,510
223009,330,513
223027,335,517
223043,331,511
223059,334,515
223076,335,507
223093,328,509
223110,335,510
223126,331,519
223142,330,517
223160,334,511
223176,333,506
223193,335,510
223209,331,510
223226,336,515
223243,337,516
223259,345,508
223276,337,507
223293,342,509
223309,330,516
223326,352,519
223342,336,508
223360,352,507
223376,355,513
223392,323,512
223409,405,513
223426,304,523
223442,322,531
223459,375,510
223475,312,528
223493,369,518
223509,324,526
223525,321,519
223542,334,518
223559,298,515
223576,325,513
223592,325,519
223608,328,513
223626,328,520
223642,332,514
223659,334,508
223675,330,513
223692,334,509
223709,331,521
223725,323,512
223741,332,513
223759,339,510
223775,331,512
223792,333,518
223808,327,518
223825,334,521
223842,329,515
223858,331,512
223875,330,512
223892,324,517
223908,329,520
223925,329,517
223941,329,513
223959,329,517
223975,325,511
223991,328,516
224008,331,519
224025,330,518
224041,335,513
224058,326,512
224074,327,513
224092,330,517
224108,334,514
224124,338,512
224141,334,504
224158,332,506
224175,337,506
224191,338,512
224207,333,509
224225,335,510
224241,336,503
224258,331,504
224274,331,512
224291,330,509
224308,333,517
224324,332,508
224340,338,512
224358,331,507
224374,332,511
224391,332,521
224407,330,514
224424,326,513
224441,334,507
224457,325,513
224474,330,508
224491,330,518
224507,333,515
224524,332,508
224540,330,507
224558,328,510
224574,331,510
224590,330,514
224607,328,513
224624,332,513
224641,331,507
224657,330,510
224673,331,515
224691,332,512
224707,330,517
224723,334,507
224740,329,506
224757,338,515
224774,326,507
224790,394,513
224806,369,505
224824,356,518
224840,310,500
224857,434,505
224873,335,528
224890,307,522
224907,332,524
224923,347,517
224940,327,520
224957,327,523
224973,320,525
224990,340,518
225006,292,519
225024,314,517
225040,318,517
225056,322,513
225073,328,518
225090,330,521
225106,329,517
225123,330,515
225139,329,513
225157,330,516
225173,331,517
225189,336,516
225206,330,515
225223,335,507
225240,342,509
225256,334,510
225272,335,515
225290,339,516
225306,341,514
225323,339,507
225339,340,514
225356,337,515
225373,339,523
225389,335,514
225405,332,516
225423,340,513
225439,333,513
225456,341,517
225472,337,516
225489,338,519
225506,335,515
225522,338,513
225539,338,516
225556,341,518
225572,344,516
225589,355,518
225605,343,515
225623,348,509
225639,348,513
225655,344,513
225672,344,515
225689,337,514
225705,342,518
225722,342,511
225738,342,514
225756,342,510
225772,342,518
225788,342,511
225805,342,511
225822,342,508
225839,339,514
225855,334,515
225871,340,519
225889,334,514
225905,337,513
225922,336,507
225938,338,514
225955,334,517
225972,333,517
225988,334,517
226004,336,512
226022,334,512
226038,331,512
226055,333,518
226071,335,516
226088,334,516
226105,329,509
226121,328,514
226138,330,515
226155,330,514
226171,332,518
226188,320,513
226204,337,506
226222,408,506
226238,283,522
226254,344,496
226271,307,524
226288,327,525
226305,374,506
226321,312,519
226337,274,532
226355,334,522
226371,372,515
226387,266,505
226404,291,515
226421,296,519
226438,304,514
226454,308,520
226470,308,516
226488,312,510
226504,315,507
226521,313,513
226537,318,513
226554,322,517
226571,319,511
226587,323,512
226604,322,507
226621,320,508
226637,316,511
226654,327,507
226670,329,509
226688,322,512
226704,320,507
226720,325,507
226737,327,511
226754,325,515
226770,325,512
226787,329,507
226803,329,506
226821,328,511
226837,333,512
226853,328,514
226870,332,512
226887,332,510
226904,332,505
226920,334,510
226936,333,512
226954,335,513
226970,335,512
226987,336,505
227003,336,509
227020,336,506
227037,336,512
227053,336,510
227069,348,511
227087,335,504
227103,336,503
227120,334,505
227136,332,511
227153,336,510
227170,334,515
227186,333,502
227203,336,510
227220,335,507
227236,336,512
227253,335,510
227269,338,511
227287,341,510
227303,340,506
227319,333,510
227336,335,516
227353,333,510
227369,401,504
227386,353,508
227402,307,512
227420,346,513
227436,336,522
227452,320,514
227469,320,511
227486,380,511
227503,318,522
227519,317,504
227535,381,526
227553,349,516
227569,306,514
227586,312,519
227602,335,510
227619,313,520
227636,315,521
227652,328,520
227668,321,510
227686,326,509
227702,336,506
227719,333,514
227735,337,510
227752,337,507
227769,347,503
227785,342,506
227802,339,506
227819,340,512
227835,342,511
227852,347,509
227868,347,506
227886,346,508
227902,346,510
227918,351,510
227935,348,515
227952,349,510
227969,346,513
227985,350,510
228001,347,515
228019,346,515
228035,349,517
228051,345,515
228068,347,512
228085,345,512
228102,337,517
228118,347,515
228134,343,519
228152,336,510
228168,350,513
228185,356,513
228201,353,516
228218,353,514
228235,342,520
228251,343,516
228268,347,511
228285,341,510
228301,340,514
228318,339,513
228334,343,516
228352,340,506
228368,346,510
228384,340,508
228401,342,514
228418,341,514
228434,341,513
228451,342,511
228467,343,509
228485,347,508
228501,343,511
228517,338,512
228534,343,506
228551,340,512
228568,339,505
228584,338,509
228600,341,514
228618,342,518
228634,384,510
228651,334,515
228667,455,505
228684,294,509
228701,444,523
228717,302,532
228733,300,525
228751,357,506
228767,368,516
228784,359,513
228800,269,532
228817,280,524
228834,324,520
228850,372,522
228867,307,514
228884,300,526
228900,319,518
228917,316,524
228933,321,514
228951,319,519
228967,323,512
228983,324,516
229000,323,516
229017,320,521
229033,325,510
229050,321,512
229066,332,511
229084,325,517
229100,324,512
229116,325,516
229133,325,516
229150,330,509
229167,326,515
229183,324,514
229199,339,519
229217,339,518
229233,322,513
229250,332,519
229266,329,520
229283,329,529
229300,329,537
229316,330,532
229332,330,527
229350,328,522
229366,327,522
229383,328,527
229399,328,528
229416,330,526
229433,330,521
229449,334,517
229466,331,520
229483,331,519
229499,328,521
229516,334,520
229532,330,511
229550,328,506
229566,328,503
229582,324,504
229599,328,502
229616,326,508
229633,330,497
229649,327,495
229665,325,500
229683,330,503
229699,328,500
229715,329,508
229732,329,499
229749,331,499
229766,327,500
229782,329,512
229798,328,505
229816,328,504
229832,323,501
229849,335,504
229865,319,507
229882,337,504
229899,360,498
229915,333,498
229932,391,496
229949,344,511
229965,420,500
229982,277,517
229998,289,519
230016,341,495
230032,313,515
230048,354,505
230065,321,509
230082,318,521
230098,309,518
230115,344,504
230131,315,503
230149,325,507
230165,312,514
230181,326,514
230198,321,514
230215,326,506
230232,325,508
230248,325,506
230264,334,510
230282,330,511
230298,332,511
230315,331,507
230331,334,504
230348,336,511
230365,334,514
230381,337,518
230397,333,512
230415,340,509
230431,339,508
230448,341,514
230464,338,518
230481,338,517
230498,337,511
230514,339,511
230531,339,509
230548,331,514
230564,340,521
230581,336,514
230597,341,509
230615,346,509
230631,339,506
230647,339,510
230664,340,516
230681,338,512
230697,341,514
230714,341,508
230730,340,511
230748,342,509
230764,343,513
230780,339,514
230797,343,513
230814,343,512
230831,344,513
230847,342,512
230863,344,517
230881,342,517
230897,340,513
230914,341,513
230930,342,515
230947,339,517
230964,341,519
230980,339,516
230996,342,513
231014,343,513
231030,340,514
231047,341,514
231063,340,520
231080,341,518
231097,341,510
231113,344,510
231130,339,513
231147,342,513
231163,339,513
231180,342,515
231196,341,512
231214,344,509
231230,334,513
231246,351,520
231263,405,515
231280,336,522
231297,360,502
231313,351,517
231329,325,524
231347,373,515
231363,336,518
231379,310,527
231396,317,505
231413,344,527
231430,366,516
231446,304,526
231462,352,520
231480,321,519
231496,316,519
231513,330,515
231529,333,512
231546,330,518
231563,334,519
231579,331,516
231596,334,513
231613,334,511
231629,333,516
231646,333,512
231662,332,515
231680,330,507
231696,337,512
231712,337,507
231729,336,517
231746,339,514
231762,338,518
231779,338,507
231795,340,512
231813,337,511
231829,339,514
231845,341,515
231862,340,513
231879,340,516
231896,341,510
231912,334,510
231928,340,514
231946,338,516
231962,340,514
231979,338,508
231995,344,509
232012,352,512
232029,342,511
232045,341,515
232061,342,510
232079,344,510
232095,340,506
232112,339,511
232128,339,512
232145,338,514
232162,341,508
232178,340,510
232195,339,508
232212,342,509
232228,340,518
232245,342,509
232261,341,514
232279,338,507
232295,338,509
232311,339,509
232328,336,514
232345,334,519
232361,337,513
232378,335,507
232394,336,508
232412,336,510
232428,337,515
232444,337,516
232461,338,510
232478,339,510
232495,334,509
232511,336,510
232527,340,515
232545,336,517
232561,353,513
232578,356,499
232594,385,510
232611,314,513
232628,341,518
232644,280,519
232660,361,525
232678,290,517
232694,379,506
232711,360,524
232727,283,521
232744,346,514
232761,301,516
232777,306,518
232794,308,517
232811,318,521
232827,318,523
232844,321,517
232860,320,515
232878,324,517
232894,324,513
232910,326,520
232927,326,517
232944,325,516
232961,325,514
232977,322,510
232993,320,514
233011,323,516
233027,322,522
233043,325,516
233060,326,519
233077,322,512
233094,322,516
233110,322,521
233126,321,521
233144,319,518
233160,320,514
233177,322,513
233193,322,517
233210,321,518
233227,322,517
233243,322,515
233260,323,511
233277,323,515
233293,324,513
233310,324,519
233326,326,515
233344,326,512
233360,327,508
233376,333,510
233393,337,513
233410,324,515
233426,327,514
233443,328,508
233459,324,505
233477,325,505
233493,326,510
233509,326,509
233526,327,508
233543,329,506
233560,329,506
233576,330,512
233592,327,513
233610,324,513
233626,326,511
233643,326,508
233659,324,509
233676,321,510
233693,324,514
233709,324,513
233725,323,513
233743,325,508
233759,323,507
233776,325,509
233792,327,519
233809,327,514
233826,326,510
233842,329,512
233859,327,510
233876,326,507
233892,353,506
233909,420,512
233925,310,523
233943,296,515
233959,377,519
233975,326,522
233992,345,514
234009,290,524
234025,353,507
234042,342,519
234058,349,501
234076,324,521
234092,307,514
234108,358,520
234125,302,512
234142,324,506
234159,315,514
234175,328,514
234191,328,510
234209,331,511
234225,336,507
234242,336,506
234258,340,507
234275,342,509
234292,336,509
234308,344,509
234324,339,512
234342,339,506
234358,336,513
234375,338,510
234391,344,518
234408,340,509
234425,338,513
234441,340,508
234458,340,513
234475,344,514
234491,343,517
234508,345,523
234524,342,509
234542,347,514
234558,342,508
234574,345,513
234591,342,518
234608,346,513
234625,344,512
234641,347,512
234657,343,510
234675,346,520
234691,346,515
234707,346,515
234724,346,508
234741,345,509
234758,341,511
234774,352,513
234790,342,515
234808,341,512
234824,339,508
234841,340,507
234857,336,509
234874,340,508
234891,339,512
234907,338,512
234924,341,508
234941,338,510
234957,337,512
234974,337,517
234990,340,518
235008,336,510
235024,336,513
235040,337,505
235057,333,517
235074,331,514
235090,336,512
235107,333,510
235123,333,511
235141,332,509
235157,329,512
235173,336,516
235190,338,513
235207,334,505
235224,374,512
235240,339,523
235256,334,508
235274,324,526
235290,278,525
235307,380,506
235323,294,519
235340,276,517
235357,395,515
235373,273,524
235389,323,522
235407,282,514
235423,334,513
235440,312,514
235456,310,514
235473,316,516
235490,326,511
235506,326,509
235523,328,509
235540,327,508
235556,330,511
235573,332,516
235589,333,505
235607,333,514
235623,331,503
235639,336,512
235656,333,509
235673,334,513
235689,335,511
235706,341,508
235722,334,510
235740,335,512
235756,336,515
235772,334,515
235789,340,514
235806,334,509
235823,333,508
235839,339,509
235855,337,517
235873,339,508
235889,336,511
235906,336,507
235922,338,513
235939,340,510
235956,337,514
235972,336,510
235988,341,505
236006,338,505
236022,336,509
236039,336,509
236055,337,516
236072,336,511
236089,336,507
236105,333,509
236122,339,508
236139,346,508
236155,337,510
236172,336,507
236188,335,508
236206,339,504
236222,335,510
236238,338,506
236255,333,511
236272,335,513
236289,340,507
236305,338,503
236321,336,509
236339,340,511
236355,338,513
236371,339,513
236388,338,506
236405,334,508
236422,337,510
236438,333,513
236454,338,516
236472,336,512
236488,336,507
236505,330,508
236521,337,510
236538,336,512
236555,335,515
236571,343,513
236588,359,507
236605,334,508
236621,322,502
236638,394,511
236654,328,526
236672,363,510
236688,318,521
236704,323,515
236721,284,527
236738,339,513
236754,354,528
236771,318,506
236787,346,514
236805,309,518
236821,321,519
236837,328,519
236854,338,515
236871,335,515
236888,334,510
236904,334,514
236920,340,518
236938,336,515
236954,333,509
236971,337,511
236987,332,511
237004,333,512
237021,336,514
237037,334,522
237053,342,514
237071,342,513
237087,339,513
237104,344,516
237120,337,517
237137,337,519
237154,335,515
237170,338,515
237187,339,513
237204,336,519
237220,336,516
237237,340,518
237253,337,516
237271,341,510
237287,342,510
237303,342,515
237320,339,519
237337,337,516
237353,339,517
237370,339,507
237386,338,512
237404,339,514
237420,339,513
237436,337,514
237453,338,512
237470,339,505
237487,337,508
237503,338,511
237519,335,517
237537,335,510
237553,336,512
237570,339,509
237586,336,508
237603,337,515
237620,340,512
237636,344,516
237652,335,510
237670,338,508
237686,337,510
237703,337,514
237719,338,513
237736,339,515
237753,339,508
237769,337,509
237786,337,509
237803,337,514
237819,336,516
237836,338,511
237852,333,514
237870,344,508
237886,351,506
237902,354,514
237919,339,518
237936,300,522
237953,339,516
237969,336,513
237985,309,513
238003,325,522
