timestamp,signal_jaw,signal_brow
0,341,537
10,335,515
21,339,527
31,335,524
41,336,525
53,336,531
63,333,527
74,334,528
84,331,535
95,334,529
106,329,531
116,335,530
128,331,532
138,332,539
149,328,532
159,329,539
171,324,534
181,326,536
191,326,537
202,327,544
212,327,530
224,326,549
234,324,534
245,326,542
256,326,542
269,327,541
282,324,543
295,324,538
309,329,544
323,324,545
336,326,539
350,325,542
363,326,542
376,325,541
391,328,545
404,326,541
417,326,545
431,327,541
444,325,543
458,328,541
472,327,539
485,327,540
498,328,543
512,330,534
526,328,541
539,328,537
552,327,541
566,330,536
579,328,545
593,330,530
607,331,542
620,328,538
633,332,543
647,337,536
661,341,543
674,329,536
688,331,540
701,333,538
714,334,537
729,336,542
742,330,539
755,334,535
769,334,538
783,333,536
796,332,535
809,334,532
823,332,537
836,334,530
850,338,530
864,333,538
877,338,533
890,336,527
904,338,533
918,339,529
931,334,528
945,334,528
958,337,531
971,339,526
986,337,530
999,338,520
1012,340,521
1027,339,524
1041,341,527
1056,341,522
1071,341,520
1085,342,525
1099,343,522
1114,342,523
1129,342,520
1143,343,528
1158,341,527
1172,343,517
1187,341,523
1202,341,524
1216,345,522
1230,339,523
1245,341,524
1260,334,528
1274,335,520
1289,334,523
1303,332,525
1318,333,526
1333,331,520
1347,332,528
1361,331,527
1376,333,526
1391,333,523
1405,338,522
1420,328,530
1434,327,521
1449,326,522
1464,324,527
1478,325,521
1492,325,521
1507,324,524
1522,325,530
1537,323,527
1551,324,525
1565,324,530
1580,324,526
1595,322,520
1609,322,530
1624,325,525
1638,320,528
1653,320,530
1668,316,529
1682,317,533
1696,317,525
1711,315,533
1726,316,527
1740,316,534
1755,315,524
1769,315,528
1784,315,534
1799,314,530
1813,313,524
1827,314,533
1842,313,534
1857,315,522
1871,315,529
1886,315,528
1900,315,538
1915,316,527
1930,316,535
1944,313,532
1958,317,527
1973,316,530
1988,318,527
2002,316,539
2017,318,530
2031,321,531
2045,316,527
2061,320,538
2075,317,525
2089,317,526
2104,318,538
2119,320,525
2134,319,529
2148,325,531
2162,332,531
2177,323,528
2192,322,526
2206,323,534
2221,324,526
2235,329,530
2250,326,525
2265,326,536
2279,329,526
2293,329,528
2308,329,525
2323,331,530
2337,331,524
2352,331,524
2366,335,527
2381,336,527
2396,333,528
2410,336,526
2424,337,524
2439,332,534
2454,330,523
2468,332,531
2483,331,536
2497,330,525
2511,331,529
2527,330,527
2541,331,528
2555,332,524
2570,332,525
2585,330,534
2599,331,524
2614,330,527
2628,328,538
2642,330,524
2658,331,525
2672,330,524
2686,330,531
2701,332,524
2716,332,532
2731,330,521
2745,332,528
2759,332,526
2774,334,526
2789,333,523
2803,331,530
2818,332,525
2832,329,526
2847,333,530
2862,334,528
2876,334,529
2890,333,532
2905,337,530
2920,349,530
2934,340,530
2949,336,532
2963,337,538
2977,338,529
2993,341,530
3007,336,536
3021,342,534
3036,341,528
3051,340,531
3065,342,531
3080,338,534
3094,342,523
3108,344,532
3124,342,527
3138,343,535
3152,342,523
3167,341,524
3182,346,534
3196,337,527
3211,344,529
3225,333,530
3239,342,533
3255,342,519
3269,341,529
3283,338,531
3298,344,527
3313,342,521
3328,340,527
3342,342,529
3356,338,524
3371,340,528
3386,347,526
3400,340,526
3415,347,521
3429,335,527
3443,338,529
3459,339,530
3473,341,523
3487,340,526
3502,340,527
3517,339,531
3531,337,521
3546,342,526
3560,341,526
3574,340,525
3590,336,527
3604,340,537
3618,343,519
3633,338,524
3648,339,526
3662,336,530
3677,347,530
3691,351,521
3705,341,528
3721,340,531
3735,340,521
3749,336,531
3764,340,531
3779,342,526
3793,336,519
3808,339,532
3822,341,523
3836,345,530
3852,341,519
3866,336,532
3880,340,524
3895,339,525
3909,341,529
3924,344,525
3939,339,523
3953,336,522
3968,338,527
3983,336,529
3997,336,521
4012,339,524
4026,332,530
4040,341,530
4056,336,523
4070,338,523
4084,339,533
4099,344,524
4114,339,531
4128,341,520
4143,338,528
4157,341,525
4171,343,528
4187,342,532
3,332,523
13240,330,520
13255,332,520
13271,331,526
13286,333,524
13302,332,520
13318,331,521
13333,331,526
13348,33333,524
13302,332,520
13318,331,521
13333,331,526
13348,33333,524
13302,332,520
13318,331,521
13333,331,526
13348,332,530
13365,331,516
13380,333,530
13395,331,519
13411,331,533
13426,335,515
13443,335,523
13458,333,515
13473,332,530
13489,334,524
13505,334,525
13520,337,516
13536,334,524
13551,335,523
13568,334,526
13583,337,514
13598,336,520
13614,336,529
13630,336,520
13645,335,525
13661,336,514
13676,334,525
13691,337,520
13708,345,526
13723,346,510
13739,334,523
13754,338,526
13770,338,523
13786,338,530
13801,339,510
13816,338,532
13833,341,522
13848,337,522
13863,338,518
13879,339,526
13895,339,518
13911,340,529
13926,340,517
13941,339,521
13957,339,521
13973,340,523
13988,338,529
14004,335,515
14019,337,526
14035,334,520
14051,332,530
14066,334,517
14082,336,518
14098,332,522
14113,332,522
14129,332,519
14144,331,521
14159,334,517
14176,332,524
14191,332,519
14206,334,520
14222,332,520
14238,332,521
14254,332,519
14269,332,523
14284,331,519
14301,328,517
14316,330,523
14331,331,524
14347,330,521
14363,330,513
14379,328,522
14394,327,520
14409,331,524
14425,325,520
14441,326,517
14456,330,521
14472,323,526
14487,327,516
14503,325,516
14519,322,519
14534,325,522
14550,325,521
14566,326,506
14581,329,519
14597,334,510
14612,327,512
14628,328,508
14644,325,507
14659,326,505
14674,336,517
14690,317,519
14706,334,518
14722,323,501
14737,329,521
14752,329,539
14769,337,524
14784,336,530
14799,326,513
14815,336,553
14831,336,540
14846,343,545
14862,339,557
14877,344,554
14894,339,542
14909,347,568
14924,343,549
14940,346,561
14955,348,565
14971,348,565
14987,350,557
15002,354,552
15017,356,543
15034,350,541
15049,353,542
15065,360,533
15080,359,528
15096,351,522
15112,356,523
15127,364,517
15142,354,516
15158,357,516
15174,356,515
15190,360,515
15205,361,505
15220,350,521
15237,353,510
15252,355,516
15267,358,494
15283,355,516
15299,350,508
15314,348,524
15330,345,519
15345,348,518
15362,346,521
15377,340,526
15392,349,529
15408,347,516
15423,334,522
15439,338,515
15455,337,523
15470,339,522
15485,334,518
15502,336,520
15517,331,526
15533,336,523
15548,346,524
15564,339,520
15580,322,523
15595,332,525
15610,325,524
15627,327,524
15642,323,519
15657,320,526
15673,319,534
15688,325,517
15705,321,518
15720,326,514
15735,320,514
15751,320,497
15767,320,498
15782,316,496
15798,320,494
15813,313,500
15830,302,495
15845,294,489
15860,286,491
15876,294,502
15892,284,493
15907,285,492
15923,283,492
15938,274,494
15953,274,493
15970,273,489
15985,273,491
16001,274,482
16016,276,499
16032,278,490
16048,280,495
16063,284,491
16078,288,500
16095,290,504
16110,292,498
16125,294,509
16141,297,499
16156,300,509
16173,305,519
16188,304,504
16203,311,511
16219,311,508
16235,316,515
16250,318,512
16266,320,515
16281,318,515
16297,322,514
16313,325,518
16328,324,523
16344,328,519
16360,332,514
16375,333,524
16391,332,522
16406,330,525
16421,340,518
16438,337,523
16453,343,519
16468,345,522
16484,340,512
16500,345,527
16516,337,517
16531,340,533
16546,348,524
16563,344,520
16578,340,522
16593,348,527
16609,345,534
16625,344,510
16641,347,520
16656,344,524
16671,345,519
16687,354,533
16703,352,528
16718,347,516
16734,344,548
16749,343,542
16765,348,540
16781,342,536
16796,346,542
16812,340,538
16828,345,523
16843,345,522
16859,345,528
16874,346,507
16890,347,517
16906,348,509
16921,347,500
16936,345,516
16952,346,505
16968,343,496
16984,345,489
16999,342,500
17014,344,500
17031,346,494
17046,346,492
17061,345,493
17077,345,505
17093,348,509
17108,348,508
17124,352,512
17139,344,524
17155,345,531
17171,350,530
17186,347,528
17202,345,527
17217,346,530
17233,343,533
17249,344,530
17264,341,538
17280,338,545
17296,338,547
17311,342,545
17327,347,534
17342,351,547
17358,341,540
17374,340,548
17389,348,540
17404,341,536
17420,346,543
17436,344,547
17452,345,546
17467,343,544
17482,344,541
17499,345,542
17514,344,546
17529,345,542
17545,348,537
17561,343,541
17576,344,533
17592,340,542
17607,338,539
17624,336,531
17639,336,540
17654,335,530
17670,336,529
17685,338,534
17701,336,527
17717,337,535
17732,340,532
17747,342,524
17764,345,526
17779,352,520
17795,348,527
17810,353,527
17826,347,523
17842,346,528
17857,344,523
17872,341,532
17889,340,522
17904,345,517
17920,340,521
17935,336,527
17950,339,516
17967,343,521
17982,336,525
17997,336,519
18013,341,520
18029,340,523
18044,340,503
18060,342,496
18075,341,506
18092,350,499
18107,342,503
18122,344,508
18138,342,497
18153,342,497
18169,345,509
18185,341,507
18200,340,512
18215,339,521
18232,343,516
18247,336,519
18263,339,515
18278,347,526
18294,340,518
18310,330,528
18325,345,510
18340,333,523
18357,344,523
18372,331,520
18387,340,520
18403,360,514
18418,388,511
18435,374,517
18450,350,518
18465,390,525
18481,336,516
18497,331,525
18512,321,531
18528,327,524
18543,352,527
18560,321,514
18575,329,517
18590,330,517
18606,331,515
18622,332,517
18637,332,522
18653,332,528
18668,330,508
18683,333,528
18700,333,522
18715,332,523
18731,328,525
18746,330,521
18762,331,523
18778,330,521
18793,333,523
18808,335,529
18825,333,523
18840,332,536
18855,339,528
18871,339,537
18887,341,517
18903,338,536
18918,340,537
18933,336,534
18949,336,541
18965,337,534
18980,339,541
18996,340,541
19011,335,544
19027,341,536
19043,335,542
19058,338,543
19074,338,541
19090,336,539
19105,340,547
19121,338,543
19136,342,541
19151,348,539
19168,346,546
19183,345,532
19198,342,539
19214,342,543
19230,344,529
19246,346,530
19261,341,525
19276,347,538
19293,346,527
19308,349,524
19323,351,525
19339,342,527
19355,346,518
19371,348,520
19386,350,523
19401,346,520
19417,347,527
19433,344,523
19448,343,515
19464,352,513
19479,340,525
19495,343,522
19511,341,514
19526,343,515
19542,340,517
19558,336,523
19573,341,519
19589,342,524
19604,339,519
19620,347,524
19636,343,526
19651,349,523
19666,346,515
19682,354,522
19698,342,523
19714,353,523
19729,341,513
19744,350,512
19761,352,519
19776,355,519
19791,351,512
19807,344,511
19823,347,513
19838,345,519
19854,347,516
19869,351,508
19886,351,513
19901,336,516
19916,344,515
19932,344,513
19947,334,514
19963,340,509
19979,335,517
19994,336,512
20009,341,510
20026,350,507
20041,338,510
20057,333,508
20072,333,502
20088,334,496
20104,336,492
20119,333,489
20134,329,492
20150,330,497
20166,328,471
20182,323,495
20197,328,470
20212,327,493
20229,324,466
20244,322,470
20259,322,474
20275,324,472
20291,323,469
20306,317,472
20322,316,484
20337,314,489
20354,315,493
20369,313,496
20384,316,494
20400,314,507
20415,312,503
20431,319,500
20447,318,499
20462,316,507
20477,317,510
20494,318,512
20509,320,509
20525,320,524
20540,318,511
20556,321,535
20572,314,519
20587,315,529
20602,314,532
20619,314,545
20634,315,527
20649,309,529
20665,309,528
20680,308,534
20697,308,525
20712,306,516
20727,308,533
20743,307,519
20759,305,533
20774,306,524
20790,304,530
20805,306,524
20822,306,527
20837,305,532
20852,304,525
20868,304,538
20884,307,529
20899,304,529
20915,305,536
20930,307,529
20945,304,551
20962,304,535
20977,307,543
20993,307,550
21008,305,526
21024,309,545
21040,308,554
21055,309,568
21070,318,559
21087,323,568
21102,313,561
21117,312,562
21133,316,551
21148,316,543
21165,318,531
21180,320,538
21195,321,533
21211,323,525
21227,325,521
21242,324,519
21258,327,518
21273,329,516
21289,330,507
21305,331,510
21320,331,514
21336,333,514
21352,333,511
21367,332,505
21383,330,512
21398,331,511
21413,332,509
21430,334,506
21445,333,510
21460,333,510
21476,333,511
21492,334,505
21508,334,505
21523,334,502
21538,334,515
21555,336,512
21570,335,509
21585,335,511
21601,336,510
21617,338,515
21633,341,510
21648,338,511
21663,340,514
21679,339,525
21695,339,515
21710,340,502
21726,341,502
21741,339,513
21757,339,520
21773,338,518
21788,341,518
21804,340,526
21820,339,527
21835,342,521
21851,341,528
21866,341,517
21882,341,524
21898,341,530
21913,340,518
21928,336,503
21944,340,538
21960,343,521
21976,340,532
21991,343,516
22006,340,542
22023,339,542
22038,341,535
22053,342,526
22069,343,539
22085,344,540
22100,351,532
22116,343,538
22131,344,536
22147,342,527
22163,346,529
22178,343,523
22194,347,534
22209,341,506
22225,344,518
22241,346,524
22256,345,521
22272,344,505
22288,332,511
22303,345,519
22319,339,516
22334,346,515
22350,338,513
22366,332,520
22381,336,517
22396,334,521
22412,333,508
22428,338,515
22444,334,524
22459,336,512
22474,336,518
22491,331,510
22506,339,510
22521,333,510
22537,342,507
22553,348,506
22568,352,508
22584,343,503
22599,322,516
22616,346,517
22631,348,504
22646,347,518
22662,336,517
22677,339,518
22693,352,519
22709,325,511
22724,329,518
22739,333,522
22756,333,522
22771,332,507
22787,335,519
22802,333,519
22818,334,521
22834,334,516
22849,333,511
22864,333,517
22881,327,521
22896,327,519
22912,326,515
22927,329,518
22942,327,520
22959,335,530
22974,330,524
22989,326,525
23005,330,528
23021,329,531
23036,331,533
23052,322,526
23067,330,534
23084,325,528
23099,333,542
23114,335,530
23130,328,533
23145,332,533
23161,333,539
23177,334,538
23192,337,535
23207,340,539
23224,336,541
23239,338,549
23255,339,550
23270,339,533
23286,332,547
23302,338,536
23317,338,547
23332,339,535
23349,337,532
23364,343,539
23379,344,537
23395,349,528
23410,344,525
23427,347,527
23442,348,535
23457,344,529
23473,348,525
23489,346,521
23504,346,527
23520,343,527
23535,347,525
23552,348,518
23567,348,520
23582,350,530
23598,340,527
23614,344,527
23629,342,513
23645,339,520
23660,340,519
23675,339,518
23692,334,510
23707,336,507
23723,334,515
23738,337,514
23754,336,506
23770,333,510
23785,333,510
23800,331,513
23817,331,507
23832,329,510
23847,334,507
23863,342,505
23879,330,512
23895,332,514
23910,330,506
23925,337,505
23941,334,510
23957,341,499
23972,342,498
23988,339,490
24003,348,498
24019,343,500
24035,339,494
24050,343,489
24066,338,501
24082,338,506
24097,338,501
24113,337,501
24128,333,500
24143,331,505
24160,330,508
24175,328,508
24190,332,507
24206,328,504
24222,329,511
24238,331,517
24253,334,506
24268,329,510
24285,331,512
24300,336,516
24315,327,514
24331,326,512
24347,325,515
24363,324,520
24378,326,520
24393,324,513
24409,323,519
24425,324,518
24440,323,522
24456,326,521
24471,326,511
24487,326,518
24503,326,525
24518,328,510
24534,328,524
24550,331,509
24565,331,523
24581,332,526
24596,334,521
24612,332,523
24628,332,520
24643,331,524
24658,334,534
24674,330,526
24690,333,526
24706,332,530
24721,335,540
24736,336,524
24753,349,526
24768,333,520
24783,337,530
24799,335,530
24815,336,527
24830,336,522
24846,337,525
24861,339,529
24878,337,528
24893,342,518
24908,341,519
24924,340,520
24939,340,529
24955,343,523
24971,344,518
24986,345,520
25001,340,521
25018,343,515
25033,341,517
25049,340,517
25064,340,520
25080,336,524
25096,339,518
25111,343,516
25126,335,524
25142,339,517
25158,338,523
25174,341,520
25189,337,517
25204,335,519
25221,338,522
25236,338,514
25251,339,511
25267,337,516
25283,336,513
25298,336,517
25314,337,519
25329,333,512
25346,334,519
25361,336,518
25376,340,513
25392,340,511
25407,338,519
25423,335,516
25439,333,517
25454,339,515
25469,337,515
25486,331,510
25501,335,517
25517,339,521
25532,343,509
25548,356,532
25564,344,511
25579,345,517
25594,350,521
25611,342,517
25626,347,520
25641,352,532
25657,355,526
25672,338,522
25689,351,538
25704,346,533
25719,350,532
25735,351,530
25751,345,534
25766,349,547
25782,350,532
25797,346,540
25814,347,528
25829,342,534
25844,340,526
25860,344,537
25876,344,523
25891,353,524
25907,343,523
25922,344,532
25937,340,530
25954,349,523
25969,339,521
25985,339,528
26000,349,526
26016,339,520
26032,344,518
26047,341,516
26062,345,524
26079,342,520
26094,332,516
26109,342,515
26125,330,525
26140,337,524
26157,340,521
26172,332,511
26187,336,525
26203,332,524
26219,329,512
26234,328,522
26250,324,516
26265,329,514
26281,324,515
26297,322,513
26312,316,516
26328,324,509
26344,326,515
26359,318,526
26375,310,511
26390,312,511
26405,314,522
26422,311,517
26437,313,522
26452,311,502
26468,313,512
26484,307,515
26500,312,522
26515,310,511
26530,318,511
26547,306,515
26562,314,510
26577,310,517
26593,313,513
26609,310,507
26625,309,523
26640,302,516
26655,310,519
26671,304,517
26687,315,516
26702,301,516
26718,311,513
26733,307,511
26749,309,519
26765,316,512
26780,315,524
26796,310,520
26812,315,516
26827,317,520
26843,309,521
26858,311,517
26874,316,513
26890,313,518
26905,317,514
26920,313,525
26936,317,510
26952,313,521
26968,313,503
26983,315,533
26998,318,516
27015,325,512
27030,315,514
27045,324,518
27061,320,525
27077,316,505
27092,323,515
27108,322,520
27123,321,520
27139,325,520
27155,320,516
27170,331,513
27186,336,521
27201,322,517
27217,323,521
27233,328,517
27248,327,524
27264,330,521
27280,334,519
27295,333,510
27311,330,514
27326,328,518
27342,334,521
27358,333,522
27373,335,517
27388,334,514
27404,334,523
27420,339,524
27436,332,515
27451,330,513
27466,334,519
27483,332,513
27498,335,526
27513,321,515
27529,332,514
27545,325,528
27560,329,522
27576,340,514
27591,333,512
27608,332,518
27623,332,528
27638,330,516
27654,334,523
27669,328,525
27685,334,515
27701,328,531
27716,331,514
27731,334,527
27748,322,515
27763,326,521
27779,331,526
27794,330,525
27810,330,509
27826,335,524
27841,337,528
27856,336,516
27873,334,517
27888,339,524
27904,337,518
27919,341,522
27934,338,511
27951,346,516
27966,344,521
27981,334,525
27997,322,516
28013,334,514
28028,324,520
28044,333,517
28059,320,522
28076,336,522
28091,335,508
28106,343,527
28122,330,518
28137,338,519
28153,332,508
28169,331,514
28184,337,514
28199,336,520
28216,336,513
28231,335,516
28247,333,523
28262,334,517
28278,328,514
28294,336,524
28309,339,514
28324,329,518
28341,335,524
28356,337,515
28371,338,512
28387,336,518
28402,330,518
28419,330,522
28434,334,519
28449,328,514
28465,332,529
28481,331,519
28496,328,519
28512,328,513
28527,334,521
28544,326,518
28559,332,523
28574,337,515
28590,333,516
28606,334,524
28621,332,522
28637,338,512
28652,341,508
28667,335,523
28684,341,516
28699,340,523
28715,329,511
28730,333,516
28746,332,521
28762,328,522
28777,331,517
28792,332,510
28809,328,524
28824,337,522
28839,344,521
28855,336,510
28871,341,520
28887,336,521
28902,337,523
28917,338,516
28933,346,521
28949,334,517
28964,336,529
28980,339,515
28995,336,513
29011,336,514
29027,342,524
29042,332,522
29058,337,514
29074,337,521
29089,334,516
29105,336,530
29120,331,520
29135,335,520
29152,336,512
29167,332,523
29182,329,520
29198,336,519
29214,341,518
29230,345,518
29245,336,523
29260,333,521
29277,333,518
29292,332,513
29307,336,526
29323,329,517
29339,333,522
29355,335,516
29370,333,515
29385,338,519
29401,336,520
29417,336,517
29432,332,510
29448,333,521
29463,337,526
29479,337,509
29495,339,521
29510,330,517
29526,329,520
29542,330,524
29557,337,514
29573,333,513
29588,330,514
29604,328,521
29620,333,516
29635,333,517
29650,332,521
29666,333,520
29682,334,524
29698,335,514
29713,330,517
29728,330,517
29745,334,528
29760,333,512
29775,334,520
29791,330,510
29807,333,522
29822,332,523
29838,336,515
29853,332,520
29870,333,519
29885,333,515
29900,331,520
29916,336,512
29931,330,523
29947,329,524
29963,331,513
29978,337,516
29993,333,523
30010,335,517
30025,337,518
30041,335,524
30056,334,513
30072,336,523
30088,337,514
30103,340,521
30118,333,520
30134,337,511
30150,340,520
30166,335,517
30181,335,521
30196,336,515
30213,334,515
30228,338,518
30243,337,519
30259,342,520
30275,335,511
30290,352,519
30306,340,527
30321,337,512
30338,338,519
30353,337,518
30368,338,519
30384,337,521
30399,339,520
30415,336,511
30431,340,521
30446,332,516
30461,341,520
30478,338,517
30493,336,510
30509,342,525
30524,340,517
30540,340,528
30556,339,507
30571,337,518
30586,336,519
30603,335,514
30618,336,515
30633,332,515
30649,334,518
30664,338,519
30681,336,522
30696,339,517
30711,332,513
30727,337,528
30743,333,519
30758,332,520
30774,336,518
30789,332,521
30806,331,520
30821,336,514
30836,333,519
30852,334,518
30868,332,515
30883,333,519
30899,335,514
30914,337,511
30929,333,518
30946,337,516
30961,331,515
30977,336,515
30992,335,517
31008,335,522
31024,338,521
31039,336,522
31054,338,510
31071,336,518
31086,337,526
31101,334,521
31117,338,510
31132,336,513
31149,336,521
31164,342,516
31179,348,518
31195,331,514
31211,338,520
31226,339,518
31242,342,515
31257,337,517
31273,338,519
31289,338,520
31304,340,520
31320,334,514
31336,348,518
31351,331,514
31367,333,514
31382,340,517
31397,343,519
31414,334,515
31429,349,517
31444,350,516
31460,338,517
31476,347,516
31492,337,519
31507,334,525
31522,339,521
31539,340,516
31554,335,522
31569,332,516
31585,337,520
31601,338,520
31617,346,507
31632,338,517
31647,342,524
31663,347,519
31679,342,512
31694,334,515
31710,333,525
31725,339,519
31741,332,521
31757,328,516
31772,330,518
31788,328,519
31804,327,525
31819,331,510
31835,330,515
31850,332,517
31866,328,520
31882,334,520
31897,334,517
31912,321,515
31928,326,517
31944,332,517
31960,327,512
31975,322,514
31990,327,521
32007,332,516
32022,344,518
32037,332,520
32053,326,512
32069,324,518
32084,329,521
32100,327,521
32115,333,513
32131,329,515
32147,331,524
32162,326,510
32178,330,520
32193,334,522
32209,321,518
32225,329,516
32240,330,518
32256,323,512
32272,330,514
32287,334,521
32303,326,514
32318,341,521
32334,338,509
32350,335,522
32365,340,521
32380,339,520
32396,343,508
32412,341,517
32428,337,522
32443,337,518
32458,334,510
32475,339,517
32490,327,516
32505,340,524
32521,325,516
32537,329,519
32552,328,519
32568,329,531
32583,327,514
32600,332,515
32615,342,520
32630,336,518
32646,332,526
32661,336,517
32677,338,517
32693,337,515
32708,337,522
32723,336,524
32740,339,522
32755,338,515
32771,336,516
32786,345,520
32802,338,518
32818,340,515
32833,341,513
32848,337,522
32865,348,524
32880,343,515
32896,334,527
32911,337,517
32926,337,522
32943,334,520
32958,335,514
32973,333,515
32989,335,515
33005,343,522
33020,334,519
33036,338,514
33051,341,522
33068,339,518
33083,345,518
33098,339,516
33114,350,521
33129,340,519
33145,333,514
33161,330,512
33176,328,515
33191,325,511
33208,323,523
33223,323,521
33239,331,509
33254,330,516
33270,336,523
33286,337,519
33301,338,519
33316,347,513
33333,334,517
33348,337,526
33363,336,515
33379,341,516
33394,340,515
33411,340,517
33426,342,517
33441,334,521
33457,338,513
33473,336,516
33488,336,521
33504,334,514
33519,333,517
33536,339,513
33551,339,522
33566,335,523
33582,334,516
33598,336,512
33613,335,516
33629,328,516
33644,331,518
33659,328,516
33676,338,508
33691,325,522
33707,339,518
33722,346,515
33738,335,522
33754,337,514
33769,335,522
33784,333,519
33801,337,516
33816,332,518
33831,325,519
33847,330,520
33863,330,517
33879,333,510
33894,332,514
33909,329,523
33925,335,516
33941,339,515
33956,338,522
33972,331,516
33987,333,522
34003,331,516
34019,321,517
34034,337,513
34050,322,523
34066,333,518
34081,338,515
34097,326,512
34112,328,517
34127,331,522
34144,325,518
34159,328,517
34174,331,514
34190,331,516
34206,323,522
34222,329,514
34237,325,517
34252,325,517
34269,322,524
34284,327,517
34299,324,518
34315,322,511
34331,322,519
34347,327,518
34362,323,518
34377,328,518
34393,325,521
34409,323,521
34424,331,516
34440,325,522
34455,322,519
34471,322,518
34487,320,522
34502,330,519
34518,326,517
34534,326,516
34549,321,521
34565,340,519
34580,329,517
34596,324,515
34612,326,518
34627,327,520
34642,322,513
34658,325,520
34674,326,512
34690,322,524
34705,332,517
34720,326,514
34737,329,513
34752,333,524
34767,329,518
34783,337,510
34799,330,514
34814,334,517
34830,329,521
34845,332,520
34862,327,510
34877,330,518
34892,327,516
34908,326,519
34923,333,518
34939,331,510
34955,329,521
34970,330,515
34985,330,521
35002,330,514
35017,330,519
35033,330,522
35048,328,521
35064,330,517
35080,334,518
35095,334,517
35110,329,521
35126,331,523
35142,334,513
35158,334,513
35173,332,517
35188,333,521
35205,329,521
35220,340,512
35235,330,518
35251,332,509
35267,334,508
35282,333,505
35298,332,494
35313,329,497
35330,327,505
35345,326,495
35360,318,492
35376,318,493
35391,314,492
35407,317,500
35423,322,492
35438,314,488
35453,308,492
35470,308,497
35485,304,494
35501,304,495
35516,300,498
35532,306,500
35548,304,504
35563,310,505
35578,301,504
35595,311,501
35610,306,514
35625,317,507
35641,316,505
35656,317,508
35673,315,511
35688,313,517
35703,312,508
35719,315,512
35735,308,512
35750,312,521
35766,316,526
35781,310,521
35798,311,519
35813,314,523
35828,316,524
35844,313,522
35860,316,519
35875,317,527
35891,323,522
35906,323,526
35921,321,517
35938,321,526
35953,325,527
35969,326,522
35984,322,529
36000,323,527
36016,328,520
36031,324,531
36046,330,522
36063,326,518
36078,324,518
36093,327,527
36109,332,527
36124,328,521
36141,332,518
36156,331,525
36171,330,522
36187,331,524
36203,334,523
36218,335,516
36234,331,521
36249,339,525
36265,347,524
36281,332,512
36296,336,523
36312,336,521
36328,337,523
36343,338,516
36359,341,520
36374,343,520
36389,343,523
36406,346,522
36421,345,519
36436,347,514
36452,344,523
36468,346,524
36484,351,510
36499,349,513
36514,348,521
36531,349,518
36546,346,522
36561,346,513
36577,344,520
36593,343,518
36609,344,524
36624,344,516
36639,343,516
36655,341,518
36671,344,521
36686,340,531
36702,345,509
36717,340,518
36733,343,522
36749,341,524
36764,346,513
36780,342,510
36796,343,519
36811,342,523
36827,343,520
36842,346,514
36858,343,515
36874,342,516
36889,342,525
36904,340,513
36920,342,518
36936,338,514
36952,341,519
36967,341,523
36982,341,508
36999,341,523
37014,338,516
37029,342,516
37045,339,519
37061,345,518
37076,348,516
37092,348,517
37107,341,526
37123,342,508
37139,340,516
37154,345,513
37170,342,523
37185,347,520
37201,342,515
37217,344,518
37232,345,515
37248,348,512
37264,347,505
37279,347,514
37295,351,508
37310,347,514
37326,354,510
37342,346,507
37357,346,509
37372,342,512
37388,348,508
37404,345,510
37420,339,508
37435,345,510
37450,338,515
37467,342,508
37482,340,513
37497,341,509
37513,339,516
37529,341,514
37544,337,508
37560,337,517
37575,337,512
37592,339,514
37607,339,522
37622,336,508
37638,337,512
37653,335,510
37669,338,518
37685,338,516
37700,335,509
37715,338,519
37732,336,516
37747,338,515
37763,341,512
37778,336,515
37794,337,517
37810,338,525
37825,339,508
37840,337,514
37857,338,519
37872,340,519
37888,337,521
37903,339,514
37918,348,518
37935,340,517
37950,337,518
37965,340,518
37981,334,520
37997,342,524
38012,335,541
38028,339,527
38043,340,527
38060,338,523
38075,340,525
38090,341,529
38106,338,520
38121,338,519
38137,342,527
38153,337,529
38168,338,526
38183,341,519
38200,339,524
38215,338,526
38231,339,532
38246,336,525
38262,335,530
38278,335,524
38293,339,533
38308,336,525
38325,338,520
38340,338,522
38355,338,525
38371,336,525
38386,339,527
38403,339,519
38418,336,516
38433,338,522
38449,340,521
38465,338,510
38480,341,509
38496,339,510
38511,343,514
38528,337,516
38543,340,514
38558,339,510
38574,340,520
38590,339,512
38605,339,515
38621,340,509
38636,336,520
38651,337,512
38668,338,517
38683,336,514
38699,337,516
38714,340,519
38730,336,517
38746,340,514
38761,348,509
38776,339,512
38793,337,519
38808,339,516
38823,337,508
38839,329,513
38855,334,519
38871,334,516
38886,332,515
38901,336,509
38917,331,515
38933,332,522
38948,334,512
38964,333,513
38979,333,514
38995,334,519
39011,335,520
39026,334,514
39042,336,518
39058,335,512
39073,333,525
39089,336,520
39104,332,516
39119,330,510
39136,335,518
39151,334,518
39166,331,516
39182,337,514
39198,327,516
39214,337,517
39229,337,513
39244,333,516
39261,340,514
39276,336,517
39291,338,520
39307,339,515
39323,332,512
39339,340,514
39354,333,519
39369,338,511
39385,336,516
39401,332,513
39416,334,516
39432,332,516
39447,336,520
39463,331,520
39479,333,513
39494,333,523
39510,334,517
39526,332,513
39541,334,521
39557,332,518
39572,332,522
39588,333,511
39604,346,522
39619,341,513
39634,332,517
39650,333,520
39666,335,510
39682,332,509
39697,333,525
39712,331,507
39729,334,516
39744,334,511
39759,336,513
39775,331,512
39791,336,518
39806,336,508
39822,336,517
39837,332,518
39854,337,518
39869,335,516
39884,334,512
39900,331,514
39915,329,521
39931,331,517
39947,332,518
39962,333,518
39977,329,512
39994,331,520
40009,336,518
40025,330,516
40040,331,527
40056,329,529
40072,326,533
40087,328,531
40102,328,529
40118,328,538
40134,328,531
40150,329,542
40165,329,526
40180,331,530
40197,328,531
40212,332,525
40227,333,527
40243,331,523
40259,330,525
40274,333,528
40290,332,526
40305,335,518
40322,332,530
40337,331,516
40352,333,528
40368,333,520
40383,336,521
40399,336,522
40415,337,528
40430,345,525
40445,333,520
40462,335,522
40477,337,514
40493,338,531
40508,334,519
40524,338,517
40540,336,517
40555,339,522
40570,339,518
40587,342,519
40602,340,518
40617,341,525
40633,346,517
40648,343,530
40665,344,518
40680,341,529
40695,339,523
40711,337,533
40727,338,525
40742,336,519
40758,337,525
40773,334,521
40790,337,523
40805,336,513
40820,334,523
40836,335,523
40852,336,525
40867,335,520
40883,338,513
40898,336,521
40913,333,523
40930,336,517
40945,335,511
40961,336,512
40976,338,516
40992,336,517
41008,337,508
41023,337,507
41038,334,518
41055,336,511
41070,336,515
41085,333,511
41101,338,509
41116,336,514
41133,336,519
41148,333,505
41163,336,509
41179,345,507
41195,339,512
41210,336,509
41226,336,514
41241,334,505
41257,334,511
41273,335,509
41288,335,508
41304,340,510
41320,335,507
41335,336,511
41351,338,511
41366,335,510
41381,336,502
41398,336,501
41413,335,510
41428,338,495
41444,335,497
41460,331,494
41476,334,507
41491,330,505
41506,331,504
41523,335,501
41538,332,501
41553,330,510
41569,332,502
41585,333,505
41601,335,505
41616,328,508
41631,332,507
41647,329,506
41663,341,504
41678,328,505
41694,324,508
41709,319,510
41725,328,500
41741,323,510
41756,326,515
41772,325,503
41788,323,510
41803,328,511
41819,327,511
41834,325,519
41850,322,520
41866,324,523
41881,332,518
41896,327,527
41912,326,523
41928,337,518
41944,341,520
41959,330,525
41974,330,522
41991,329,522
42006,328,520
42021,329,527
42037,323,532
42053,330,521
42068,326,524
42084,328,519
42099,332,522
42115,326,528
42131,337,528
42146,333,519
42162,334,523
42177,333,522
42193,336,523
42209,330,523
42224,330,515
42240,330,526
42256,325,528
42271,328,531
42287,331,528
42302,328,528
42318,329,525
42334,335,534
42349,334,518
42364,332,519
42380,333,521
42396,329,526
42412,334,527
42427,330,521
42442,335,517
42459,333,518
42474,338,518
42489,336,508
42505,335,509
42521,339,506
42536,342,507
42552,343,506
42567,343,495
42584,341,493
42599,342,497
42614,340,504
42630,337,496
42645,338,494
42661,335,498
42677,338,503
42692,328,505
42707,332,502
42724,337,504
42739,341,508
42755,325,513
42770,333,516
42786,330,511
42802,334,514
42817,329,513
42832,331,517
42849,334,511
42864,333,512
42880,326,512
42895,331,515
42910,332,518
42927,330,508
42942,333,509
42957,328,523
42973,334,511
42989,332,517
43004,331,513
43020,331,508
43035,329,518
43052,330,517
43067,331,512
43082,327,521
43098,331,513
43113,328,520
43129,331,514
43145,326,514
43160,334,521
43175,333,516
43192,335,523
43207,328,518
43223,335,517
43238,328,518
43254,334,527
43270,334,516
43285,334,523
43300,331,515
43317,330,536
43332,336,513
43347,336,523
43363,334,518
43378,332,519
43395,333,530
43410,330,520
43425,336,519
43441,336,521
43457,333,525
43472,334,529
43488,336,520
43503,336,522
43520,341,525
43535,339,526
43550,336,517
43566,336,523
43582,331,525
43597,338,521
43613,333,527
43628,338,522
43643,334,518
43660,337,526
43675,335,526
43691,337,520
43706,339,523
43722,333,526
43738,340,531
43753,335,534
43768,336,532
43785,339,522
43800,334,531
43815,335,527
43831,336,525
43847,331,517
43863,335,522
43878,330,529
43893,336,530
43909,332,528
43925,335,528
43940,328,529
43956,328,541
43971,330,532
43987,326,527
44003,325,530
44018,326,535
44034,324,538
44050,324,534
44065,324,527
44081,324,536
44096,325,535
44111,327,533
44128,327,532
44143,330,524
44158,333,535
44174,329,529
44190,331,527
44206,333,522
44221,333,518
44236,335,528
44253,336,520
44268,331,515
44283,336,522
44299,333,521
44315,332,521
44331,334,514
44346,334,517
44361,333,513
44377,345,518
44393,341,521
44408,334,511
44424,337,516
44439,333,518
44455,338,515
44471,337,516
44486,338,509
44502,335,518
44518,341,517
44533,337,516
44549,339,512
44564,340,509
44580,342,511
44596,341,510
44611,344,509
44626,345,505
44642,345,503
44658,344,514
44674,345,505
44689,346,494
44704,349,491
44721,348,491
44736,344,495
44751,340,493
44767,350,486
44783,338,494
44798,347,495
44814,341,503
44829,337,495
44846,339,493
44861,342,504
44876,341,497
44892,338,499
44907,337,501
44923,338,497
44939,338,505
44954,342,515
44969,338,504
44986,340,507
45001,340,500
45017,339,516
45032,345,511
45048,337,502
45064,341,503
45079,336,510
45094,335,500
45110,334,506
45126,332,502
45142,332,505
45157,333,512
45172,327,510
45189,328,503
45204,328,511
45219,332,506
45235,342,516
45251,317,509
45266,316,514
45282,322,523
45297,321,529
45314,321,526
45329,318,526
45344,322,527
45360,321,527
45375,326,530
45391,319,532
45407,321,520
45422,319,520
45437,318,530
45454,322,524
45469,323,524
45485,323,518
45500,315,517
45516,320,526
45532,315,521
45547,320,523
45562,320,524
45579,321,524
45594,320,521
45609,320,519
45625,320,519
45640,318,519
45657,319,522
45672,318,521
45687,317,518
45703,315,523
45719,314,521
45734,313,522
45750,317,509
45765,314,522
45782,314,515
45797,319,527
45812,318,514
45828,315,514
45844,318,515
45859,318,522
45875,321,517
45890,320,512
45905,324,515
45922,320,518
45937,319,521
45953,326,522
45968,319,508
45984,324,520
46000,318,514
46015,325,523
46030,328,517
46047,336,512
46062,328,514
46077,326,508
46093,332,511
46108,334,494
46125,332,502
46140,336,500
46155,332,501
46171,335,497
46187,336,506
46202,334,501
46218,335,509
46233,332,502
46249,334,507
46265,336,511
46280,334,507
46296,338,512
46312,332,512
46327,337,507
46343,331,510
46358,334,509
46373,332,514
46390,331,507
46405,332,512
46420,333,513
46436,335,521
46452,334,505
46468,336,514
46483,335,509
46498,337,509
46515,337,515
46530,338,510
46545,338,509
46561,337,510
46577,335,513
46593,338,516
46608,337,513
46623,339,522
46639,342,511
46655,336,520
46670,341,512
46686,340,516
46701,337,512
46717,339,527
46733,336,515
46748,338,517
46764,340,512
46780,338,524
46795,343,513
46811,344,521
46826,347,515
46842,336,516
46858,340,519
46873,341,516
46888,340,517
46904,341,516
46920,338,517
46936,342,518
46951,340,514
46966,340,518
46983,342,516
46998,338,516
47013,342,521
47029,341,511
47045,340,516
47060,343,523
47076,343,525
47091,339,517
47107,340,523
47123,339,516
47138,338,516
47154,339,526
47169,337,511
47185,339,527
47201,339,514
47216,341,527
47232,339,513
47248,342,521
47263,341,520
47279,340,521
47294,342,522
47310,340,522
47326,345,518
47341,338,526
47356,348,521
47372,344,518
47388,344,507
47404,354,509
47419,347,516
47434,347,502
47451,337,526
47466,348,516
47481,338,516
47497,336,515
47513,343,526
47528,334,517
47544,331,530
47559,318,527
47576,347,534
47591,328,534
47606,328,525
47622,324,532
47637,336,531
47653,324,527
47669,326,519
47684,331,531
47699,342,520
47716,329,526
47731,305,514
47747,325,519
47762,328,512
47778,314,508
47794,322,519
47809,321,507
47824,314,515
47841,323,521
47856,316,514
47872,304,524
47887,316,511
47902,316,532
47919,315,525
47934,314,520
47949,318,507
47965,321,520
47981,321,519
47996,321,525
48012,316,510
48027,323,512
48044,340,514
48059,340,521
48074,306,521
48090,313,518
48105,323,509
48121,314,512
48137,320,517
48152,324,508
48167,322,516
48184,321,508
48199,322,523
48215,330,518
48230,337,529
48246,330,507
48262,338,526
48277,337,518
48292,338,519
48309,336,513
48324,335,509
48339,346,530
48355,336,521
48370,339,512
48387,335,505
48402,340,523
48417,336,508
48433,339,516
48449,337,510
48464,338,510
48480,338,529
48495,337,522
48512,335,522
48527,340,524
48542,334,518
48558,335,526
48574,339,514
48589,337,515
48605,334,516
48620,335,524
48635,334,521
48652,335,522
48667,334,516
48683,335,521
48698,334,520
48714,339,520
48730,342,520
48745,331,518
48760,339,511
48777,337,513
48792,337,520
48807,345,510
48823,336,521
48839,336,519
48855,340,518
48870,342,515
48885,341,520
48901,339,514
48917,343,527
48932,340,511
48948,339,515
48963,339,520
48979,341,515
48995,339,524
49010,337,519
49026,344,514
49042,343,513
49057,343,517
49073,340,505
49088,340,515
49103,339,504
49120,346,510
49135,338,519
49150,338,502
49166,341,510
49182,340,524
49198,337,515
49213,341,515
49228,336,520
49245,338,509
49260,339,517
49275,337,517
49291,339,506
49307,338,521
49323,339,522
49338,342,521
49353,342,506
49369,342,506
49385,338,510
49400,339,512
49416,346,511
49431,337,518
49447,338,514
49463,337,509
49478,339,525
49494,342,512
49510,337,510
49525,337,507
49541,338,513
49556,340,516
49572,339,522
49588,334,501
49603,341,521
49618,339,515
49634,341,516
49650,339,506
49666,340,526
49681,343,507
49696,336,523
49713,338,513
49728,341,503
49743,342,519
49759,337,519
49775,341,514
49790,344,512
49806,335,510
49821,343,517
49838,339,515
49853,340,512
49868,344,499
49884,340,511
49899,336,515
49915,344,506
49931,342,507
49946,339,507
49961,346,515
49978,346,512
49993,348,504
50009,345,512
50024,342,508
50040,332,518
50056,342,513
50071,335,514
50086,338,512
50102,337,521
50118,335,517
50134,333,521
50149,334,530
50164,330,515
50181,336,527
50196,336,522
50211,333,520
50227,338,515
50243,338,523
50258,336,524
50274,333,520
50289,335,523
50306,331,528
50321,342,518
50336,330,529
50352,334,522
50367,336,520
50383,332,525
50399,337,518
50414,332,529
50429,340,513
50446,339,526
50461,332,524
50477,337,523
50492,333,518
50508,334,511
50524,335,516
50539,336,527
50554,334,518
50571,337,507
50586,341,520
50601,336,524
50617,342,525
50632,338,509
50649,338,515
50664,338,520
50679,337,521
50695,333,514
50711,342,512
50726,337,515
50742,341,520
50757,338,513
50774,341,507
50789,340,513
50804,343,513
50820,340,514
50836,340,514
50851,340,499
50867,336,509
50882,342,510
50897,341,513
50914,338,512
50929,330,508
50945,326,510
50960,334,516
50976,323,519
50992,324,506
51007,322,509
51022,322,519
51039,320,523
51054,318,507
51069,321,509
51085,322,518
51100,321,508
51117,325,512
51132,328,517
51147,324,510
51163,328,514
51179,325,521
51194,325,510
51210,325,511
51225,328,517
51241,333,513
51257,330,513
51272,329,513
51288,333,511
51304,334,515
51319,330,515
51335,335,516
51350,336,501
51365,333,512
51382,337,509
51397,335,513
51412,332,497
51428,336,494
51444,332,501
51460,336,499
51475,338,500
51490,332,478
51507,332,498
51522,349,490
51537,337,488
51553,344,493
51569,344,491
51585,340,491
51600,342,495
51615,345,492
51631,335,490
51647,344,498
51662,342,498
51678,338,503
51693,345,489
51709,341,495
51725,343,492
51740,342,504
51756,349,502
51772,344,500
51787,344,504
51803,341,519
51818,341,506
51834,348,510
51850,340,507
51865,344,510
51880,342,512
51896,332,510
51912,338,514
51928,339,508
51943,344,521
51958,335,514
51975,342,516
51990,338,510
52005,341,516
52021,331,528
52037,341,525
52052,332,521
52068,340,516
52083,337,527
52099,334,518
52115,339,518
52130,341,517
52146,334,524
52161,336,527
52177,345,521
52193,344,519
52208,340,517
52224,337,524
52240,336,521
52255,330,524
52271,341,518
52286,335,529
52302,327,523
52318,336,520
52333,339,521
52348,342,527
52364,336,525
52380,329,529
52396,339,517
52411,336,519
52426,338,520
52443,333,534
52458,334,519
52473,337,516
52489,325,524
52505,333,527
52520,327,527
52536,333,519
52551,326,515
52568,323,522
52583,340,521
52598,328,521
52614,320,516
52629,322,528
52645,324,526
52661,331,511
52676,329,522
52691,328,519
52708,320,518
52723,323,531
52739,330,527
52754,328,519
52770,323,522
52786,326,531
52801,331,525
52816,330,526
52833,327,522
52848,326,522
52864,326,525
52879,322,532
52894,331,521
52911,320,526
52926,328,523
52941,317,534
52957,325,526
52973,332,522
52988,331,525
53004,331,522
53019,329,530
53036,335,521
53051,330,522
53066,332,520
53082,337,518
53097,329,528
53113,336,520
53129,328,523
53144,327,527
53159,336,515
53176,334,517
53191,339,530
53207,340,512
53222,333,519
53238,334,533
53254,326,507
53269,335,526
53284,340,518
53301,331,522
53316,336,518
53331,331,522
53347,336,517
53362,344,518
53379,345,512
53394,329,508
53409,338,521
53425,339,513
53441,333,513
53456,331,515
53472,332,513
53487,337,515
53504,331,516
53519,342,516
53534,336,510
53550,339,517
53566,343,508
53581,343,522
53597,334,513
53612,342,510
53627,339,517
53644,335,521
53659,334,510
53675,338,509
53690,343,514
53706,334,506
53722,338,524
53737,341,508
53752,333,518
53769,339,510
53784,340,518
53799,340,505
53815,333,520
53831,333,503
53847,342,516
53862,351,513
53877,332,514
53893,332,494
53909,325,524
53924,347,506
53940,342,516
53955,332,517
53971,339,502
53987,340,516
54002,339,509
54018,337,508
54034,341,510
54049,329,507
54065,339,513
54080,336,515
54095,334,510
54112,342,510
54127,334,508
54142,333,522
54158,339,508
54174,333,515
54190,337,507
54205,330,522
54220,335,507
54237,336,520
54252,331,506
54267,331,516
54283,335,509
54299,332,510
54315,328,518
54330,336,510
54345,328,501
54361,329,521
54377,334,514
54392,328,499
54408,327,518
54423,326,524
54439,326,513
54455,325,524
54470,330,505
54486,326,530
54502,323,515
54517,332,519
54533,323,505
54548,323,515
54564,324,517
54580,329,515
54595,323,510
54610,321,502
54626,328,523
54642,321,516
54658,336,524
54673,320,507
54688,328,509
54705,326,512
54720,320,513
54735,325,513
54751,322,509
54767,322,520
54782,325,511
54798,320,507
54813,325,511
54830,326,510
54845,329,504
54860,326,513
54876,329,518
54891,323,508
54907,324,513
54923,329,520
54938,324,519
54953,328,513
54970,322,518
54985,317,518
55001,321,516
55016,324,514
55032,320,518
55048,324,520
55063,325,519
55078,322,522
55094,329,514
55110,321,518
55126,321,523
55141,324,527
55156,319,530
55173,326,517
55188,321,529
55203,323,535
55219,327,525
55235,325,521
55250,322,530
55266,328,529
55281,321,535
55298,325,520
55313,331,523
55328,326,532
55344,329,526
55359,327,532
55375,326,518
55391,331,518
55406,332,532
55421,331,529
55438,334,516
55453,334,520
55469,329,520
55484,336,528
55500,334,527
55516,336,519
55531,341,518
55546,335,519
55563,337,519
55578,349,525
55593,340,510
55609,339,520
55624,341,527
55641,338,515
55656,342,524
55671,342,522
55687,345,517
55703,345,520
55718,345,516
55734,343,503
55749,344,521
55766,345,519
55781,340,526
55796,339,517
55812,344,527
55828,338,527
55843,339,531
55859,335,537
55874,333,521
55889,332,538
55906,329,534
55921,330,534
55937,329,530
55952,327,529
55968,328,540
55984,333,534
55999,328,531
56014,330,521
56031,329,527
56046,324,527
56061,334,527
56077,332,526
56092,330,517
56109,331,519
56124,333,523
56139,336,523
56155,333,519
56171,338,513
56186,336,522
56202,336,517
56217,337,512
56233,336,516
56249,337,526
56264,334,517
56280,339,519
56296,336,513
56311,340,515
56327,338,520
56342,342,507
56357,350,519
56374,344,518
56389,339,503
56404,342,519
56420,340,514
56436,339,510
56452,344,511
56467,335,513
56482,340,515
56499,338,503
56514,335,501
56529,337,499
56545,335,510
56561,335,496
56577,336,490
56592,335,503
56607,338,499
56623,332,498
56639,337,499
56654,327,496
56670,331,502
56685,331,510
56701,330,504
56717,333,502
56732,332,509
56748,332,506
56764,331,503
56779,330,506
56795,330,509
56810,329,503
56826,330,519
56842,330,518
56857,330,510
56872,327,506
56888,331,513
56904,326,515
56920,332,518
56935,332,509
56950,326,512
56967,334,521
56982,332,505
56997,333,519
57013,334,513
57029,329,511
57044,330,519
57060,331,511
57075,331,509
57091,329,516
57107,333,522
57122,331,513
57138,330,514
57153,330,514
57169,334,514
57185,342,514
57200,335,522
57216,332,508
57232,329,514
57247,330,521
57263,331,517
57278,331,514
57294,328,520
57310,329,521
57325,328,515
57340,327,517
57356,333,513
57372,329,515
57388,333,514
57403,330,515
57418,334,520
57435,331,511
57450,331,519
57465,328,513
57481,330,520
57497,330,516
57512,328,513
57528,328,523
57543,326,520
57560,330,509
57575,329,514
57590,331,518
57606,328,516
57621,331,521
57637,331,515
57653,330,519
57668,330,517
57683,333,521
57700,329,519
57715,330,510
57731,331,517
57746,329,522
57762,333,513
57778,332,511
57793,328,513
57808,332,516
57825,331,513
57840,336,513
57856,329,516
57871,332,518
57886,331,517
57903,329,512
57918,330,518
57933,330,511
57949,322,523
57965,321,519
57980,334,519
57996,334,509
58011,325,520
58028,327,532
58043,324,513
58058,325,518
58074,329,510
58089,328,513
58105,328,516
58121,332,514
58136,333,523
58151,328,515
58168,336,521
58183,336,526
58199,333,524
58214,339,521
58230,333,521
58246,341,529
58261,336,520
58276,341,516
58293,333,518
58308,339,526
58323,336,521
58339,331,516
58354,333,512
58371,332,518
58386,336,521
58401,333,515
58417,334,513
58433,336,515
58448,335,517
58464,332,518
58479,332,513
58496,333,513
58511,340,517
58526,338,519
58542,333,519
58558,335,510
58573,331,514
58589,329,514
58604,333,517
58619,336,514
58636,335,510
58651,334,519
58667,334,517
58682,337,520
58698,339,507
58714,340,515
58729,342,519
58744,343,522
58761,347,513
58776,342,521
58791,350,522
58807,357,520
58823,350,524
58839,351,513
58854,348,516
58869,343,522
58885,351,526
58901,347,524
58916,349,515
58932,345,519
58947,352,527
58963,348,511
58979,348,515
58994,351,513
59010,346,509
59026,349,513
59041,347,513
59057,349,506
59072,342,514
59087,342,515
59104,344,514
59119,344,511
59134,344,513
59150,346,513
59166,348,510
59182,340,509
59197,344,505
59212,350,511
59229,346,511
59244,350,509
59259,340,503
59275,350,504
59291,351,506
59307,350,506
59322,346,501
59337,345,496
59353,349,499
59369,345,501
59384,350,494
59400,345,490
59415,343,491
59431,342,491
59447,338,497
59462,338,493
59478,345,497
59494,343,496
59509,339,499
59525,343,501
59540,335,499
59556,338,506
59572,334,508
59587,336,513
59602,332,509
59618,328,510
59634,328,510
59650,322,511
59665,324,519
59680,335,518
59697,317,521
59712,324,523
59727,325,528
59743,330,527
59759,323,516
59774,331,515
59790,326,527
59805,331,528
59822,332,520
59837,333,522
59852,330,522
59868,325,522
59883,326,517
59899,326,520
59915,326,525
59930,321,532
59945,320,529
59962,320,530
59977,324,525
59993,325,529
60008,326,534
60024,330,529
60040,333,527
60055,331,525
60070,334,529
60086,336,527
60102,338,529
60118,339,528
60133,339,517
60148,337,526
60165,338,527
60180,335,524
60195,331,527
60211,335,528
60227,333,529
60242,331,521
60258,335,517
60273,332,524
60290,326,524
60305,332,525
60320,331,520
60336,333,513
60351,334,523
60367,330,524
60383,334,515
60398,333,512
60413,330,513
60430,331,515
60445,332,517
60461,330,508
60476,327,508
60492,326,514
60508,326,514
60523,329,516
60538,342,510
60555,334,514
60570,337,513
60585,338,516
60601,341,509
60616,339,508
60633,334,506
60648,336,509
60663,331,500
60679,334,494
60695,331,501
60710,329,499
60726,326,502
60741,329,503
60758,324,503
60773,328,507
60788,329,506
60804,324,509
60820,329,507
60835,323,508
60851,322,515
60866,326,513
60881,327,509
60898,326,514
60913,324,518
60929,328,513
60944,321,515
60960,316,512
60976,315,518
60991,315,513
61006,315,518
61023,320,509
61038,316,514
61053,322,515
61069,324,516
61084,330,514
61101,326,511
61116,333,516
61131,329,519
61147,334,514
61163,333,512
61178,335,505
61194,337,516
61209,335,519
61225,336,516
61241,334,510
61256,337,518
61272,338,515
61288,335,519
61303,338,518
61319,337,510
61334,335,514
61349,334,516
61366,334,517
61381,340,509
61396,345,515
61412,332,512
61428,336,522
61444,336,520
61459,335,507
61474,334,518
61491,340,525
61506,336,517
61521,339,511
61537,341,517
61553,340,514
61569,347,518
61584,346,517
61599,353,510
61615,347,510
61631,349,519
61646,350,509
61662,354,514
61677,351,514
61693,350,511
61709,354,515
61724,355,514
61740,357,499
61756,349,504
61771,355,500
61787,354,513
61802,346,508
61818,345,508
61834,346,511
61849,340,515
61864,337,519
61880,338,507
61896,337,518
61912,339,517
61927,336,515
61942,336,516
61959,330,515
61974,338,515
61989,336,526
62005,332,518
62021,334,510
62036,334,517
62052,339,528
62067,333,515
62083,339,522
62099,339,515
62114,340,525
62130,337,516
62145,344,519
62161,341,515
62177,342,517
62192,339,512
62208,342,527
62224,349,511
62239,348,513
62255,338,517
62270,341,519
62286,340,517
62302,339,521
62317,343,511
62332,343,517
62348,332,526
62364,335,517
62380,340,520
62395,335,512
62410,338,525
62427,335,524
62442,336,521
62457,338,515
62473,339,523
62489,334,521
62504,333,515
62520,328,516
62535,328,510
62552,327,515
62567,326,519
62582,334,511
62598,334,512
62613,329,521
62629,335,527
62645,331,523
62660,336,521
62675,335,516
62692,333,521
62707,336,522
62723,333,514
62738,329,521
62754,331,519
62770,332,526
62785,328,520
62800,328,519
62817,328,521
62832,330,522
62848,330,519
62863,334,517
62878,331,512
62895,332,521
62910,333,520
62925,332,515
62941,336,516
62957,332,512
62972,331,516
62988,326,508
63003,332,513
63020,330,500
63035,333,508
63050,343,517
63066,336,507
63081,333,508
63097,331,510
63113,334,515
63128,331,517
63143,332,510
63160,333,505
63175,327,512
63191,333,514
63206,332,516
63222,330,514
63238,333,508
63253,330,517
63268,334,512
63285,332,515
63300,334,510
63315,336,513
63331,327,515
63346,327,519
63363,331,507
63378,329,517
63393,331,516
63409,328,512
63425,326,510
63440,326,510
63456,323,520
63471,326,513
63488,327,511
63503,327,500
63518,329,510
63534,331,516
63550,332,510
63565,330,513
63581,332,505
63596,325,509
63611,331,517
63628,328,516
63643,337,508
63659,329,511
63674,330,517
63690,327,518
63706,330,516
63721,332,514
63736,335,510
63753,336,512
63768,336,513
63783,334,509
63799,337,516
63815,342,514
63831,351,517
63846,334,508
63861,338,506
63877,332,512
63893,333,518
63908,336,520
63924,330,518
63939,331,517
63955,332,515
63971,331,516
63986,334,514
64002,331,516
64018,334,514
64033,334,522
64049,335,517
64064,334,514
64079,334,517
64096,337,512
64111,334,523
64126,336,515
64142,334,516
64158,335,513
64174,333,516
64189,337,523
64204,330,509
64221,336,514
64236,339,516
64251,329,521
64267,330,512
64283,337,512
64299,332,521
64314,331,514
64329,339,516
64345,342,511
64361,339,512
64376,339,511
64392,336,523
64407,340,513
64423,339,513
64439,334,513
64454,340,512
64470,343,509
64486,345,511
64501,344,500
64517,341,505
64532,344,511
64548,341,503
64564,343,505
64579,335,502
64594,347,513
64610,349,506
64626,340,514
64642,341,506
64657,336,513
64672,335,523
64689,339,516
64704,338,518
64719,335,516
64735,339,521
64751,336,518
64766,336,520
64782,336,513
64797,339,516
64814,340,521
64829,337,528
64844,340,508
64860,337,526
64875,334,515
64891,336,527
64907,332,513
64922,332,515
64937,332,520
64954,334,516
64969,334,523
64985,332,517
65000,331,514
65016,332,522
65032,332,517
65047,330,524
65062,336,516
65078,327,513
65094,330,526
65110,329,522
65125,333,523
65140,335,509
65157,330,524
65172,332,519
65187,331,521
65203,332,512
65219,335,518
65234,330,515
65250,332,517
65265,333,511
65282,332,512
65297,333,513
65312,331,514
65328,334,507
65343,332,512
65359,340,517
65375,339,515
65390,332,519
65405,336,513
65422,331,506
65437,334,515
65453,333,522
65468,333,514
65484,335,509
65500,333,514
65515,334,515
65530,331,518
65547,335,513
65562,337,510
65577,334,521
65593,334,515
65608,338,516
65625,334,507
65640,334,514
65655,332,519
65671,331,512
65687,332,521
65702,332,506
65718,330,519
65733,328,513
65750,330,517
65765,332,511
65780,328,514
65796,334,514
65812,331,525
65827,331,510
65843,331,511
65858,332,515
65873,332,520
65890,331,520
65905,329,513
65921,335,513
65936,328,518
65952,334,522
65968,331,516
65983,336,511
65998,331,515
66015,332,527
66030,333,525
66045,329,523
66061,329,530
66076,332,522
66093,330,533
66108,332,525
66123,330,525
66139,338,518
66155,344,526
66170,331,526
66186,334,518
66201,333,518
66217,333,520
66233,330,523
66248,336,520
66264,333,520
66280,335,522
66295,334,512
66311,337,522
66326,337,517
66341,332,512
66358,337,519
66373,335,522
66388,338,515
66404,339,518
66420,332,514
66436,325,518
66451,330,523
66466,325,514
66483,325,515
66498,322,514
66513,323,518
66529,326,515
66545,327,505
66561,328,509
66576,327,509
66591,331,509
66607,329,512
66623,326,506
66638,332,509
66654,330,517
66669,330,510
66685,328,507
66701,332,513
66716,325,512
66732,330,519
66748,331,514
66763,332,511
66779,331,515
66794,332,514
66810,328,514
66826,333,511
66841,332,511
66856,329,517
66872,332,516
66888,333,515
66904,335,509
66919,344,513
66934,332,518
66951,333,514
66966,334,515
66981,331,521
66997,334,514
67013,335,512
67028,337,516
67044,338,504
67059,340,505
67075,343,507
67091,341,502
67106,346,497
67122,348,501
67137,344,507
67153,345,502
67169,349,512
67184,341,501
67200,339,508
67216,339,514
67231,338,514
67247,341,516
67262,339,512
67278,336,508
67294,341,518
67309,340,519
67324,336,517
67340,337,513
67356,334,526
67372,340,511
67387,339,519
67402,335,513
67419,338,509
67434,335,520
67449,336,516
67465,333,511
67481,330,517
67496,334,516
67512,331,513
67527,338,513
67544,338,514
67559,340,510
67574,339,520
67590,337,517
67605,339,510
67621,333,516
67637,342,515
67652,335,519
67667,334,518
67684,339,507
67699,343,520
67715,333,518
67730,333,520
67746,335,510
67762,331,510
67777,336,522
67792,334,513
67809,338,516
67824,338,513
67840,334,511
67855,339,518
67870,339,512
67887,336,513
67902,339,514
67917,342,513
67933,338,516
67949,338,520
67964,336,514
67980,337,514
67995,333,524
68012,332,513
68027,333,512
68042,331,510
68058,335,521
68073,329,522
68089,332,512
68105,334,508
68120,328,513
68135,331,518
68152,333,515
68167,337,517
68183,333,513
68198,328,517
68214,331,516
68230,332,516
68245,331,513
68260,331,508
68277,330,513
68292,325,519
68307,330,509
68323,329,513
68338,329,517
68355,332,516
68370,328,515
68385,332,512
68401,332,510
68417,329,520
68432,330,514
68448,330,508
68463,332,520
68480,334,519
68495,328,532
68510,342,522
68526,341,520
68542,330,527
68557,337,524
68573,328,520
68588,327,523
68603,326,509
68620,319,523
68635,323,521
68651,327,520
68666,325,514
68682,329,518
68698,330,520
68713,328,515
68728,332,522
68745,333,509
68760,333,520
68775,334,530
68791,334,521
68807,328,520
68823,330,524
68838,326,528
68853,330,533
68869,332,522
68885,335,530
68900,325,524
68916,330,524
68931,333,522
68947,336,521
68963,337,517
68978,338,525
68994,332,536
69010,338,530
69025,336,528
69041,334,532
69056,332,538
69071,333,532
69088,331,534
69103,328,532
69118,328,528
69134,327,538
69150,328,528
69166,328,535
69181,324,525
69196,325,534
69213,328,525
69228,327,526
69243,332,524
69259,328,525
69275,332,529
69291,335,521
69306,331,522
69321,332,519
69337,332,518
69353,332,522
69368,332,514
69384,335,522
69399,346,519
69415,337,517
69431,334,522
69446,342,510
69462,338,510
69478,341,518
69493,341,502
69509,343,500
69524,347,490
69540,341,495
69556,342,498
69571,340,492
69586,342,484
69602,348,483
69618,340,489
69634,346,491
69649,338,482
69664,339,485
69681,334,489
69696,338,494
69711,331,493
69727,333,492
69743,336,495
69758,336,501
69774,332,495
69789,334,496
69806,331,494
69821,329,504
69836,337,503
69852,336,502
69867,338,504
69883,341,502
69899,333,508
69914,333,512
69929,331,503
69946,336,503
69961,330,507
69977,332,515
69992,331,515
70008,331,515
70024,337,505
70039,331,521
70054,334,510
70070,331,520
70086,333,510
70102,328,510
70117,330,521
70132,333,515
70149,334,510
70164,339,514
70179,336,519
70195,331,515
70211,330,519
70226,327,515
70242,332,522
70257,331,521
70274,333,511
70289,329,515
70304,333,515
70320,331,518
70335,344,521
70351,327,516
70367,333,517
70382,328,512
70397,328,517
70414,329,515
70429,326,513
70445,332,512
70460,331,514
70476,328,523
70492,333,509
70507,332,517
70522,335,511
70539,334,522
70554,330,512
70569,340,512
70585,335,518
70600,334,525
70617,333,527
70632,335,517
70647,335,514
70663,336,525
70679,335,523
70694,332,524
70710,336,519
70725,336,517
70742,332,520
70757,334,521
70772,337,519
70788,336,513
70804,334,520
70819,334,509
70835,339,518
70850,334,509
70865,335,512
70882,332,511
70897,339,518
70913,332,515
70928,333,514
70944,328,518
70960,329,516
70975,328,522
70990,329,520
71007,328,520
71022,329,513
71037,326,527
71053,335,526
71068,329,511
71085,330,525
71100,326,521
71115,330,525
71131,330,519
71147,326,517
71162,332,520
71178,341,520
71193,330,521
71209,330,510
71225,332,508
71240,333,511
71256,331,508
71272,331,505
71287,335,513
71303,333,505
71318,325,516
71333,332,508
71350,330,512
71365,325,511
71380,331,516
71396,336,516
71412,334,511
71428,336,514
71443,330,512
71458,335,520
71475,334,514
71490,330,508
71505,330,509
71521,330,515
71537,325,523
71553,332,509
71568,329,512
71583,331,516
71599,330,517
71615,330,518
71630,328,513
71646,329,510
71661,323,514
71677,325,518
71693,326,519
71708,323,512
71724,335,513
71740,323,514
71755,329,516
71771,327,517
71786,331,511
71802,329,520
71818,326,521
71833,328,522
71848,329,524
71864,326,522
71880,324,520
71896,326,524
71911,330,518
71926,326,514
71943,330,517
71958,325,524
71973,330,518
71989,340,517
72005,332,520
72020,328,520
72036,328,523
72051,332,521
72067,330,516
72083,327,517
72098,330,524
72114,330,517
72129,334,516
72145,332,511
72161,332,516
72176,335,521
72192,331,516
72208,335,515
72223,334,512
72239,332,520
72254,336,519
72270,331,504
72286,335,514
72301,329,508
72316,332,516
72332,335,511
72348,334,513
72364,332,513
72379,332,516
72394,334,514
72411,332,512
72426,335,518
72441,333,508
72457,335,506
72473,333,512
72488,341,507
72504,335,514
72519,337,510
72536,339,513
72551,340,508
72566,336,510
72582,339,514
72597,330,517
72613,329,514
72629,331,518
72644,330,515
72659,327,522
72676,334,525
72691,333,515
72707,330,514
72722,340,528
72738,337,519
72754,333,523
72769,337,519
72784,336,511
72801,333,524
72816,331,525
72832,334,515
72847,336,519
72862,333,523
72879,332,516
72894,330,524
72909,330,516
72925,334,521
72941,331,528
72956,334,522
72972,332,524
72987,336,521
73004,336,524
73019,333,520
73034,335,524
73050,335,518
73065,337,516
73081,336,524
73097,337,522
73112,339,521
73127,334,516
73144,332,516
73159,334,527
73175,334,522
73190,335,510
73206,333,516
73222,333,519
73237,333,516
73252,330,514
73269,335,513
73284,333,508
73299,333,518
73315,338,517
73330,335,505
73347,337,514
73362,334,514
73377,331,514
73393,333,510
73409,334,504
73424,331,505
73440,337,511
73455,329,509
73472,341,507
73487,340,499
73502,333,504
73518,334,507
73534,331,507
73549,336,505
73565,334,510
73580,340,506
73595,327,514
73612,328,514
73627,329,513
73643,328,516
73658,326,524
73674,331,519
73690,328,514
73705,331,521
73720,333,512
73737,328,519
73752,329,514
73767,326,514
73783,327,515
73799,331,518
73815,327,520
73830,330,518
73845,329,514
73861,329,524
73877,330,520
73892,330,514
73908,332,520
73923,333,517
73939,332,525
73955,335,520
73970,336,515
73986,337,512
74002,338,521
74017,338,522
74033,340,514
74048,340,513
74063,339,517
74080,340,516
74095,337,514
74110,336,515
74126,340,513
74142,337,513
74158,339,524
74173,338,513
74188,336,513
74205,340,517
74220,349,514
74235,341,517
74251,339,517
74267,337,508
74283,339,517
74298,334,518
74313,340,516
74329,335,510
74345,340,515
74360,330,518
74376,337,518
74391,339,516
74407,335,510
74423,338,523
74438,337,523
74454,340,514
74470,338,516
74485,335,515
74501,333,517
74516,337,516
74532,337,505
74548,339,509
74563,334,509
74578,335,516
74594,340,514
74610,340,511
74626,337,511
74641,333,514
74656,338,514
74673,339,508
74688,336,508
74703,340,512
74719,333,509
74735,337,513
74750,338,503
74766,339,514
74781,339,507
74798,339,515
74813,340,505
74828,341,512
74844,343,502
74859,340,509
74875,342,506
74891,343,501
74906,340,503
74921,345,503
74938,340,513
74953,342,504
74969,343,500
74984,343,512
75000,349,513
75016,354,510
75031,346,508
75046,340,520
75062,334,513
75078,340,518
75094,343,517
75109,342,508
75124,339,511
75141,339,518
75156,338,517
75171,338,505
75187,341,508
75203,340,509
75218,334,511
75234,339,503
75249,341,502
75266,337,515
75281,343,508
75296,339,512
75312,336,511
75327,341,508
75343,336,517
75359,333,513
75374,339,515
75389,338,508
75406,338,521
75421,335,512
75437,334,520
75452,335,510
75468,337,510
75484,335,517
75499,334,517
75514,336,512
75531,332,510
75546,337,518
75561,332,511
75577,335,523
75592,334,510
75609,334,515
75624,333,517
75639,331,523
75655,333,514
75671,330,514
75686,330,521
75702,334,509
75717,329,522
75734,337,520
75749,330,524
75764,338,524
75780,340,534
75796,330,528
75811,336,521
75827,333,523
75842,331,528
75857,331,531
75874,335,521
75889,329,517
75905,333,534
75920,330,524
75936,331,530
75952,332,520
75967,331,515
75982,332,527
75999,332,517
76014,331,519
76029,330,518
76045,325,518
76060,326,526
76077,327,518
76092,325,509
76107,326,519
76123,328,515
76139,325,521
76154,331,514
76170,327,516
76185,330,514
76201,328,515
76217,331,523
76232,328,510
76248,328,509
76264,328,519
76279,329,513
76295,332,517
76310,330,512
76325,329,510
76342,330,517
76357,332,518
76372,332,511
76388,332,511
76404,335,518
76420,327,519
76435,324,521
76450,327,517
76467,320,517
76482,322,522
76497,323,518
76513,330,516
76529,317,516
76545,320,515
76560,318,519
76575,320,514
76591,320,507
76607,325,516
76622,317,515
76638,328,516
76653,326,505
76669,326,515
76685,327,512
76700,324,518
76716,327,519
76732,329,516
76747,331,515
76763,333,518
76778,329,520
76794,328,516
76810,328,514
76825,328,516
76840,327,520
76856,328,516
76872,330,517
76888,328,514
76903,328,520
76918,329,522
76935,330,520
76950,329,517
76965,332,511
76981,328,521
76997,333,514
77012,331,514
77028,334,509
77043,336,520
77059,332,516
77075,332,518
77090,330,510
77106,334,514
77121,326,515
77137,328,517
77153,331,513
77168,332,510
77184,330,512
77200,330,521
77215,334,507
77231,343,514
77246,335,509
77262,330,517
77278,335,513
77293,334,507
77308,330,510
77324,331,525
77340,334,507
77356,334,515
77371,332,509
77386,334,514
77403,332,512
77418,336,518
77433,334,507
77449,333,510
77465,336,516
77480,330,515
77496,335,506
77511,331,512
77528,331,512
77543,324,512
77558,328,512
77574,332,508
77589,329,506
77605,326,518
77621,329,513
77636,331,512
77651,330,513
77668,330,510
77683,329,517
77699,327,515
77714,330,514
77730,329,512
77746,329,515
77761,328,512
77776,328,515
77793,331,515
77808,327,514
77824,333,518
77839,332,514
77854,332,517
77871,329,512
77886,335,516
77901,332,522
77917,333,519
77933,335,519
77948,338,517
77964,333,522
77979,341,523
77996,350,519
78011,340,516
78026,335,519
78042,341,523
78057,340,520
78073,338,518
78089,338,527
78104,341,530
78119,341,528
78136,337,528
78151,337,529
78167,340,533
78182,335,533
78198,336,528
78214,336,527
78229,336,526
78244,335,528
78261,339,534
78276,336,526
78291,330,520
78307,338,526
78322,337,526
78339,343,525
78354,339,518
78369,345,518
78385,340,516
78401,341,523
78416,336,525
78432,343,518
78447,336,519
78464,338,519
78479,337,523
78494,338,511
78510,334,512
78526,337,522
78541,335,523
78557,342,509
78572,334,503
78587,336,504
78604,334,503
78619,338,504
78635,333,506
78650,336,502
78666,331,510
78682,334,502
78697,336,508
78712,333,508
78729,330,501
78744,336,508
78759,328,509
78775,330,499
78791,340,507
78807,326,513
78822,329,512
78837,324,511
78853,326,506
78869,321,510
78884,325,508
78900,322,516
78915,325,505
78931,326,509
78947,327,515
78962,328,508
78978,328,512
78994,330,506
79009,326,510
79025,328,514
79040,324,517
79055,330,508
79072,325,502
79087,321,510
79102,321,515
79118,320,511
79134,322,507
79150,324,512
79165,324,507
79180,324,514
79197,323,509
79212,323,507
79227,323,509
79243,319,518
79259,321,507
79275,320,513
79290,320,511
79305,322,511
79321,320,514
79337,322,509
79352,323,512
79368,323,511
79383,320,515
79399,324,513
79415,324,514
79430,327,512
79446,322,515
79462,323,522
79477,326,511
79493,327,516
79508,324,516
79524,336,513
79540,327,518
79555,320,515
79570,334,515
79586,327,518
79602,332,523
79618,339,514
79633,326,513
79648,337,520
79665,336,519
79680,332,519
79695,330,518
79711,337,514
79727,337,517
79742,333,523
79758,335,518
79773,335,509
79790,343,522
79805,339,520
79820,342,519
79836,342,516
79851,343,520
79867,346,520
79883,343,523
79898,337,516
79913,343,516
79930,337,517
79945,343,516
79961,341,520
79976,343,514
79992,348,510
80008,347,506
80023,347,517
80038,346,498
80054,346,498
80070,357,497
80086,356,502
80101,349,508
80116,354,498
80133,353,508
80148,351,498
80163,348,506
80179,353,506
80195,349,505
80210,352,506
80226,354,509
80241,352,515
80258,354,517
80273,351,508
80288,347,517
80304,347,514
80319,345,516
80335,348,510
80351,344,510
80366,348,509
80381,348,514
80398,347,506
80413,354,494
80429,354,510
80444,344,504
80460,350,508
80476,350,504
80491,346,497
80506,351,515
80523,343,514
80538,348,510
80553,345,512
80569,349,516
80584,337,513
80601,347,519
80616,345,511
80631,340,517
80647,344,523
80663,334,531
80678,340,521
80694,338,522
80709,340,521
80726,336,524
80741,341,525
80756,333,520
80772,332,520
80788,334,519
80803,335,522
80819,331,520
80834,335,518
80849,330,521
80866,331,524
80881,328,521
80897,325,525
80912,326,515
80928,326,519
80944,328,525
80959,331,518
80974,334,522
80991,327,516
81006,330,519
81021,327,523
81037,332,518
81052,331,509
81069,331,525
81084,327,514
81099,328,518
81115,332,515
81131,326,515
81146,321,523
81162,322,523
81177,321,518
81193,326,522
81209,326,520
81224,316,528
81240,316,517
81256,315,520
81271,320,513
81287,315,524
81302,314,518
81317,321,514
81334,320,516
81349,323,515
81364,316,517
81380,320,514
81396,321,510
81412,326,516
81427,322,517
81442,327,526
81459,326,513
81474,328,513
81489,322,517
81505,324,517
81521,324,522
81537,324,507
81552,328,511
81567,330,516
81583,322,512
81599,329,513
81614,324,510
81630,330,510
81645,330,516
81661,322,508
81677,330,511
81692,329,511
81708,329,513
81724,333,515
81739,328,510
81755,333,510
81770,334,512
81786,325,512
81802,338,512
81817,336,505
81832,341,504
81848,342,505
81864,343,502
81880,340,497
81895,346,498
81910,344,502
81927,343,503
81942,350,509
81957,351,499
81973,342,504
81989,344,504
82004,336,513
82020,340,506
82035,336,503
82051,340,509
82067,342,515
82082,341,513
82098,338,509
82113,343,508
82129,341,513
82145,335,516
82160,342,511
82176,339,509
82192,336,510
82207,332,520
82223,329,510
82238,335,510
82254,327,508
82270,326,517
82285,331,512
82300,324,516
82316,326,514
82332,331,506
82348,323,520
82363,321,514
82378,334,509
82395,327,514
82410,329,515
82425,331,516
82441,338,509
82457,326,510
82472,335,510
82488,330,514
82503,341,518
82520,340,510
82535,337,508
82550,337,516
82566,337,513
82581,340,513
82597,336,512
82613,338,509
82628,334,520
82643,339,515
82660,348,515
82675,343,508
82691,334,512
82706,336,518
82722,340,522
82738,337,507
82753,334,511
82768,338,518
82785,338,515
82800,339,517
82816,339,511
82831,340,517
82846,333,519
82863,342,514
82878,343,518
82893,338,509
82909,348,519
82925,334,520
82940,341,519
82956,343,507
82971,334,516
82988,341,516
83003,338,520
83018,341,510
83034,338,510
83049,341,518
83065,339,518
83081,342,513
83096,343,518
83111,341,513
83128,343,517
83143,345,517
83159,339,508
83174,346,517
83190,346,512
83206,344,517
83221,342,521
83236,346,511
83253,343,513
83268,342,518
83283,342,516
83299,341,516
83314,343,510
83331,341,518
83346,340,522
83361,348,513
83377,343,515
83393,337,516
83408,335,520
83424,336,518
83439,334,515
83456,336,516
83471,333,518
83486,336,519
83502,334,520
83518,336,513
83533,331,515
83549,338,524
83564,331,511
83579,336,513
83596,334,513
83611,335,506
83627,332,519
83642,328,519
83658,328,519
83674,330,518
83689,328,516
83704,328,518
83721,326,518
83736,331,514
83751,327,513
83767,328,521
83783,325,510
83799,325,514
83814,326,514
83829,329,511
83845,322,522
83861,325,521
83876,327,521
83892,325,517
83907,325,525
83923,326,517
83939,323,520
83954,327,524
83970,322,523
83986,324,524
84001,326,523
84017,324,513
84032,323,519
84047,327,525
84064,325,518
84079,336,514
84094,324,519
84110,324,515
84126,325,513
84142,325,515
84157,326,508
84172,322,512
84189,328,521
84204,324,514
84219,327,511
84235,324,507
84251,326,509
84267,327,519
84282,328,519
84297,328,519
84313,328,517
84329,325,521
84344,328,520
84360,328,517
84375,323,519
84391,328,513
84407,324,524
84422,322,521
84438,319,517
84454,319,518
84469,322,523
84485,324,515
84500,322,515
84516,323,510
84532,320,512
84547,322,519
84562,328,512
84578,316,507
84594,327,513
84610,330,515
84625,329,518
84640,329,507
84657,334,507
84672,329,513
84687,329,521
84703,329,519
84719,334,514
84734,331,514
84750,331,513
84765,332,520
84782,333,513
84797,343,512
84812,341,512
84828,334,518
84843,338,518
84859,338,507
84875,338,508
84890,339,519
84905,337,515
84922,342,511
84937,341,511
84953,344,509
84968,339,513
84984,345,516
85000,342,511
85015,346,509
85030,339,508
85046,344,510
85062,341,506
85078,341,494
85093,347,500
85108,345,500
85125,346,500
85140,345,492
85155,346,489
85171,339,492
85187,339,500
85202,345,487
85218,338,491
85233,338,494
85250,340,495
85265,338,498
85280,340,501
85296,338,492
85311,339,501
85327,338,504
85343,335,501
85358,337,500
85373,342,512
85390,339,509
85405,345,509
85421,334,508
85436,338,516
85452,340,510
85468,336,512
85483,352,512
85498,334,501
85515,343,509
85530,346,512
85545,343,517
85561,341,511
85576,330,510
85593,343,518
85608,330,516
85623,337,514
85639,330,517
85655,338,522
85670,329,514
85686,340,517
85701,326,515
85718,328,513
85733,321,518
85748,329,524
85764,326,516
85780,327,515
85795,326,522
85811,325,523
85826,335,519
85841,335,519
85858,322,521
85873,326,526
85889,321,528
85904,328,529
85920,334,529
85936,334,526
85951,330,530
85966,330,524
85983,331,526
85998,336,520
86013,333,526
86029,333,527
86044,330,535
86061,338,516
86076,333,525
86091,333,525
86107,332,525
86123,341,518
86138,336,523
86154,330,513
86169,320,525
86185,325,522
86201,323,514
86216,315,518
86232,321,519
86248,329,518
86263,328,516
86279,323,512
86294,329,527
86309,329,512
86326,336,521
86341,334,516
86356,341,518
86372,330,522
86388,325,516
86404,330,522
86419,326,516
86434,331,525
86451,334,519
86466,329,518
86481,337,510
86497,333,515
86513,343,527
86529,331,525
86544,338,522
86559,342,522
86575,335,514
86591,343,522
86606,334,522
86622,340,511
86637,340,519
86653,336,521
86669,343,519
86684,340,514
86700,335,519
86716,338,522
86731,340,518
86747,311,520
86762,320,513
86778,331,516
86794,323,515
86809,326,519
86824,332,511
86840,332,512
86856,325,517
86872,334,520
86887,329,525
86902,330,514
86919,333,516
86934,329,517
86949,334,525
86965,333,515
86981,331,517
86996,339,519
87012,333,518
87027,339,520
87043,339,516
87059,335,509
87074,331,514
87090,331,520
87105,333,516
87121,330,510
87137,334,510
87152,341,518
87168,332,521
87184,340,514
87199,345,512
87215,330,518
87230,341,519
87246,323,522
87262,333,521
87277,323,517
87292,326,518
87308,326,521
87324,326,513
87340,327,513
87355,335,514
87370,323,517
87387,327,519
87402,314,512
87417,315,513
87433,319,513
87449,317,514
87464,314,509
87480,325,507
87495,321,512
87512,324,510
87527,335,516
87542,331,514
87558,334,507
87573,334,513
87589,335,519
87605,334,518
87620,334,506
87635,341,515
87652,331,516
87667,335,518
87683,332,514
87698,326,512
87714,335,515
87730,338,516
87745,340,512
87760,340,505
87777,344,510
87792,345,507
87808,350,514
87823,349,502
87838,350,505
87855,353,505
87870,353,510
87885,355,503
87901,347,507
87917,353,500
87932,352,508
87948,347,506
87963,348,505
87980,349,504
87995,350,510
88010,364,499
88026,357,504
88041,357,504
88057,353,491
88073,356,487
88088,349,502
88103,352,495
88120,345,483
88135,339,493
88151,345,498
88166,349,492
88182,347,495
88198,344,503
88213,345,496
88228,350,510
88245,345,502
88260,340,496
88275,343,504
88291,356,509
88306,324,510
88323,323,502
88338,323,508
88353,328,511
88369,331,510
88385,323,521
88400,329,504
88416,333,516
88431,340,522
88448,332,501
88463,340,535
88478,348,511
88494,338,521
88510,336,517
88525,334,520
88541,344,513
88556,334,517
88571,339,527
88588,341,513
88603,342,519
88619,330,512
88634,341,523
88650,328,509
88666,336,521
88681,335,506
88696,333,524
88713,331,510
88728,332,528
88743,335,507
88759,330,514
88775,328,514
88791,332,525
88806,339,519
88821,333,516
88837,342,518
88853,329,521
88868,343,525
88884,339,515
88899,336,507
88915,341,529
88931,338,522
88946,337,521
88962,349,515
88978,331,516
88993,322,518
89009,339,517
89024,333,504
89039,331,516
89056,337,515
89071,324,513
89086,337,528
89102,331,509
89118,334,523
89134,334,526
89149,333,518
89164,327,523
89181,336,522
89196,332,516
89211,330,526
89227,332,521
89243,328,519
89259,329,521
89274,337,518
89289,325,519
89305,334,506
89321,333,516
89336,330,524
89352,330,516
89367,337,522
89383,331,515
89399,336,517
89414,337,522
89430,324,514
89446,334,517
89461,330,518
89477,318,513
89492,326,519
89508,324,517
89524,328,516
89539,330,512
89554,331,521
89570,336,517
89586,332,519
89602,333,520
89617,328,512
89632,333,520
89649,333,521
89664,333,511
89679,336,512
89695,332,517
89711,334,517
89726,333,522
89742,336,506
89757,333,518
89774,336,518
89789,334,522
89804,334,518
89820,335,509
89835,333,522
89851,330,517
89867,332,512
89882,330,517
89897,330,518
89914,329,522
89929,329,517
89945,330,514
89960,329,513
89976,330,519
89992,329,516
90007,330,517
90022,329,513
90038,328,518
90054,328,522
90070,328,522
90085,328,512
90100,330,513
90117,330,513
90132,328,524
90147,329,513
90163,332,516
90179,331,509
90194,328,515
90210,326,516
90225,333,513
90242,330,507
90257,328,509
90272,329,512
90288,333,519
90303,337,507
90319,335,508
90335,328,509
90350,331,512
90365,331,513
90382,332,513
90397,331,512
90413,331,517
90428,331,514
90444,331,508
90460,330,500
90475,328,518
90490,329,510
90507,329,522
90522,332,501
90537,329,507
90553,328,521
90568,329,524
90585,322,507
90600,327,512
90615,325,516
90631,332,517
90647,323,514
90662,334,525
90678,334,513
90693,337,522
90710,337,521
90725,331,517
90740,335,507
90756,335,514
90772,329,523
90787,330,515
90803,325,520
90818,323,520
90833,334,528
90850,334,534
90865,335,501
90881,341,513
90896,325,524
90912,331,531
90928,337,530
90943,339,528
90958,331,523
90975,334,528
90990,332,523
91005,335,518
91021,341,516
91036,324,520
91053,331,518
91068,328,523
91083,334,510
91099,331,516
91115,354,516
91130,360,520
91146,272,507
91161,372,504
91177,344,514
91193,339,511
91208,351,517
91224,347,518
91240,353,520
91255,344,524
91271,344,533
91286,346,509
91301,342,525
91318,340,526
91333,338,535
91348,336,532
91364,332,524
91380,332,530
91396,335,533
91411,332,534
91426,329,518
91443,330,522
91458,333,531
91473,330,525
91489,323,529
91505,324,525
91521,325,523
91536,328,526
91551,325,525
91567,331,523
91583,326,516
91598,330,518
91614,333,526
91629,329,517
91645,340,517
91661,331,513
91676,326,521
91692,338,518
91708,331,516
91723,341,512
91739,337,519
91754,330,520
91770,328,513
91786,337,507
91801,332,507
91816,340,510
91832,324,515
91848,338,502
91864,333,505
91879,336,506
91894,329,510
91911,328,509
91926,329,504
91941,332,498
91957,326,503
91973,327,510
91988,323,501
92004,327,499
92019,324,499
92035,317,509
92051,326,500
92066,314,495
92082,330,499
92097,304,510
92113,333,503
92129,322,502
92144,314,499
92160,315,506
92176,320,513
92191,321,512
92207,314,507
92222,317,504
92238,314,512
92254,325,514
92269,319,506
92284,324,507
92300,324,510
92316,322,506
92332,321,512
92347,332,515
92362,322,503
92379,325,512
92394,326,515
92409,326,515
92425,333,508
92441,336,512
92456,331,512
92472,333,517
92487,328,506
92504,331,503
92519,331,510
92534,330,514
92550,329,511
92565,332,508
92581,330,512
92597,336,520
92612,331,511
92627,338,507
92644,334,509
92659,334,511
92675,332,515
92690,338,521
92706,336,518
92722,336,533
92737,332,527
92752,338,535
92769,336,533
92784,337,524
92800,339,529
92815,337,534
92830,340,536
92847,340,533
92862,344,535
92877,342,530
92893,342,533
92909,340,531
92924,345,529
92940,340,520
92955,340,527
92972,339,529
92987,341,518
93002,343,515
93018,343,517
93033,341,527
93049,345,518
93065,344,508
93080,344,517
93095,350,525
93112,346,520
93127,350,509
93143,349,514
93158,359,510
93174,344,520
93190,350,513
93205,346,513
93220,348,518
93237,345,513
93252,349,515
93267,342,509
93283,347,515
93298,346,511
93315,343,512
93330,350,509
93345,344,513
93361,348,506
93377,346,512
93392,343,513
93408,339,507
93423,335,502
93440,339,503
93455,328,500
93470,336,502
93486,336,501
93502,333,505
93517,332,500
93533,333,504
93548,332,509
93563,333,498
93580,335,505
93595,334,511
93611,340,508
93626,336,508
93642,336,497
93658,339,508
93673,336,516
93688,332,506
93705,340,501
93720,337,498
93735,342,495
93751,348,494
93767,348,481
93783,349,489
93798,349,489
93813,345,494
93829,349,489
93845,347,473
93860,350,487
93876,343,493
93891,350,494
93907,352,481
93923,350,488
93938,341,494
93954,344,496
93970,344,494
93985,347,502
94001,346,496
94016,343,512
94031,344,497
94048,343,513
94063,347,505
94078,341,511
94094,341,506
94110,344,509
94126,344,502
94141,341,506
94156,339,512
94173,340,509
94188,340,505
94203,333,505
94219,336,516
94235,334,508
94251,339,499
94266,333,515
94281,335,503
94297,330,519
94313,334,508
94328,334,510
94344,333,516
94359,330,513
94375,330,523
94391,332,512
94406,330,514
94422,328,511
94438,332,519
94453,329,524
94469,326,509
94484,333,514
94500,328,524
94516,332,514
94531,329,518
94546,331,509
94562,326,519
94578,327,516
94594,323,522
94609,328,519
94624,327,516
94641,325,519
94656,329,522
94671,332,520
94687,324,513
94703,327,518
94718,324,529
94734,326,518
94749,323,522
94766,323,514
94781,322,522
94796,326,513
94812,321,525
94827,326,517
94843,327,518
94859,325,524
94874,326,520
94889,327,521
94906,329,509
94921,317,522
94937,325,523
94952,320,519
94968,324,522
94984,320,518
94999,325,522
95014,322,521
95030,327,522
95046,328,515
95062,323,515
95077,326,520
95092,324,517
95109,324,512
95124,329,514
95139,324,520
95155,324,514
95171,329,520
95186,326,526
95202,328,514
95217,328,525
95234,322,520
95249,331,520
95264,330,509
95280,326,524
95295,326,516
95311,332,521
95327,328,514
95342,332,524
95357,326,520
95374,327,516
95389,332,520
95405,330,509
95420,327,519
95436,328,528
95452,331,508
95467,326,518
95482,333,516
95499,340,522
95514,328,517
95529,330,514
95545,327,514
95560,329,522
95577,330,523
95592,325,519
95607,334,520
95623,325,524
95639,324,529
95654,323,531
95670,322,528
95685,322,526
95702,319,535
95717,323,540
95732,320,538
95748,318,534
95764,319,540
95779,313,539
95795,316,539
95810,311,541
95825,316,539
95842,310,541
95857,315,542
95873,316,540
95888,312,534
95904,316,529
95920,309,535
95935,313,529
95950,317,523
95967,321,523
95982,319,525
95997,317,527
96013,323,523
96028,323,517
96045,325,518
96060,322,520
96075,324,523
96091,325,515
96107,328,510
96122,326,518
96138,330,515
96153,329,513
96169,332,508
96185,330,509
96200,335,513
96216,337,510
96232,332,513
96247,334,511
96263,335,517
96278,330,514
96293,336,520
96310,335,504
96325,336,512
96340,332,510
96356,338,513
96372,349,511
96388,340,505
96403,340,505
96418,337,513
96435,339,506
96450,338,507
96465,339,505
96481,337,509
96497,341,512
96513,341,507
96528,342,503
96543,338,507
96559,341,508
96575,340,510
96590,343,507
96606,342,503
96621,344,513
96637,342,511
96653,339,509
96668,339,504
96684,343,504
96700,343,514
96715,337,503
96731,343,507
96746,340,501
96762,342,509
96778,337,507
96793,347,507
96808,347,504
96824,344,510
96840,346,511
96856,343,514
96871,344,505
96886,346,507
96903,349,514
96918,342,514
96933,355,506
96949,353,498
96965,350,502
96980,354,501
96996,355,502
97011,364,489
97027,360,494
97043,356,491
97058,363,498
97074,356,492
97089,360,490
97105,363,490
97121,353,493
97136,359,496
97152,350,484
97168,362,484
97183,350,499
97199,358,497
97214,349,497
97230,353,493
97246,353,502
97261,350,499
97276,356,510
97292,357,502
97308,350,503
97324,347,502
97339,349,510
97354,340,505
97371,345,506
97386,338,507
97401,340,510
97417,339,510
97433,342,514
97448,336,507
97464,338,509
97479,335,516
97496,338,509
97511,341,517
97526,334,509
97542,338,521
97557,334,519
97573,329,511
97589,332,515
97604,331,518
97619,328,521
97636,329,516
97651,327,521
97667,328,512
97682,322,519
97698,324,527
97714,324,515
97729,325,521
97744,323,518
97761,324,522
97776,325,523
97792,325,512
97807,328,519
97822,323,516
97839,325,527
97854,324,522
97869,329,521
97885,324,523
97901,322,525
97916,327,533
97932,330,515
97947,329,523
97964,330,520
97979,330,525
97994,335,529
98010,333,517
98025,333,518
98041,331,526
98057,336,521
98072,333,521
98087,336,524
98104,333,518
98119,333,525
98135,329,518
98150,334,514
98166,328,524
98182,335,520
98197,323,519
98212,335,518
98229,344,519
98244,333,514
98259,331,518
98275,331,515
98290,334,505
98307,328,516
98322,333,513
98337,334,516
98353,332,516
98369,344,514
98384,342,516
98400,331,522
98415,352,518
98432,337,517
98447,305,514
98462,334,527
98478,320,517
98494,338,518
98509,306,524
98525,318,516
98540,322,525
98555,308,527
98572,313,526
98587,319,527
98603,310,532
98618,319,533
98634,322,524
98650,324,523
98665,318,527
98680,328,533
98697,326,531
98712,324,525
98727,330,525
98743,331,531
98759,323,528
98775,326,530
98790,326,532
98805,321,524
98821,320,533
98837,322,527
98852,313,526
98868,314,520
98883,315,526
98899,307,528
98915,322,517
98930,315,514
98946,314,518
98962,322,520
98977,328,519
98993,325,514
99008,327,513
99023,322,514
99040,320,523
99055,328,512
99070,323,509
99086,327,515
99102,325,513
99118,330,508
99133,336,510
99148,343,511
99165,328,513
99180,331,509
99195,332,507
99211,339,509
99227,335,508
99243,329,513
99258,336,511
99273,334,508
99289,337,505
99305,329,508
99320,331,512
99336,336,515
99351,339,500
99367,340,513
99383,336,509
99398,338,510
99414,333,504
99430,342,507
99445,335,513
99461,337,510
99476,337,508
99492,349,502
99508,334,505
99523,346,509
99538,330,504
99554,330,508
99570,329,507
99586,328,503
99601,341,514
99616,333,504
99633,336,505
99648,341,513
99663,336,507
99679,336,519
99695,348,508
99710,336,510
99726,344,505
99741,345,508
99758,342,512
99773,340,510
99788,342,510
99804,342,510
99819,343,514
99835,340,516
99851,343,506
99866,337,518
99881,337,522
99898,338,525
99913,338,516
99929,337,519
99944,338,530
99960,334,526
99976,340,518
99991,338,519
100006,337,520
100024,343,529
100040,345,526
100057,339,528
100073,335,517
100090,334,525
100107,335,526
100123,336,526
100140,330,529
100157,341,526
100173,338,525
100190,335,521
100206,340,525
100224,335,529
100240,342,529
100256,339,526
100273,339,523
100290,341,519
100306,332,523
100323,337,527
100339,332,525
100357,331,511
100373,332,511
100389,327,517
100406,333,518
100423,334,518
100440,334,522
100456,335,514
100472,333,511
100490,337,516
100506,335,518
100523,363,520
100539,382,519
100556,403,510
100573,398,509
100589,386,504
100605,380,513
100623,366,518
100639,368,518
100656,367,509
100672,361,511
100689,358,508
100706,361,513
100722,358,514
100739,350,514
100756,337,507
100772,316,510
100789,321,511
100805,321,512
100823,314,516
100839,310,513
100855,324,509
100872,325,507
100889,320,508
100905,324,500
100922,321,510
100938,327,503
100956,324,503
100972,329,503
100988,323,502
101005,321,506
101022,327,499
101039,326,512
101055,332,496
101071,328,503
101089,328,505
101105,327,508
101122,321,511
101138,331,510
101155,328,512
101172,332,512
101188,330,503
101204,335,516
101222,328,512
101238,336,510
101255,336,512
101271,330,504
101288,332,510
101305,332,511
101321,330,515
101338,334,510
101355,331,507
101371,331,509
101388,328,508
101404,332,515
101422,322,507
101438,327,510
101454,323,509
101471,325,507
101488,326,504
101505,320,512
101521,318,514
101537,322,519
101555,320,517
101571,313,514
101587,316,529
101604,316,522
101621,317,528
101638,322,525
101654,330,532
101670,328,528
101688,328,526
101704,325,532
101721,324,523
101737,328,520
101754,326,515
101771,327,519
101787,325,519
101804,327,522
101821,333,521
101837,342,512
101854,339,514
101870,341,513
101888,349,510
101904,338,518
101920,335,521
101937,337,519
101954,333,520
101970,326,519
101987,344,518
102003,337,524
102021,333,528
102037,347,519
102053,338,520
102070,340,520
102087,336,522
102104,333,521
102120,338,525
102136,334,517
102154,332,515
102170,332,514
102187,331,518
102203,327,516
102220,331,518
102237,346,512
102253,334,513
102269,349,510
102287,342,520
102303,339,521
102320,334,517
102336,337,515
102353,331,514
102370,330,517
102386,330,515
102403,330,521
102420,327,514
102436,331,513
102453,333,506
102469,326,516
102487,333,519
102503,331,515
102519,324,515
102536,322,513
102553,334,510
102569,325,514
102586,324,513
102602,327,524
102620,329,509
102636,329,514
102652,334,509
102669,336,516
102686,331,515
102703,337,512
102719,331,510
102735,329,499
102753,331,501
102769,328,495
102786,325,494
102802,323,491
102819,326,491
102836,322,482
102852,317,481
102868,322,491
102886,318,484
102902,312,487
102919,310,488
102935,307,484
102952,306,490
102969,307,490
102985,303,495
103002,305,491
103019,303,500
103035,310,495
103052,304,504
103068,313,505
103086,310,508
103102,311,510
103118,320,513
103135,316,505
103152,320,514
103169,319,512
103185,319,519
103201,324,521
103219,332,508
103235,331,514
103251,327,517
103268,327,516
103285,327,512
103302,336,516
103318,335,518
103334,339,518
103352,336,514
103368,336,513
103385,334,524
103401,339,516
103418,344,516
103435,344,515
103451,346,513
103468,346,523
103485,348,518
103501,342,519
103518,341,518
103534,342,514
103552,338,516
103568,340,517
103584,340,527
103601,343,515
103618,345,517
103634,344,522
103651,346,513
103667,348,518
103685,347,516
103701,357,515
103717,350,506
103734,355,506
103751,349,504
103768,356,507
103784,349,512
103800,348,514
103818,352,510
103834,350,513
103851,347,513
103867,351,519
103884,350,517
103901,357,518
103917,344,510
103933,352,510
103951,352,518
103967,364,517
103984,346,514
104000,345,523
104017,338,512
104034,345,515
104050,344,510
104067,342,519
104084,345,520
104100,336,516
104117,341,519
104133,342,509
104151,344,516
104167,333,529
104183,338,528
104200,339,525
104217,332,524
104233,334,526
104250,341,520
104266,334,525
104284,330,531
104300,327,523
104316,327,520
104333,323,521
104350,335,526
104367,333,527
104383,330,526
104399,332,520
104417,333,516
104433,334,522
104450,331,514
104466,330,523
104483,332,521
104500,328,516
104516,326,512
104532,334,516
104550,332,515
104566,331,518
104583,325,518
104599,332,512
104616,337,510
104633,331,514
104649,335,515
104666,326,526
104683,337,517
104699,338,515
104716,342,510
104732,331,510
104750,337,518
104766,330,514
104782,338,516
104799,336,510
104816,333,507
104833,336,513
104849,333,515
104865,334,515
104883,341,522
104899,337,512
104915,338,512
104932,335,511
104949,343,519
104966,333,514
104982,340,523
104998,335,508
105016,335,513
105032,328,508
105049,342,517
105065,331,515
105082,333,515
105099,335,512
105115,332,503
105132,333,507
105149,331,508
105165,326,513
105182,334,503
105198,328,502
105216,336,502
105232,335,509
105248,328,506
105265,334,512
105282,335,507
105298,335,506
105315,335,508
105331,332,507
105349,332,509
105365,333,515
105381,334,508
105398,332,507
105415,340,510
105432,326,510
105448,331,515
105464,339,519
105482,332,524
105498,333,531
105515,329,517
105531,341,521
105548,334,534
105565,334,528
105581,350,526
105597,361,535
105615,322,530
105631,329,534
105648,332,541
105664,334,539
105681,336,539
105698,343,536
105714,337,537
105731,335,534
105748,336,540
105764,338,540
105781,330,536
105797,336,529
105815,351,530
105831,331,532
105847,336,527
105864,324,530
105881,333,524
105897,336,517
105914,334,522
105930,332,519
105948,338,528
105964,342,523
105980,341,516
105997,340,517
106014,343,517
106031,337,518
106047,328,518
106063,336,524
106081,335,516
106097,342,513
106114,336,513
106130,336,517
106147,340,523
106164,341,525
106180,342,513
106196,345,515
106214,341,514
106230,334,518
106247,337,520
106263,344,517
106280,327,517
106297,338,517
106313,336,514
106330,337,511
106347,339,510
106363,336,510
106380,336,505
106396,329,503
106414,332,507
106430,336,512
106446,332,513
106463,331,511
106480,335,518
106497,334,507
106513,332,515
106529,323,517
106547,328,518
106563,328,512
106579,328,508
106596,317,511
106613,323,509
106630,323,516
106646,323,512
106662,323,510
106680,323,507
106696,325,503
106713,326,504
106729,323,510
106746,326,510
106763,327,510
106779,326,506
106796,328,505
106813,330,509
106829,328,509
106846,328,512
106862,320,513
106880,328,503
106896,326,509
106912,329,512
106929,331,511
106946,326,514
106962,327,505
106979,326,506
106995,328,506
107013,330,510
107029,330,512
107045,324,514
107062,334,514
107079,341,503
107096,328,510
107112,333,510
107128,330,512
107146,331,516
107162,330,510
107179,332,507
107195,335,516
107212,335,509
107229,331,508
107245,337,508
107261,337,502
107279,334,495
107295,338,492
107312,341,492
107328,334,492
107345,333,492
107362,333,483
107378,323,488
107395,326,490
107412,318,485
107428,317,494
107445,320,490
107461,316,493
107479,309,489
107495,312,496
107511,313,487
107528,317,507
107545,315,502
107561,312,503
107578,321,501
107594,313,506
107612,320,507
107628,316,514
107644,320,511
107661,327,504
107678,317,513
107695,323,520
107711,320,518
107727,320,522
107745,318,515
107761,323,518
107778,326,521
107794,321,517
107811,322,522
107828,326,526
107844,328,522
107860,323,517
107878,329,516
107894,328,514
107911,330,525
107927,327,518
107944,341,524
107961,344,516
107977,334,522
107994,335,523
108011,342,524
108027,342,527
108044,337,522
108060,341,517
108078,342,522
108094,337,518
108110,342,520
108127,344,521
108144,342,524
108161,344,518
108177,342,512
108193,338,519
108211,344,516
108227,334,522
108243,331,520
108260,329,515
108277,329,521
108294,325,525
108310,325,528
108326,322,528
108344,322,526
108360,326,528
108377,325,526
108393,324,528
108410,326,538
108427,322,529
108443,331,526
108460,324,528
108477,328,519
108493,328,528
108510,325,527
108526,329,523
108544,331,530
108560,329,517
108576,335,517
108593,330,522
108610,334,530
108626,339,524
108643,332,519
108659,337,517
108677,337,516
108693,333,517
108709,337,521
108726,336,519
108743,334,519
108760,343,513
108776,341,512
108792,331,513
108810,336,519
108826,339,516
108843,334,512
108859,343,508
108876,337,518
108893,346,514
108909,343,517
108925,344,518
108943,345,514
108959,342,509
108976,341,510
108992,343,514
109009,342,515
109026,338,516
109042,339,510
109059,336,508
109076,333,508
109092,337,516
109109,333,509
109125,340,512
109143,342,508
109159,343,503
109175,334,510
109192,331,509
109209,338,514
109225,333,508
109242,341,507
109258,339,509
109276,337,503
109292,338,515
109308,335,511
109325,339,508
109342,339,505
109359,340,506
109375,337,503
109391,331,508
109409,332,512
109425,335,510
109442,332,509
109458,333,509
109475,329,508
109492,324,514
109508,334,513
109524,334,521
109542,337,519
109558,336,509
109575,341,517
109591,343,511
109608,357,515
109625,347,507
109641,349,507
109658,347,503
109675,349,506
109691,348,510
109708,348,506
109724,351,504
109742,348,502
109758,351,500
109774,352,509
109791,355,512
109808,358,509
109825,357,513
109841,355,507
109857,355,508
109875,351,511
109891,354,514
109907,352,518
109924,356,509
109941,350,509
109958,350,510
109974,348,511
109990,349,516
110008,347,514
110024,345,516
110041,348,504
110057,342,510
110074,345,510
110091,340,516
110107,338,515
110124,338,511
110141,338,514
110157,339,508
110174,333,518
110190,332,515
110208,333,516
110224,335,517
110240,334,515
110257,336,514
110274,333,515
110290,330,520
110307,332,516
110323,332,510
110341,329,506
110357,327,514
110373,332,514
110390,334,513
110407,336,509
110424,343,507
110440,337,502
110456,337,501
110474,333,506
110490,343,500
110507,342,509
110523,344,496
110540,342,501
110557,344,509
110573,341,507
110589,347,502
110607,332,507
110623,338,509
110640,334,502
110656,330,513
110673,325,520
110690,323,519
110706,320,514
110723,321,522
110740,321,517
110756,323,524
110773,319,525
110789,325,523
110807,322,528
110823,328,512
110839,322,524
110856,324,521
110873,327,523
110889,328,529
110906,329,520
110922,328,517
110940,328,517
110956,329,513
110972,326,523
110989,324,522
111006,326,517
111023,321,523
111039,331,522
111055,326,514
111073,329,533
111089,324,520
111106,324,527
111122,329,515
111139,323,523
111156,324,523
111172,325,519
111188,327,522
111206,329,525
111222,330,518
111239,336,519
111255,322,520
111272,321,521
111289,323,523
111305,320,524
111322,322,519
111339,325,520
111355,322,519
111372,324,520
111388,324,516
111406,324,522
111422,329,515
111438,325,517
111455,329,514
111472,327,519
111489,327,520
111505,325,513
111521,324,520
111539,325,516
111555,324,521
111571,321,521
111588,323,509
111605,324,518
111622,324,509
111638,326,512
111654,328,518
111672,325,513
111688,325,520
111705,327,515
111721,325,514
111738,324,509
111755,320,519
111771,323,523
111788,322,523
111805,320,518
111821,322,514
111838,318,525
111854,316,522
111872,314,533
111888,314,528
111904,314,534
111921,311,520
111938,310,522
111954,312,526
111971,314,531
111987,314,526
112005,317,522
112021,317,524
112037,326,523
112054,328,523
112071,322,524
112088,325,518
112104,327,518
112120,331,524
112138,330,513
112154,323,517
112171,334,522
112187,335,522
112204,337,512
112221,342,517
112237,334,516
112253,340,524
112271,337,513
112287,338,520
112304,336,516
112320,334,512
112337,334,517
112354,333,522
112370,336,516
112387,334,515
112404,334,510
112420,332,512
112437,335,514
112453,337,517
112471,337,522
112487,335,514
112503,334,514
112520,340,512
112537,335,515
112553,334,521
112570,335,522
112586,338,515
112604,336,514
112620,333,514
112636,336,513
112653,330,515
112670,332,518
112687,333,507
112703,333,512
112719,332,514
112737,334,510
112753,334,514
112770,335,517
112786,349,512
112803,338,506
112820,340,511
112836,342,510
112852,341,510
112870,353,514
112886,353,502
112903,356,501
112919,345,505
112936,346,510
112953,348,503
112969,349,509
112986,341,506
113003,352,497
113019,351,507
113036,346,508
113052,347,515
113070,349,507
113086,346,508
113102,340,506
113119,344,503
113136,344,507
113153,358,512
113169,337,520
113185,346,508
113203,357,509
113219,352,509
113235,345,514
113252,346,515
113269,336,512
113286,348,510
113302,342,506
113318,342,510
113336,342,515
113352,347,512
113369,346,508
113385,338,510
113402,341,509
113419,339,503
113435,336,508
113452,334,515
113469,342,509
113485,342,511
113502,337,502
113518,341,512
113536,338,508
113552,342,525
113568,339,514
113585,341,508
113602,343,517
113618,352,521
113635,345,519
113651,354,516
113669,350,527
113685,373,509
113701,350,512
113718,346,516
113735,349,510
113752,344,516
113768,352,513
113784,349,509
113802,340,517
113818,340,512
113835,344,513
113851,331,516
113868,346,518
113885,338,518
113901,341,514
113917,335,517
113935,338,529
113951,327,529
113968,337,530
113984,334,518
114001,336,526
114018,324,533
114034,336,526
114051,328,524
114068,329,523
114084,348,519
114101,339,519
114117,334,527
114135,340,524
114151,333,525
114167,338,526
114184,341,521
114201,329,515
114217,326,525
114234,326,526
114250,328,518
114268,315,526
114284,335,516
114300,326,516
114317,331,519
114334,321,522
114351,322,521
114367,324,520
114383,323,518
114401,333,518
114417,323,515
114434,319,520
114450,323,521
114467,323,513
114484,336,513
114500,320,513
114516,320,517
114534,326,518
114550,318,515
114567,327,512
114583,314,515
114600,322,520
114617,336,523
114633,306,525
114650,322,513
114667,322,509
114683,314,512
114700,308,508
114716,317,514
114734,324,520
114750,300,514
114766,331,510
114783,324,509
114800,326,520
114817,324,507
114833,325,517
114849,329,514
114867,328,504
114883,338,506
114899,333,515
114916,330,514
114933,331,518
114950,321,508
114966,320,512
114982,328,499
115000,318,512
115016,322,510
115033,329,509
115049,326,513
115066,328,507
115083,330,504
115099,328,507
115116,330,504
115133,336,514
115149,326,508
115166,329,506
115182,325,504
115200,329,498
115216,323,498
115232,332,502
115249,324,495
115266,317,492
115282,306,495
115299,308,495
115315,314,495
115333,297,496
115349,303,494
115365,307,492
115382,307,498
115399,305,496
115416,301,502
115432,311,501
115448,312,496
115466,319,501
115482,310,508
115499,320,496
115515,312,508
115532,335,507
115549,328,504
115565,342,504
115581,334,502
115599,341,510
115615,340,516
115632,340,518
115648,346,518
115665,357,516
115682,356,520
115698,351,518
115715,351,533
115732,363,527
115748,357,529
115765,349,527
115781,367,527
115799,357,539
115815,378,527
115831,345,533
115848,356,538
115865,356,529
115881,373,529
115898,362,525
115914,365,532
115932,360,530
115948,367,523
115964,351,526
115981,364,523
115998,351,526
116015,341,524
116031,344,520
116047,348,516
116065,351,522
116081,346,517
116098,345,525
116114,363,520
116131,363,524
116148,335,515
116164,347,518
116180,331,512
116198,334,518
116214,337,518
116231,336,515
116247,328,517
116264,332,510
116281,338,506
116297,334,518
116314,351,520
116331,333,511
116347,337,515
116364,341,516
116380,328,506
116398,332,521
116414,326,515
116430,322,514
116447,336,519
116464,322,506
116481,326,513
116497,349,517
116513,338,516
116531,357,517
116547,340,516
116563,333,510
116580,329,514
116597,328,520
116614,333,516
116630,317,517
116646,322,511
116664,325,509
116680,320,511
116697,338,509
116713,328,515
116730,323,520
116747,321,504
116763,319,511
116780,322,513
116797,319,516
116813,320,519
116830,330,512
116846,337,510
116864,324,507
116880,338,517
116896,336,509
116913,333,519
116930,341,515
116946,327,513
116963,336,512
116979,330,510
116997,338,520
117013,327,509
117029,324,512
117046,328,510
117063,332,506
117080,328,515
117096,329,514
117112,332,514
117130,334,511
117146,336,514
117163,338,507
117179,342,512
117196,339,517
117213,337,507
117229,343,514
117245,335,507
117263,336,508
117279,333,513
117296,335,512
117312,332,513
117329,335,512
117346,333,507
117362,332,513
117379,332,509
117396,332,513
117412,332,512
117429,333,511
117445,333,503
117463,335,513
117479,333,511
117495,330,515
117512,338,515
117529,335,510
117545,333,507
117562,331,509
117578,330,514
117596,333,512
117612,332,514
117628,329,513
117645,333,505
117662,330,513
117679,333,516
117695,332,518
117711,331,512
117729,329,513
117745,330,516
117762,329,509
117778,326,516
117795,326,519
117812,326,514
117828,330,513
117844,340,512
117862,322,520
117878,325,513
117895,325,522
117911,328,517
117928,329,516
117945,332,513
117961,326,511
117978,327,517
117995,321,523
118011,331,514
118028,323,516
118044,334,513
118062,325,517
118078,330,522
118094,325,517
118111,326,514
118128,323,514
118145,324,508
118161,326,515
118177,322,518
118195,321,515
118211,326,516
118227,325,514
118244,327,514
118261,320,515
118278,325,518
118294,322,515
118310,325,515
118328,320,510
118344,328,513
118361,330,514
118377,319,516
118394,326,514
118411,323,514
118427,324,508
118444,326,512
118461,322,513
118477,328,513
118494,326,517
118510,330,510
118528,325,509
118544,331,512
118560,325,515
118577,326,516
118594,327,514
118610,327,514
118627,332,507
118643,327,513
118661,330,514
118677,337,513
118693,333,517
118710,329,508
118727,332,510
118744,334,513
118760,325,513
118776,330,518
118794,331,520
118810,333,511
118827,330,512
118843,334,515
118860,335,510
118877,335,518
118893,336,515
118909,340,514
118927,339,512
118943,331,516
118960,335,517
118976,331,515
118993,333,514
119010,333,512
119026,329,510
119043,339,509
119060,334,518
119076,332,520
119093,330,519
119109,334,521
119127,331,510
119143,329,520
119159,333,517
119176,334,516
119193,332,515
119209,336,512
119226,334,513
119242,335,512
119260,338,513
119276,335,521
119292,337,512
119309,337,515
119326,336,515
119343,338,516
119359,339,514
119375,339,521
119393,335,517
119409,336,513
119426,336,512
119442,335,513
119459,340,511
119476,345,518
119492,338,517
119508,341,511
119526,338,512
119542,342,517
119559,333,520
119575,336,515
119592,338,513
119609,340,507
119625,343,510
119642,339,517
119659,341,523
119675,342,515
119692,340,512
119708,346,511
119726,340,511
119742,337,511
119758,337,521
119775,340,518
119792,342,513
119809,334,512
119825,343,518
119841,342,519
119859,340,510
119875,342,520
119891,341,514
119908,339,516
119925,339,509
119942,338,524
119958,336,515
119974,337,519
119992,341,522
120008,333,508
120025,331,513
120041,337,515
120058,338,517
120075,336,514
120091,337,507
120108,336,505
120125,340,509
120141,335,514
120158,334,517
120174,338,514
120192,339,510
120208,335,505
120224,337,508
120241,344,514
120258,344,516
120274,332,521
120291,337,509
120307,334,508
120325,334,510
120341,334,516
120357,337,522
120374,334,516
120391,340,516
120408,336,507
120424,335,510
120440,336,515
120458,341,516
120474,337,510
120491,342,515
120507,335,508
120524,337,512
120541,333,519
120557,335,514
120573,333,513
120591,335,510
120607,333,505
120624,342,517
120640,332,508
120657,333,519
120674,332,507
120690,337,514
120707,333,509
120724,336,515
120740,332,507
120757,338,523
120773,337,510
120791,340,509
120807,334,508
120823,343,517
120840,337,512
120857,344,511
120873,343,512
120890,341,510
120906,345,506
120924,336,515
120940,334,518
120956,334,516
120973,336,515
120990,331,516
121007,335,509
121023,344,518
121039,332,523
121057,329,515
121073,333,516
121090,332,510
121106,333,511
121123,329,515
121140,333,521
121156,331,517
121172,333,511
121190,336,512
121206,330,508
121223,330,515
121239,331,511
121256,329,515
121273,330,514
121289,328,505
121306,327,512
121323,327,515
121339,325,513
121356,328,518
121372,321,513
121390,330,518
121406,326,509
121422,330,513
121439,324,518
121456,327,522
121473,326,512
121489,328,514
121505,332,512
121523,330,519
121539,324,515
121555,326,520
121572,330,515
121589,330,516
121606,330,513
121622,329,514
121638,332,517
121656,327,523
121672,324,514
121689,329,512
121705,331,517
121722,324,516
121739,326,525
121755,331,514
121772,333,519
121789,336,509
121805,313,516
121822,333,515
121838,335,518
121856,323,517
121872,322,509
121888,324,511
121905,319,510
121922,325,518
121938,328,518
121955,326,513
121971,328,512
121989,325,517
122005,329,513
122021,331,512
122038,326,518
122055,338,517
122072,331,510
122088,334,513
122104,328,514
122122,331,518
122138,331,521
122155,326,512
122171,329,517
122188,346,510
122205,348,513
122221,314,512
122237,335,518
122255,312,512
122271,336,513
122288,315,504
122304,324,518
122321,331,516
122338,330,522
122354,327,522
122371,330,510
122388,332,511
122404,337,518
122421,332,512
122437,334,518
122455,336,515
122471,329,510
122487,337,512
122504,332,513
122521,330,513
122537,338,516
122554,332,514
122570,332,514
122588,335,509
122604,336,514
122620,341,520
122637,325,514
122654,339,512
122671,349,513
122687,327,513
122703,335,514
122721,331,516
122737,336,520
122754,336,517
122770,337,508
122787,337,509
122804,336,515
122820,335,520
122836,337,518
122854,339,516
122870,344,513
122887,347,506
122903,336,517
122920,343,512
122937,342,516
122953,338,510
122970,336,514
122987,336,508
123003,337,515
123020,340,518
123036,338,512
123054,341,512
123070,343,514
123086,344,510
123103,342,515
123120,343,513
123137,340,517
123153,344,511
123169,340,511
123187,343,511
123203,340,516
123219,336,511
123236,338,512
123253,341,510
123270,344,508
123286,343,508
123302,339,512
123320,340,513
123336,343,518
123353,340,507
123369,342,513
123386,341,512
123403,343,515
123419,341,516
123436,339,513
123453,341,513
123469,338,514
123486,339,510
123502,336,517
123520,337,517
123536,339,508
123552,353,518
123569,342,510
123586,338,510
123602,341,515
123619,336,516
123635,339,512
123653,337,517
123669,337,508
123685,336,512
123702,339,515
123719,335,512
123736,340,516
123752,335,512
123768,338,509
123786,338,511
123802,338,511
123819,337,516
123835,337,515
123852,335,513
123869,329,506
123885,337,515
123901,332,516
123919,331,515
123935,331,515
123952,334,508
123968,337,508
123985,337,510
124002,332,513
124018,338,517
124035,332,513
124052,332,508
124068,343,512
124085,333,509
124101,335,512
124119,332,516
124135,336,511
124151,336,515
124168,337,509
124185,329,515
124201,333,515
124218,333,520
124234,334,513
124252,334,516
124268,332,510
124284,333,514
124301,330,513
124318,336,513
124335,328,512
124351,331,510
124367,332,515
124385,326,509
124401,323,518
124418,328,519
124434,341,514
124451,324,508
124468,327,509
124484,330,520
124500,326,513
124518,324,520
124534,328,514
124551,329,517
124567,326,510
124584,328,518
124601,328,516
124617,325,519
124634,329,512
124651,325,510
124667,321,509
124684,324,508
124700,320,504
124718,320,506
124734,315,500
124750,314,501
124767,317,499
124784,316,501
124801,317,502
124817,320,505
124833,323,502
124851,323,503
124867,329,501
124883,326,509
124900,325,512
124917,326,505
124934,331,513
124950,333,506
124966,332,504
124984,329,510
125000,330,514
125017,331,513
125033,332,507
125050,336,506
125067,327,512
125083,334,511
125100,333,518
125117,339,521
125133,340,519
125150,342,517
125166,345,521
125184,340,532
125200,346,530
125216,340,528
125233,345,535
125250,339,525
125266,345,525
125283,338,527
125299,352,534
125317,336,522
125333,343,526
125349,341,522
125366,342,521
125383,337,525
125400,341,525
125416,336,527
125432,342,517
125450,336,522
125466,339,520
125483,340,526
125499,338,521
125516,338,520
125533,342,518
125549,340,516
125565,335,519
125583,333,519
125599,335,519
125616,335,515
125632,336,513
125649,330,517
125666,333,515
125682,333,518
125699,335,522
125716,333,516
125732,331,514
125749,334,516
125765,333,510
125783,332,518
125799,331,520
125815,337,516
125832,333,512
125849,334,507
125865,337,521
125882,332,512
125898,335,520
125916,335,514
125932,336,509
125948,335,510
125965,330,512
125982,336,516
125999,329,515
126015,336,516
126031,332,511
126049,335,507
126065,346,516
126082,329,517
126098,333,514
126115,334,513
126132,338,509
126148,332,509
126164,333,513
126182,335,515
126198,338,513
126215,337,508
126231,334,510
126248,341,512
126265,336,508
126281,337,522
126298,339,509
126315,339,513
126331,336,500
126348,336,511
126364,331,511
126382,335,514
126398,336,514
126414,337,512
126431,331,510
126448,336,512
126465,334,513
126481,334,514
126497,335,519
126515,336,508
126531,340,511
126547,337,506
126564,333,514
126581,338,515
126598,335,517
126614,335,508
126630,336,511
126648,338,514
126664,336,515
126681,340,513
126697,338,516
126714,338,512
126731,334,511
126747,337,514
126764,333,514
126781,337,515
126797,336,514
126814,337,512
126830,351,512
126848,332,507
126864,337,519
126880,338,510
126897,336,516
126914,341,504
126930,334,505
126947,338,515
126963,335,514
126981,336,516
126997,343,514
127013,336,507
127030,336,505
127047,339,509
127064,337,515
127080,336,516
127096,333,510
127114,334,508
127130,330,505
127147,329,510
127163,330,517
127180,329,512
127197,333,510
127213,330,513
127229,332,509
127247,329,513
127263,331,516
127280,328,512
127296,332,518
127313,334,506
127330,328,512
127346,332,506
127363,333,518
127380,334,512
127396,328,518
127413,332,509
127429,335,510
127447,336,514
127463,334,513
127479,333,515
127496,333,513
127513,336,509
127529,335,511
127546,334,515
127562,335,514
127580,335,515
127596,333,516
127612,348,520
127629,337,505
127646,334,513
127663,336,522
127679,338,516
127695,335,514
127713,336,510
127729,331,512
127746,335,513
127762,335,517
127779,338,517
127796,335,512
127812,330,514
127828,338,509
127846,335,520
127862,336,511
127879,330,523
127895,336,515
127912,333,513
127929,329,507
127945,331,511
127962,324,516
127979,330,518
127995,330,517
128012,329,518
128028,326,509
128046,327,518
128062,328,519
128078,328,516
128095,325,517
128112,326,513
128129,327,513
128145,323,515
128161,324,520
128179,324,519
128195,323,519
128211,323,514
128228,329,516
128245,325,522
128262,320,516
128278,324,521
128294,324,513
128312,326,514
128328,316,510
128345,324,514
128361,321,526
128378,324,516
128395,326,513
128411,320,510
128428,324,513
128445,336,519
128461,328,511
128478,328,522
128494,328,500
128512,335,509
128528,333,493
128544,339,504
128561,334,504
128578,330,495
128594,333,484
128611,336,496
128627,327,495
128645,330,498
128661,320,492
128677,310,493
128694,310,494
128711,308,495
128728,296,492
128744,298,505
128760,294,495
128778,295,504
128794,299,492
128811,298,509
128827,299,509
128844,297,508
128861,302,509
128877,303,509
128893,303,504
128911,309,506
128927,308,509
128944,308,515
128960,306,517
128977,310,520
128994,310,518
129010,303,523
129027,307,524
129044,305,528
129060,299,524
129077,300,530
129093,304,527
129111,297,528
129127,297,529
129143,294,528
129160,299,531
129177,297,530
129193,301,527
129210,302,524
129226,304,523
129244,309,529
129260,306,534
129276,310,530
129293,310,523
129310,315,526
129327,321,535
129343,320,526
129359,327,531
129377,339,521
129393,337,524
129410,332,518
129426,345,524
129443,336,527
129460,341,526
129476,345,520
129492,348,510
129510,345,516
129526,348,520
129543,352,516
129559,359,516
129576,349,515
129593,357,512
129609,360,508
129626,362,514
129643,364,517
129659,356,514
129676,356,509
129692,364,512
129710,354,511
129726,362,520
129742,371,518
129759,374,522
129776,375,513
129793,378,521
129809,382,509
129825,380,518
129843,386,531
129859,388,525
129875,395,528
129892,390,524
129909,394,526
129926,386,532
129942,386,532
129958,384,524
129976,381,524
129992,377,521
130009,382,528
130025,376,518
130042,378,527
130059,374,522
130075,370,519
130092,373,520
130109,367,509
130125,370,520
130142,362,516
130158,356,516
130176,362,511
130192,360,512
130208,360,512
130225,359,513
130242,361,523
130258,365,519
130275,352,515
130291,352,519
130309,352,505
130325,355,520
130341,342,513
130358,348,521
130375,344,507
130392,350,513
130408,342,507
130424,347,511
130442,347,511
130458,348,510
130475,343,514
130491,339,507
130508,338,512
130525,332,513
130541,336,515
130557,335,500
130575,329,508
130591,334,499
130608,331,512
130624,332,508
130641,329,511
130658,333,507
130674,330,507
130691,336,503
130708,329,509
130724,329,508
130741,329,512
130757,329,503
130775,330,503
130791,333,507
130807,333,505
130824,322,505
130841,330,513
130857,330,502
130874,326,503
130890,325,504
130908,330,508
130924,329,510
130940,330,510
130957,329,508
130974,332,509
130991,331,506
131007,328,514
131023,335,514
131041,326,510
131057,330,506
131074,332,513
131090,332,507
131107,332,515
131124,323,513
131140,332,508
131156,331,511
131174,344,506
131190,327,500
131207,328,515
131223,334,508
131240,326,513
131257,330,501
131273,328,503
131290,328,505
131307,329,512
131323,332,513
131340,327,513
131356,334,510
131374,330,509
131390,333,510
131406,339,514
131423,331,512
131440,329,520
131457,330,507
131473,331,513
131489,331,509
131507,331,507
131523,326,514
131539,331,515
131556,331,510
131573,326,512
131590,328,508
131606,331,519
131622,330,512
131640,331,513
131656,331,514
131673,330,515
131689,331,518
131706,331,512
131723,330,523
131739,332,516
131756,333,511
131773,334,515
131789,331,509
131806,333,524
131822,335,518
131840,335,520
131856,337,514
131872,332,514
131889,334,513
131906,329,515
131922,332,515
131939,336,519
131955,334,510
131973,340,509
131989,349,517
132005,334,518
132022,334,519
132039,336,511
132056,340,510
132072,336,509
132088,338,512
132106,336,508
132122,338,512
132139,340,521
132155,339,506
132172,341,507
132189,334,510
132205,338,518
132221,341,508
132239,343,516
132255,339,506
132272,336,506
132288,335,521
132305,332,515
132322,333,519
132338,335,511
132355,337,518
132372,332,505
132388,337,519
132405,333,519
132421,335,523
132439,334,511
132455,336,510
132471,336,510
132488,332,516
132505,332,510
132521,332,514
132538,335,513
132554,333,506
132572,335,510
132588,336,513
132604,336,514
132621,334,514
132638,338,506
132655,334,514
132671,335,504
132687,336,519
132705,330,513
132721,335,518
132738,329,505
132754,331,515
132771,332,510
132788,342,513
132804,336,514
132820,332,515
132838,332,514
132854,330,507
132871,330,512
132887,335,510
132904,335,525
132921,334,506
132937,336,502
132954,333,500
132971,331,490
132987,327,494
133004,330,496
133020,323,492
133038,326,486
133054,316,482
133070,313,487
133087,312,493
133104,308,488
133121,308,487
133137,308,490
133153,305,496
133171,306,501
133187,302,494
133203,305,503
133220,303,498
133237,304,501
133254,301,500
133270,306,503
133286,312,507
133304,307,509
133320,317,514
133337,312,522
133353,320,505
133370,316,520
133387,316,518
133403,312,519
133420,308,513
133437,314,513
133453,314,511
133470,315,512
133486,316,520
133504,318,519
133520,322,521
133536,320,512
133553,325,512
133570,325,521
133586,328,512
133603,330,523
133619,338,520
133637,326,514
133653,326,516
133669,328,520
133686,327,519
133703,331,521
133720,330,521
133736,334,515
133752,337,516
133770,338,517
133786,338,524
133803,336,521
133819,343,520
133836,340,510
133853,346,519
133869,340,527
133885,341,513
133903,340,521
133919,337,522
133936,337,514
133952,337,518
133969,338,523
133986,337,520
134002,341,519
134019,343,523
134036,339,518
134052,342,518
134069,337,522
134085,341,520
134103,340,523
134119,341,519
134135,339,514
134152,341,523
134169,341,518
134185,342,522
134202,340,515
134218,341,517
134236,342,522
134252,341,510
134268,339,518
134285,344,524
134302,344,519
134319,345,514
134335,344,520
134351,346,516
134369,340,517
134385,344,526
134402,345,517
134418,344,509
134435,344,518
134452,352,508
134468,350,520
134484,343,515
134502,343,511
134518,341,519
134535,344,507
134551,340,517
134568,345,515
134585,342,515
134601,340,519
134618,343,517
134635,341,517
134651,343,508
134668,345,517
134684,342,524
134702,342,514
134718,339,510
134734,341,515
134751,336,509
134768,338,517
134785,339,516
134801,340,517
134817,344,514
134835,341,510
134851,348,521
134867,325,525
134884,335,515
134901,329,519
134918,332,514
134934,331,510
134950,324,516
134968,328,518
134984,336,517
135001,340,517
135017,330,506
135034,333,511
135051,333,510
135067,327,510
135084,330,517
135101,328,516
135117,327,511
135134,328,502
135150,332,513
135168,327,514
135184,330,516
135200,332,512
135217,338,509
135234,345,514
135250,350,513
135267,335,514
135283,333,514
135301,337,519
135317,339,506
135333,338,511
135350,336,510
135367,330,516
135384,332,518
135400,330,516
135416,348,509
135434,349,510
135450,348,514
135467,347,518
135483,351,514
135500,344,514
135517,344,515
135533,336,520
135549,329,530
135567,330,530
135583,330,531
135600,333,522
135616,329,525
135633,330,525
135650,330,524
135666,329,526
135683,331,525
135700,333,518
135716,334,508
135733,329,517
135749,334,511
135767,329,514
135783,333,503
135799,334,510
135816,328,506
135833,328,503
135849,331,507
135866,336,513
135882,332,514
135900,332,505
135916,329,505
135932,326,513
135949,322,508
135966,330,515
135983,317,507
135999,318,509
136015,323,510
136033,320,515
136049,328,511
136066,325,517
136082,320,515
136099,318,509
136116,318,512
136132,322,506
136148,317,520
136166,319,516
136182,322,520
136199,322,515
136215,328,512
136232,317,514
136249,327,516
136265,327,510
136282,327,518
136299,326,514
136315,328,511
136332,321,512
136348,323,514
136366,321,516
136382,323,513
136398,325,512
136415,322,509
136432,326,507
136449,320,511
136465,324,520
136481,325,518
136499,327,516
136515,326,506
136531,324,513
136548,328,513
136565,327,518
136582,329,512
136598,326,510
136614,327,513
136632,330,509
136648,327,514
136665,331,521
136681,331,514
136698,333,508
136715,330,510
136731,331,514
136748,333,512
136765,332,516
136781,334,519
136798,333,507
136814,334,517
136832,333,509
136848,341,514
136864,337,516
136881,332,516
136898,333,514
136914,334,510
136931,334,514
136947,336,515
136965,336,517
136981,335,514
136997,330,513
137014,341,517
137031,333,514
137048,338,510
137064,343,517
137080,338,514
137098,338,509
137114,338,513
137131,333,514
137147,336,519
137164,340,513
137181,334,515
137197,340,506
137213,334,517
137231,333,512
137247,340,516
137264,331,517
137280,339,513
137297,334,513
137314,336,516
137330,336,511
137347,334,516
137364,338,519
137380,338,512
137397,338,507
137413,335,516
137431,336,511
137447,340,517
137463,341,515
137480,339,512
137497,342,508
137513,338,507
137530,345,510
137546,336,514
137564,338,512
137580,340,513
137596,338,504
137613,341,511
137630,354,506
137647,341,515
137663,343,518
137679,341,507
137697,342,512
137713,340,511
137730,339,510
137746,341,514
137763,340,516
137780,339,510
137796,336,511
137812,341,508
137830,333,518
137846,344,513
137863,340,512
137879,342,512
137896,334,517
137913,339,514
137929,326,522
137946,330,513
137963,331,519
137979,323,507
137996,327,514
138012,322,516
138030,327,517
138046,331,518
138062,325,512
138079,333,514
138096,338,515
138113,326,518
138129,334,514
138145,330,518
138163,331,516
138179,336,510
138195,337,512
138212,334,510
138229,326,522
138246,329,511
138262,326,512
138278,320,512
138296,323,512
138312,325,513
138329,329,513
138345,329,515
138362,326,514
138379,326,506
138395,328,508
138412,327,513
138429,336,513
138445,337,509
138462,334,514
138478,331,505
138496,335,508
138512,331,507
138528,330,514
138545,334,515
138562,327,513
138578,327,506
138595,327,511
138611,329,513
138629,331,511
138645,336,516
138661,335,508
138678,331,505
138695,331,513
138712,332,507
138728,332,511
138744,332,516
138762,331,512
138778,328,505
138795,330,509
138811,334,514
138828,331,520
138845,330,515
138861,331,512
138877,338,506
138895,333,513
138911,340,514
138928,348,514
138944,342,519
138961,348,509
138978,343,508
138994,342,507
139011,336,513
139028,338,516
139044,333,518
139061,331,507
139077,338,511
139095,339,512
139111,341,513
139127,341,518
139144,345,522
139161,334,516
139177,345,508
139194,339,517
139210,337,519
139228,341,526
139244,353,524
139260,343,519
139277,342,514
139294,348,518
139311,336,523
139327,345,517
139343,330,521
139361,340,517
139377,346,518
139394,343,510
139410,335,519
139427,338,519
139444,342,515
139460,349,514
139476,340,510
139494,335,514
139510,336,513
139527,327,515
139543,338,519
139560,337,508
139577,333,511
139593,338,507
139610,336,516
139627,332,514
139643,334,513
139660,344,509
139676,336,508
139694,333,512
139710,333,517
139726,343,516
139743,331,518
139760,347,509
139777,350,511
139793,353,514
139809,337,512
139827,348,515
139843,347,518
139859,340,507
139876,335,508
139893,340,509
139910,333,514
139926,330,512
139942,328,510
139960,330,507
139976,325,507
139993,324,510
140009,331,514
140026,333,514
140043,343,517
140059,334,510
140076,337,505
140093,338,510
140109,338,510
140126,342,513
140142,346,508
140160,338,507
140176,346,506
140192,341,514
140209,338,515
140226,339,513
140242,343,513
140259,340,508
140275,335,514
140293,345,512
140309,334,522
140325,334,510
140342,345,516
140359,339,508
140376,336,505
140392,347,512
140408,336,516
140426,347,516
140442,335,511
140459,342,508
140475,343,510
140492,342,512
140509,344,510
140525,347,501
140541,350,498
140559,354,494
140575,349,497
140592,357,500
140608,353,493
140625,352,503
140642,353,498
140658,352,491
140675,354,499
140692,347,503
140708,356,507
140725,346,508
140741,350,497
140759,339,501
140775,345,502
140791,338,515
140808,344,505
140825,340,513
140841,335,509
140858,332,503
140874,337,515
140892,330,499
140908,329,510
140924,331,511
140941,328,506
140958,334,507
140975,331,508
140991,332,513
141007,332,511
141025,325,517
141041,336,510
141058,328,509
141074,333,516
141091,326,512
141108,332,521
141124,334,511
141140,330,512
141158,331,514
141174,328,518
141191,327,522
141207,319,525
141224,327,529
141241,323,529
141257,324,529
141274,317,530
141291,315,537
141307,312,536
141324,313,533
141340,315,534
141358,307,524
141374,313,530
141390,314,536
141407,312,525
141424,314,525
141441,320,526
141457,318,524
141473,318,525
141491,319,519
141507,322,523
141523,326,521
141540,329,515
141557,323,521
141574,340,523
141590,334,527
141606,329,519
141624,334,525
141640,335,519
141657,336,514
141673,340,519
141690,340,531
141707,341,517
141723,351,514
141740,351,513
141757,360,498
141773,361,503
141790,364,503
141806,359,497
141824,364,510
141840,364,486
141856,358,493
141873,365,502
141890,360,504
141906,361,500
141923,355,497
141939,357,496
141957,343,499
141973,349,498
141989,345,506
142006,347,515
142023,345,503
142040,341,504
142056,342,511
142072,335,499
142090,335,511
142106,338,517
142123,333,510
142139,339,511
142156,334,500
142173,336,506
142189,332,509
142205,331,517
142223,332,499
142239,335,503
142256,336,507
142272,331,510
142289,330,508
142306,336,509
142322,340,517
142339,336,505
142356,331,510
142372,334,514
142389,335,521
142405,332,508
142423,336,516
142439,338,508
142455,336,509
142472,337,512
142489,344,520
142505,338,511
142522,336,519
142538,340,496
142556,336,513
142572,351,500
142588,334,519
142605,321,512
142622,342,510
142639,334,506
142655,332,508
142671,321,519
142689,326,521
142705,323,508
142722,321,520
142738,332,505
142755,321,510
142772,328,519
142788,329,527
142804,318,513
142822,324,522
142838,330,504
142855,326,518
142871,328,511
142888,320,521
142905,324,523
142921,325,514
142938,320,502
142955,322,510
142971,324,511
142988,323,513
143004,318,520
143022,321,514
143038,322,513
143054,322,514
143071,326,518
143088,325,526
143105,336,511
143121,332,518
143137,340,509
143155,332,520
143171,333,522
143187,309,520
143204,340,517
143221,338,507
143238,330,513
143254,327,522
143270,310,521
143288,347,536
143304,326,510
143321,336,519
143337,345,503
143354,356,521
143371,338,501
143387,347,506
143404,320,513
143421,339,510
143437,362,521
143454,309,513
143470,337,518
143488,361,513
143504,327,516
143520,346,511
143537,356,499
143554,344,523
143570,333,509
143587,342,507
143603,345,508
143621,341,505
143637,349,499
143653,336,494
143670,344,516
143687,340,515
143704,340,505
143720,341,508
143736,347,504
143754,337,502
143770,337,517
143787,345,513
143803,330,501
143820,340,498
143837,332,512
143853,331,497
143869,336,510
143887,335,508
143903,327,501
143920,332,499
143936,334,516
143953,334,506
143970,355,515
143986,327,505
144003,347,505
144020,331,504
144036,342,506
144053,348,507
144069,334,513
144087,334,514
144103,342,504
144119,335,507
144136,343,512
144153,333,510
144169,339,524
144186,340,511
144202,350,513
144220,342,514
144236,343,503
144252,332,516
144269,330,528
144286,331,520
144303,344,520
144319,335,527
144335,340,513
144353,335,525
144369,338,524
144386,339,518
144402,329,522
144419,327,507
144436,329,520
144452,333,510
144468,341,518
144486,334,515
144502,338,504
144519,339,507
144535,337,509
144552,343,514
144569,322,519
144585,336,514
144602,336,517
144619,336,503
144635,339,509
144652,326,514
144668,325,520
144686,332,516
144702,327,515
144718,324,515
144735,325,509
144752,330,520
144769,338,513
144785,320,512
144801,331,512
144819,331,520
144835,313,513
144851,326,510
144868,334,516
144885,316,515
144902,324,504
144918,322,505
144934,310,514
144952,312,512
144968,318,511
144985,309,504
145001,331,500
145018,327,509
145035,321,503
145051,308,501
145068,328,510
145085,307,500
145101,308,503
145118,321,501
145134,325,509
145152,324,513
145168,310,513
145184,313,512
145201,321,509
145218,326,506
145234,326,518
145251,320,517
145267,324,519
145285,326,507
145301,329,506
145317,327,499
145334,322,508
145351,318,512
145368,310,507
145384,316,510
145400,308,501
145418,326,507
145434,322,511
145451,328,517
145467,333,515
145484,329,518
145501,333,505
145517,342,512
145533,318,514
145551,339,519
145567,315,514
145584,323,516
145600,337,508
145617,314,513
145634,320,510
145650,323,514
145667,318,520
145684,335,514
145700,339,518
145717,326,518
145733,331,510
145751,335,520
145767,340,517
145783,324,512
145800,332,510
145817,336,513
145833,341,516
145850,329,527
145866,325,517
145884,322,526
145900,327,516
145916,329,522
145933,335,517
145950,320,520
145967,333,522
145983,310,511
145999,308,514
146017,317,517
146033,319,519
146050,316,515
146066,320,518
146083,321,516
146100,334,504
146116,332,524
146132,336,505
146150,318,508
146166,338,516
146183,334,503
146199,331,511
146216,333,512
146233,340,513
146249,364,526
146266,333,509
146283,343,520
146299,348,513
146316,336,520
146332,336,518
146350,334,529
146366,330,525
146382,342,524
146399,328,520
146416,334,525
146433,331,525
146449,344,520
146465,337,520
146483,344,524
146499,339,522
146515,348,519
146532,327,520
146549,341,524
146566,333,515
146582,337,515
146598,329,515
146616,348,500
146632,333,516
146649,347,519
146665,339,516
146682,350,513
146699,343,512
146715,344,513
146732,353,520
146749,356,523
146765,337,506
146782,340,510
146798,349,516
146816,345,522
146832,342,519
146848,344,524
146865,333,530
146882,333,509
146898,328,514
146915,344,519
146931,333,523
146949,342,522
146965,324,514
146981,334,515
146998,338,524
147015,334,506
147032,340,519
147048,350,518
147064,340,520
147082,355,516
147098,337,524
147115,334,525
147131,340,528
147148,337,531
147165,332,523
147181,326,521
147197,337,520
147215,328,521
147231,328,520
147248,334,526
147264,341,521
147281,341,520
147298,352,523
147314,342,528
147331,346,529
147348,342,534
147364,345,523
147381,342,523
147397,343,523
147415,344,524
147431,343,529
147447,342,529
147464,348,519
147481,341,516
147497,337,518
147514,338,524
147530,346,520
147548,347,519
147564,338,517
147580,341,514
147597,344,510
147614,328,517
147631,356,526
147647,341,530
147663,323,527
147681,326,523
147697,330,528
147714,335,529
147730,328,537
147747,323,528
147764,327,529
147780,322,524
147796,330,528
147814,327,526
147830,318,531
147847,335,525
147863,320,522
147880,333,522
147897,323,520
147913,336,524
147930,317,521
147947,320,523
147963,336,512
147980,338,515
147996,316,513
148014,334,514
148030,339,517
148046,331,514
148063,333,513
148080,335,509
148097,338,514
148113,344,508
148129,349,513
148147,349,512
148163,355,508
148179,345,505
148196,348,507
148213,336,515
148230,328,505
148246,330,503
148262,330,498
148280,338,496
148296,344,493
148313,342,490
148329,341,488
148346,356,483
148363,352,480
148379,349,478
148396,338,481
148413,334,478
148429,333,485
148446,325,484
148462,332,477
148480,336,481
148496,327,489
148512,331,483
148529,330,491
148546,324,495
148562,326,496
148579,328,487
148595,330,500
148613,322,499
148629,328,506
148645,329,503
148662,328,504
148679,326,504
148696,329,503
148712,326,508
148728,340,507
148746,330,507
148762,330,506
148779,332,509
148795,319,509
148812,330,510
148829,321,516
148845,326,509
148861,338,510
148879,334,507
148895,339,511
148912,323,513
148928,338,513
148945,338,514
148962,341,514
148978,358,506
148995,347,515
149012,310,516
149028,320,520
149045,349,514
149061,324,514
149079,322,511
149095,328,516
149111,311,519
149128,320,517
149145,315,514
149161,325,513
149178,326,514
149194,326,516
149212,326,519
149228,332,512
149244,325,503
149261,328,502
149278,332,502
149295,333,503
149311,332,499
149327,344,510
149345,339,501
149361,342,503
149378,339,509
149394,348,506
149411,340,510
149428,342,514
149444,344,511
149460,336,509
149478,346,509
149494,341,512
149511,347,514
149527,344,507
149544,328,512
149561,346,508
149577,344,509
149594,336,514
149611,347,513
149627,334,513
149644,334,507
149660,342,507
149678,345,506
149694,355,516
149710,353,510
149727,344,515
149744,343,501
149761,339,504
149777,342,507
149793,335,504
149811,337,509
149827,344,511
149843,340,508
149860,340,508
149877,336,504
149894,341,506
149910,344,514
149926,338,512
149944,347,514
149960,338,514
149977,340,519
149993,336,523
150010,336,527
150027,333,531
150043,334,516
150060,331,521
150077,329,525
150093,330,522
150110,326,530
150126,331,521
150144,332,522
150160,337,517
150176,336,517
150193,326,525
150210,335,520
150226,332,522
150243,335,519
150259,336,518
150277,339,519
150293,331,521
150309,332,525
150326,331,530
150343,325,527
150360,346,531
150376,330,535
150392,328,538
150410,334,539
150426,337,535
150443,337,532
150459,334,526
150476,341,529
150493,349,528
150509,341,530
150525,339,525
150543,340,528
150559,342,515
150576,338,521
150592,343,522
150609,347,526
150626,336,525
150642,344,518
150659,332,515
150676,339,515
150692,329,517
150709,337,521
150725,336,511
150743,327,513
150759,334,509
150775,330,510
150792,331,513
150809,334,514
150825,333,512
150842,327,509
150858,324,508
150876,331,509
150892,321,514
150908,332,507
150925,311,507
150942,331,503
150959,325,504
150975,331,510
150991,338,509
151009,327,509
151025,338,506
151042,342,505
151058,337,506
151075,332,509
151092,330,510
151108,332,514
151124,336,507
151142,338,507
151158,337,505
151175,335,509
151191,333,513
151208,339,513
151225,345,513
151241,347,513
151258,349,512
151275,321,516
151291,321,521
151308,326,519
151324,322,517
151342,325,513
151358,326,511
151374,329,513
151391,334,517
151408,326,519
151425,322,514
151441,340,513
151457,335,516
151475,341,514
151491,334,523
151507,336,515
151524,344,512
151541,338,514
151558,334,508
151574,337,518
151590,337,518
151608,337,515
151624,342,515
151641,334,508
151657,341,509
151674,339,515
151691,345,514
151707,343,517
151724,341,511
151741,341,515
151757,343,510
151774,342,516
151790,337,519
151808,337,522
151824,337,509
151840,341,510
151857,328,510
151874,335,517
151890,331,516
151907,319,517
151923,322,517
151941,328,521
151957,328,514
151973,316,526
151990,327,529
152007,331,528
152024,349,527
152040,317,524
152056,328,525
152074,336,531
152090,334,529
152107,338,525
152123,331,520
152140,345,518
152157,341,517
152173,343,517
152189,331,522
152207,345,521
152223,336,511
152240,348,515
152256,344,513
152273,340,514
152290,340,517
152306,329,516
152323,340,513
152340,340,509
152356,351,513
152373,331,517
152389,340,519
152407,343,517
152423,335,513
152439,332,510
152456,336,516
152473,337,515
152489,342,516
152506,345,513
152522,343,510
152540,335,510
152556,337,511
152572,345,510
152589,339,512
152606,357,511
152623,343,507
152639,348,508
152655,339,507
152673,342,511
152689,312,507
152706,311,509
152722,341,507
152739,338,508
152756,309,507
152772,329,511
152788,349,512
152806,346,505
152822,379,505
152839,346,502
152855,325,506
152872,339,510
152889,362,509
152905,330,507
152922,318,503
152939,334,505
152955,340,507
152972,334,509
152988,338,511
153006,349,510
153022,340,505
153038,330,507
153055,331,510
153072,343,514
153089,332,511
153105,322,509
153121,333,506
153139,330,505
153155,329,510
153171,326,514
153188,322,512
153205,326,511
153222,327,509
153238,332,506
153254,312,513
153272,313,509
153288,333,513
153305,317,514
153321,328,508
153338,316,510
153355,324,511
153371,315,514
153388,325,515
153405,336,513
153421,322,510
153438,330,512
153454,327,512
153472,330,515
153488,330,516
153504,325,510
153521,333,510
153538,332,508
153554,336,513
153571,330,512
153587,331,516
153605,330,515
153621,329,509
153637,326,509
153654,332,511
153671,323,517
153688,334,512
153704,330,513
153720,335,509
153738,345,509
153754,339,512
153771,330,514
153787,321,516
153804,337,512
153821,338,508
153837,327,511
153853,327,514
153871,331,515
153887,337,515
153904,335,514
153920,333,511
153937,349,514
153954,329,516
153970,340,516
153987,334,515
154004,341,513
154020,331,500
154037,332,500
154053,330,503
154071,323,501
154087,327,498
154103,330,499
154120,312,494
154137,327,493
154153,314,496
154170,314,496
154186,318,495
154204,302,493
154220,314,489
154236,312,493
154253,309,498
154270,311,503
154287,315,499
154303,315,498
154319,308,497
154337,312,500
154353,306,502
154370,306,507
154386,318,507
154403,313,504
154420,341,505
154436,314,507
154452,326,510
154470,322,512
154486,317,510
154503,330,508
154519,308,505
154536,319,514
154553,325,508
154569,320,513
154586,327,512
154603,320,512
154619,327,509
154636,322,511
154652,328,516
154670,330,519
154686,337,520
154702,336,514
154719,338,514
154736,346,515
154753,322,517
154769,339,518
154785,330,518
154803,321,517
154819,335,516
154835,325,518
154852,330,520
154869,320,523
154886,333,521
154902,322,517
154918,328,521
154936,333,520
154952,328,526
154969,317,527
154985,329,520
155002,343,518
155019,325,517
155035,325,520
155052,327,527
155069,320,528
155085,329,533
155102,322,528
155118,330,535
155136,328,537
155152,323,540
155168,336,544
155185,335,542
155202,336,546
155218,340,539
155235,331,544
155251,328,545
155269,340,548
155285,344,547
155301,346,539
155318,342,539
155335,339,537
155352,340,538
155368,351,533
155384,332,533
155402,349,527
155418,333,522
155435,350,526
155451,365,528
155468,347,527
155485,356,522
155501,336,518
155517,338,517
155535,350,515
155551,352,518
155568,348,519
155584,339,516
155601,352,511
155618,348,511
155634,342,514
155651,345,515
155668,343,516
155684,347,516
155701,349,509
155717,337,509
155735,339,512
155751,333,512
155767,335,515
155784,321,512
155801,340,509
155817,334,506
155834,338,513
155850,334,513
155868,337,510
155884,331,509
155900,331,507
155917,331,507
155934,327,510
155951,332,515
155967,330,509
155983,327,509
156001,334,506
156017,326,508
156034,332,505
156050,333,508
156067,321,508
156084,333,510
156100,326,503
156116,330,506
156134,333,508
156150,326,509
156167,340,506
156183,331,505
156200,324,504
156217,339,503
156233,335,507
156250,327,509
156267,338,511
156283,346,505
156300,325,503
156316,341,504
156334,336,507
156350,334,507
156366,331,510
156383,328,508
156400,343,503
156417,332,504
156433,337,508
156449,341,512
156467,329,510
156483,332,507
156499,328,505
156516,328,505
156533,336,511
156550,330,514
156566,332,510
156582,337,509
156600,324,509
156616,324,508
156633,331,515
156649,333,513
156666,327,508
156683,334,501
156699,329,493
156716,327,493
156733,321,496
156749,320,491
156766,324,492
156782,315,488
156800,318,484
156816,315,490
156832,310,486
156849,308,492
156866,303,491
156882,311,492
156899,304,492
156915,307,498
156933,320,504
156949,311,504
156965,317,506
156982,316,505
156999,320,501
157016,320,506
157032,322,511
157048,318,510
157066,323,513
157082,334,509
157099,322,507
157115,323,510
157132,314,511
157149,323,511
157165,321,513
157181,324,510
157199,330,512
157215,325,513
157232,331,515
157248,327,516
157265,339,516
157282,330,514
157298,336,510
157315,337,512
157332,337,516
157348,329,517
157365,334,517
157381,333,513
157399,340,511
157415,328,511
157431,332,517
157448,333,519
157465,346,512
157481,341,516
157498,329,518
157514,338,525
157532,337,531
157548,336,535
157564,337,535
157581,336,532
157598,342,531
157615,334,531
157631,343,531
157647,340,531
157665,344,529
157681,348,524
157698,353,523
157714,355,524
157731,350,523
157748,349,524
157764,349,520
157780,371,516
157798,373,517
157814,354,522
157831,362,527
157847,372,530
157864,367,532
157881,361,528
157897,371,529
157914,362,532
157931,361,532
157947,364,532
157964,369,530
157980,363,528
157998,368,525
158014,382,524
158030,358,529
158047,359,526
158064,361,525
158081,357,520
158097,356,520
158113,353,520
158131,347,522
158147,339,520
158163,355,520
158180,337,514
158197,338,513
158214,322,516
158230,332,516
158246,329,519
158264,326,512
158280,341,512
158297,351,509
158313,354,513
158330,341,516
158347,348,516
158363,331,512
158380,345,514
158397,332,506
158413,325,512
158430,333,513
158446,327,514
158464,334,514
158480,323,506
158496,335,507
158513,340,501
158530,336,500
158546,335,496
158563,329,496
158579,331,494
158597,313,488
158613,313,490
158629,328,495
158646,311,493
158663,313,488
158680,319,488
158696,324,492
158712,316,496
158730,328,500
158746,307,501
158763,329,502
158779,335,496
158796,325,500
158813,325,503
158829,324,505
158845,325,508
158863,328,504
158879,329,503
158896,335,509
158912,323,509
158929,323,515
158946,331,512
158962,329,510
158979,325,509
158996,334,511
159012,337,512
159029,321,517
159045,331,514
159063,330,513
159079,320,512
159095,322,512
159112,313,516
159129,323,519
159145,314,520
159162,321,515
159178,322,515
159196,325,514
159212,326,519
159228,336,519
159245,331,522
159262,324,520
159279,339,518
159295,338,522
159311,346,518
159329,331,520
159345,331,523
159362,352,517
159378,341,517
159395,329,522
159412,344,527
159428,348,533
159444,338,535
159462,340,531
159478,338,528
159495,358,531
159511,336,532
159528,345,533
159545,348,532
159561,339,527
159578,355,522
159595,348,523
159611,340,523
159628,356,526
159644,353,525
159662,353,521
159678,351,520
159694,346,522
159711,342,522
159728,337,526
159745,346,523
159761,355,521
159777,330,519
159795,334,521
159811,342,521
159827,343,524
159844,338,523
159861,329,517
159878,334,512
159894,340,513
159910,346,514
159928,347,515
159944,329,513
159961,331,508
159977,342,506
159994,329,507
160011,330,511
160027,334,514
160044,332,512
160061,334,509
160077,351,506
160094,336,508
160110,341,511
160128,331,513
160144,335,513
160160,338,510
160177,339,508
160194,347,510
160210,337,513
160227,333,511
160243,335,513
160261,331,507
160277,333,507
160293,329,509
160310,332,514
160327,335,513
160344,330,510
160360,332,509
160376,331,507
160394,330,509
160410,334,512
160427,329,512
160443,333,511
160460,330,509
160477,330,508
160493,327,510
160509,332,513
160527,323,515
160543,324,514
160560,329,509
160576,327,507
160593,328,508
160610,323,512
160626,323,514
160643,331,513
160660,324,510
160676,331,509
160693,330,512
160709,321,514
160727,331,515
160743,330,512
160759,333,510
160776,323,508
160793,330,510
160809,335,514
160826,331,517
160842,332,516
160860,340,513
160876,324,508
160892,327,511
160909,336,514
160926,329,515
160943,327,512
160959,331,510
160975,345,505
160993,337,510
161009,329,515
161026,330,514
161042,328,515
161059,324,509
161076,331,509
161092,329,509
161108,325,517
161126,322,518
161142,328,517
161159,328,514
161175,321,513
161192,331,514
161209,321,517
161225,328,519
161242,322,514
161259,316,514
161275,323,512
161292,315,515
161308,319,519
161326,320,518
161342,332,515
161358,316,510
161375,335,512
161392,331,509
161409,317,518
161425,329,519
161441,324,516
161459,334,511
161475,330,512
161491,333,515
161508,331,515
161525,320,514
161542,328,514
161558,340,509
161574,329,510
161592,327,513
161608,327,516
161625,332,519
161641,333,513
161658,326,510
161675,342,504
161691,335,505
161708,332,511
161725,344,508
161741,340,506
161758,337,506
161774,339,505
161792,342,508
161808,342,511
161824,335,511
161841,345,511
161858,344,507
161874,344,505
161891,347,510
161907,345,512
161925,339,516
161941,338,509
161957,344,509
161974,332,507
161991,330,509
162008,331,512
162024,332,515
162040,326,511
162058,331,507
162074,325,510
162091,332,512
162107,330,515
162124,328,515
162141,321,512
162157,326,511
162173,330,509
162191,325,514
162207,326,517
162224,324,516
162240,325,515
162257,326,512
162274,323,515
162290,321,521
162307,330,528
162324,320,525
162340,322,523
162357,324,520
162373,328,518
162391,315,520
162407,332,524
162423,333,522
162440,327,519
162457,327,513
162473,323,515
162490,330,519
162506,350,520
162524,329,518
162540,324,515
162556,327,514
162573,323,515
162590,328,517
162607,332,516
162623,327,516
162639,330,508
162657,328,505
162673,334,504
162690,331,507
162706,334,512
162723,333,509
162740,334,508
162756,332,504
162772,337,506
162790,323,510
162806,343,513
162823,331,513
162839,339,508
162856,338,506
162873,341,508
162889,342,510
162906,341,513
162923,335,510
162939,346,512
162956,329,516
162972,325,518
162990,334,523
163006,325,525
163022,323,523
163039,330,519
163056,333,516
163073,333,516
163089,337,521
163105,326,522
163123,339,520
163139,338,517
163155,329,514
163172,334,515
163189,340,517
163206,334,518
163222,333,518
163238,334,513
163256,328,512
163272,338,514
163289,341,514
163305,338,518
163322,339,516
163339,334,512
163355,344,512
163372,333,509
163389,328,516
163405,337,517
163422,334,513
163438,337,512
163456,329,510
163472,325,509
163488,335,513
163505,336,515
163522,334,515
163538,326,512
163555,333,510
163571,334,513
163589,325,515
163605,329,517
163621,328,518
163638,338,512
163655,325,509
163672,328,512
163688,334,514
163704,337,516
163722,335,513
163738,334,514
163755,332,510
163771,341,510
163788,347,514
163805,337,515
163821,334,515
163837,333,510
163855,338,508
163871,344,511
163888,334,513
163904,345,516
163921,340,512
163938,332,509
163954,346,508
163971,337,509
163988,339,513
164004,337,515
164021,344,512
164037,337,508
164055,350,509
164071,347,511
164087,336,514
164104,337,515
164121,342,513
164137,342,510
164154,350,508
164170,336,512
164188,342,513
164204,336,517
164220,347,514
164237,345,511
164254,339,510
164271,341,514
164287,349,514
164303,344,516
164321,344,512
164337,343,503
164354,331,501
164370,338,500
164387,342,501
164404,334,499
164420,330,496
164436,344,493
164454,335,491
164470,337,495
164487,341,499
164503,336,500
164520,352,501
164537,338,498
164553,338,501
164570,352,506
164587,341,508
164603,336,507
164620,341,502
164636,340,497
164654,333,497
164670,334,499
164686,328,502
164703,328,505
164720,331,502
164737,323,499
164753,320,501
164769,328,502
164787,324,507
164803,331,508
164819,331,505
164836,319,503
164853,313,504
164870,318,507
164886,313,509
164902,315,514
164920,312,512
164936,317,509
164953,323,511
164969,320,512
164986,323,517
165003,325,517
165019,312,515
165036,323,514
165053,328,514
165069,318,518
165086,321,518
165102,317,518
165120,315,518
165136,320,515
165152,321,515
165169,317,517
165186,323,520
165202,321,522
165219,321,520
165235,321,519
165253,323,515
165269,316,519
165285,328,522
165302,328,522
165319,321,520
165336,328,516
165352,326,515
165368,322,519
165386,327,522
165402,327,523
165419,325,522
165435,328,515
165452,329,516
165469,327,520
165485,323,522
165501,328,524
165519,339,520
165535,344,519
165552,330,516
165568,336,518
165585,330,521
165602,339,520
165618,338,517
165635,342,516
165652,333,516
165668,347,518
165685,339,521
165701,341,519
165719,342,516
165735,345,514
165751,348,514
165768,346,515
165785,345,520
165801,353,517
165818,343,516
165834,346,512
165852,344,512
165868,347,517
165884,346,518
165901,348,518
165918,346,516
165935,362,518
165951,351,518
165967,351,524
165985,356,534
166001,359,532
166018,361,531
166034,356,531
166051,352,536
166068,357,536
166084,357,542
166100,349,540
166118,367,538
166134,353,534
166151,355,535
166167,355,535
166184,358,537
166201,336,533
166217,356,527
166234,342,527
166251,338,523
166267,340,525
166284,356,525
166300,339,525
166318,339,519
166334,341,520
166350,342,523
166367,340,524
166384,344,526
166401,337,524
166417,352,520
166433,342,519
166451,347,517
166467,349,518
166483,346,520
166500,345,520
166517,336,515
166534,334,509
166550,326,510
166566,320,508
166584,343,510
166600,332,512
166617,328,508
166633,339,507
166650,335,506
166667,338,508
166683,337,511
166700,333,511
166717,339,506
166733,340,506
166750,339,507
166766,334,510
166784,336,514
166800,337,509
166816,334,506
166833,340,503
166850,335,506
166866,329,508
166883,336,511
166899,326,507
166917,334,500
166933,330,499
166949,323,493
166966,326,493
166983,323,493
167000,333,490
167016,330,485
167032,324,479
167050,336,485
167066,317,490
167083,322,490
167099,323,492
167116,329,490
167133,309,490
167149,323,494
167165,319,498
167183,325,500
167199,322,499
167216,320,497
167232,331,499
167249,344,500
167266,336,505
167282,328,507
167299,324,507
167316,327,504
167332,311,505
167349,327,506
167365,331,510
167383,335,509
167399,321,516
167415,318,514
167432,334,525
167449,329,529
167465,328,527
167482,333,534
167498,302,534
167516,346,530
167532,329,529
167548,342,532
167565,336,534
167582,340,532
167599,343,528
167615,344,522
167631,350,520
167649,349,523
167665,355,524
167682,346,524
167698,356,523
167715,350,521
167732,356,518
167748,342,518
167764,358,519
167782,352,520
167798,344,519
167815,346,516
167831,352,511
167848,351,515
167865,344,516
167881,350,517
167898,341,513
167915,337,512
167931,344,509
167948,338,514
167964,343,516
167982,348,518
167998,342,516
168014,350,512
168031,341,513
168048,331,517
168065,335,520
168081,326,520
168097,337,516
168115,338,512
168131,319,512
168147,328,517
168164,320,512
168181,320,515
168198,319,512
168214,326,508
168230,319,507
168248,312,513
168264,325,513
168281,323,514
168297,326,512
168314,325,508
168331,336,508
168347,336,510
168364,332,513
168381,335,513
168397,345,510
168414,345,509
168430,342,507
168448,329,509
168464,339,513
168480,331,514
168497,331,511
168514,337,508
168530,342,508
168547,346,510
168563,333,513
168581,331,513
168597,347,512
168613,336,509
168630,342,508
168647,341,509
168664,334,514
168680,336,510
168696,345,507
168714,335,499
168730,334,497
168747,350,496
168763,331,501
168780,333,503
168797,344,498
168813,330,497
168829,330,500
168847,335,503
168863,328,508
168880,329,506
168896,333,504
168913,332,508
168930,330,516
168946,325,522
168963,336,525
168980,313,526
168996,334,522
169013,333,518
169029,324,520
169047,332,522
169063,329,523
169079,331,520
169096,324,520
169113,325,518
169129,332,516
169146,323,522
169162,324,523
169180,335,522
169196,326,519
169212,328,515
169229,326,516
169246,338,522
169263,316,521
169279,332,515
169295,335,505
169313,349,497
169329,322,496
169346,331,496
169362,315,498
169379,322,499
169396,324,493
169412,309,495
169428,320,494
169446,314,499
169462,300,500
169479,302,500
169495,294,498
169512,298,495
169529,300,499
169545,309,501
169562,289,505
169579,295,510
169595,311,506
169612,298,508
169628,300,508
169646,304,513
169662,307,515
169678,299,517
169695,312,514
169712,317,516
169729,308,516
169745,313,518
169761,313,519
169779,308,518
169795,320,511
169811,314,515
169828,309,514
169845,325,517
169862,320,519
169878,317,517
169894,326,514
169912,320,512
169928,332,512
169945,319,515
169961,325,518
169978,329,517
169995,332,515
170011,326,513
170028,332,514
170045,321,516
170061,330,520
170078,322,517
170094,340,514
170112,341,513
170128,324,515
170144,339,518
170161,328,520
170178,328,518
170194,330,517
170211,334,516
170227,329,516
170245,338,520
170261,328,520
170277,336,519
170294,335,515
170311,334,514
170328,335,519
170344,320,520
170360,333,521
170378,334,521
170394,325,515
170411,338,513
170427,326,517
170444,330,519
170461,332,519
170477,324,519
170493,338,513
170511,323,513
170527,332,515
170544,325,517
170560,329,520
170577,334,517
170594,324,514
170610,334,513
170627,326,514
170644,331,519
170660,331,519
170677,334,519
170693,323,516
170711,350,514
170727,324,517
170743,334,520
170760,327,520
170777,337,519
170793,330,516
170810,335,517
170826,331,519
170844,338,520
170860,324,520
170876,328,516
170893,334,510
170910,330,511
170927,320,512
170943,350,515
170959,346,519
170977,320,518
170993,332,511
171010,329,510
171026,332,514
171043,328,518
171060,328,518
171076,335,517
171092,338,511
171110,327,509
171126,343,507
171143,326,512
171159,348,515
171176,342,508
171193,356,508
171209,346,511
171226,345,511
171243,353,519
171259,344,517
171276,333,518
171292,347,515
171310,337,514
171326,339,514
171342,341,517
171359,332,521
171376,348,518
171393,344,513
171409,338,513
171425,334,519
171443,345,521
171459,332,520
171475,341,518
171492,336,517
171509,344,516
171526,338,513
171542,333,516
171558,335,520
171576,343,515
171592,337,512
171609,341,510
171625,336,508
171642,340,511
171659,331,510
171675,339,508
171692,347,509
171709,337,510
171725,330,510
171742,346,514
171758,337,510
171776,342,504
171792,357,502
171808,338,503
171825,340,503
171842,346,506
171858,341,507
171875,338,506
171891,337,502
171909,348,501
171925,341,507
171941,339,512
171958,343,517
171975,352,517
171992,340,517
172008,346,521
172024,351,526
172042,351,523
172058,334,525
172075,348,522
172091,335,510
172108,337,516
172125,340,518
172141,345,519
172157,337,526
172175,353,523
172191,351,520
172208,357,528
172224,355,528
172241,366,529
172258,365,530
172274,358,528
172291,361,524
172308,377,502
172324,368,537
172341,368,530
172357,370,527
172375,371,566
172391,370,594
172407,352,607
172424,366,643
172441,360,618
172457,354,611
172474,361,592
172490,343,562
172508,352,552
172524,352,532
172540,346,535
172557,353,529
172574,349,516
172591,346,514
172607,343,507
172623,351,508
172641,335,510
172657,348,506
172674,348,513
172690,359,495
172707,347,498
172724,347,505
172740,332,499
172756,340,500
172774,346,502
172790,331,499
172807,345,493
172823,337,500
172840,332,502
172857,341,493
172873,337,500
172890,340,494
172907,341,501
172923,333,497
172940,334,499
172956,337,498
172974,326,499
172990,332,486
173006,333,493
173023,325,497
173040,327,502
173057,323,504
173073,327,489
173089,327,496
173107,337,497
173123,334,502
173139,324,499
173156,331,502
173173,332,500
173190,327,494
173206,330,498
173222,322,501
173240,331,501
173256,324,506
173273,327,496
173289,329,500
173306,326,507
173323,331,503
173339,330,508
173356,331,504
173373,330,502
173389,333,502
173406,327,503
173422,331,502
173440,333,505
173456,332,507
173472,334,504
173489,331,500
173506,330,505
173522,337,504
173539,330,507
173555,329,509
173573,326,499
173589,332,501
173605,335,505
173622,332,505
173639,325,512
173656,327,507
173672,336,510
173688,322,502
173706,330,505
173722,332,513
173739,331,511
173755,331,509
173772,336,508
173789,328,505
173805,341,509
173821,333,507
173839,336,511
173855,337,512
173872,329,508
173888,333,503
173905,332,508
173922,327,510
173938,338,512
173955,332,514
173972,332,509
173988,334,509
174005,334,509
174021,332,510
174039,335,515
174055,339,515
174071,335,510
174088,335,506
174105,345,507
174121,339,519
174138,341,507
174154,354,516
174172,343,515
174188,349,507
174204,343,521
174221,327,517
174238,326,522
174255,326,520
174271,322,530
174287,335,502
174305,326,521
174321,335,523
174338,330,508
174354,337,515
174371,337,524
174388,325,518
174404,322,518
174420,328,525
174438,328,532
174454,318,534
174471,326,539
174487,333,511
174504,311,537
174521,331,501
174537,320,532
174554,334,513
174571,335,516
174587,317,524
174604,347,530
174620,322,521
174638,328,531
174654,331,522
174670,329,520
174687,333,517
174704,329,517
174721,326,518
174737,332,517
174753,338,512
174771,343,505
174787,325,506
174803,342,506
174820,338,507
174837,334,515
174854,336,506
174870,342,503
174886,334,504
174904,330,500
174920,333,503
174937,337,504
174953,335,503
174970,339,501
174987,328,498
175003,344,502
175020,345,500
175037,333,497
175053,339,498
175070,329,490
175086,335,492
175104,344,495
175120,341,499
175136,341,502
175153,326,501
175170,327,499
175186,340,496
175203,332,501
175219,337,505
175237,329,506
175253,336,503
175269,327,507
175286,330,502
175303,314,504
175320,341,502
175336,321,509
175352,328,504
175370,321,502
175386,334,502
175403,324,506
175419,324,509
175436,330,513
175453,328,510
175469,327,506
175485,316,507
175503,324,505
175519,347,508
175536,320,504
175552,317,500
175569,314,496
175586,318,495
175602,312,498
175619,315,500
175636,308,500
175652,327,499
175669,314,496
175685,312,499
175703,309,500
175719,302,498
175735,310,496
175752,309,495
175769,312,491
175785,310,492
175802,310,498
175818,296,501
175836,307,503
175852,311,502
175868,302,500
175885,312,502
175902,312,507
175919,319,508
175935,309,512
175951,321,507
175969,327,506
175985,313,506
176002,320,511
176018,321,517
176035,318,514
176052,328,514
176068,337,512
176084,325,512
176102,324,516
176118,336,521
176135,339,518
176151,330,517
176168,342,512
176185,332,514
176201,341,515
176218,336,521
176235,334,518
176251,341,517
176268,342,514
176284,342,514
176302,340,519
176318,339,520
176334,337,520
176351,356,518
176368,349,516
176385,345,514
176401,342,520
176417,352,520
176435,343,521
176451,343,520
176467,348,518
176484,345,518
176501,345,521
176518,344,521
176534,352,524
176550,350,520
176568,345,516
176584,355,518
176601,334,520
176617,352,522
176634,341,520
176651,347,520
176667,342,514
176684,343,516
176701,342,519
176717,339,520
176734,344,517
176750,358,518
176768,344,520
176784,345,527
176800,351,533
176817,344,536
176834,344,541
176850,345,537
176867,361,537
176883,340,539
176901,341,543
176917,353,543
176933,345,546
176950,355,539
176967,348,539
176984,350,537
177000,366,539
177016,356,541
177034,344,536
177050,349,536
177067,351,533
177083,348,529
177100,357,529
177117,352,531
177133,358,531
177149,353,529
177167,342,525
177183,343,527
177200,351,526
177216,340,529
177233,335,527
177250,348,522
177266,343,519
177283,346,518
177300,338,520
177316,338,519
177333,330,517
177349,339,515
177367,336,515
177383,339,513
177399,336,516
177416,319,521
177433,322,519
177449,319,515
177466,320,512
177482,328,513
177500,309,517
177516,329,517
177532,323,514
177549,321,514
177566,309,510
177583,315,514
177599,326,513
177615,311,515
177633,312,517
177649,315,511
177666,336,506
177682,310,509
177699,315,512
177716,331,513
177732,310,509
177748,321,505
177766,311,506
177782,317,509
177799,329,506
177815,311,508
177832,318,505
177849,314,502
177865,321,500
177882,316,503
177899,334,503
177915,318,507
177932,318,505
177948,317,504
177966,315,498
177982,316,503
177998,315,505
178015,306,508
178032,324,509
178049,313,504
178065,317,501
178081,322,503
178099,331,508
178115,327,508
178131,323,502
178148,325,502
178165,316,499
178182,327,502
178198,324,505
178214,320,508
178232,326,507
178248,324,505
178265,317,503
178281,320,505
178298,322,505
178315,313,510
178331,329,509
178348,326,505
178365,317,508
178381,332,506
178398,308,511
178414,317,513
178432,317,511
178448,323,509
178464,336,508
178481,310,507
178498,323,514
178514,309,512
178531,333,515
178547,323,511
178565,317,508
178581,326,512
178597,349,518
178614,336,517
178631,325,516
178648,332,510
178664,328,512
178680,329,515
178698,326,516
178714,329,518
178731,330,513
178747,332,513
178764,328,512
178781,336,514
178797,339,515
178813,342,515
178831,330,518
178847,340,510
178864,355,510
178880,341,512
178897,327,518
178914,325,519
178930,332,517
178947,327,510
178964,329,513
178980,333,512
178997,330,517
179013,334,517
179031,315,514
179047,353,508
179063,308,510
179080,324,511
179097,328,514
179113,312,515
179130,332,512
179146,339,506
179164,292,507
179180,333,510
179196,322,515
179213,338,516
179230,329,510
179247,340,508
179263,329,510
179279,335,512
179297,342,513
179313,310,514
179330,346,511
179346,337,508
179363,322,511
179380,325,512
179396,325,515
179412,319,516
179430,325,515
179446,367,509
179463,334,509
179479,338,513
179496,325,514
179513,339,515
179529,353,513
179546,344,510
179563,324,512
179579,320,513
179596,324,514
179612,319,510
179630,305,505
179646,346,496
179662,303,493
179679,316,496
179696,303,497
179713,310,496
179729,325,493
179745,316,491
179763,304,490
179779,308,495
179795,322,495
179812,325,496
179829,321,493
179846,317,490
179862,324,492
179878,316,493
179896,322,496
179912,323,498
179929,321,498
179945,336,495
179962,334,495
179979,328,499
179995,328,502
180012,342,501
180029,334,500
180045,339,502
180062,335,503
180078,339,506
180096,333,512
180112,340,511
180128,345,510
180145,350,510
180162,354,512
180178,350,512
180195,347,516
180211,347,516
180229,345,514
180245,345,514
180261,356,516
180278,349,519
180295,349,520
180312,348,522
180328,354,518
180344,352,516
180362,348,519
180378,347,523
180395,357,525
180411,345,522
180428,356,520
180445,350,520
180461,350,517
180477,348,523
180495,349,526
180511,339,522
180528,356,519
180544,347,517
180561,347,519
180578,341,521
180594,358,522
180611,348,524
180628,345,522
180644,352,516
180661,340,513
180677,345,514
180695,350,506
180711,350,510
180727,343,496
180744,352,494
180761,343,495
180777,345,502
180794,344,505
180810,346,509
180828,356,509
180844,351,511
180860,345,516
180877,344,520
180894,335,526
180911,345,524
180927,338,526
180943,339,525
180961,329,528
180977,332,530
180994,345,532
181010,342,532
181027,337,525
181044,340,524
181060,340,525
181076,340,528
181094,344,528
181110,336,526
181127,344,524
181143,340,520
181160,341,521
181177,333,524
181193,338,521
181210,332,525
181227,340,523
181243,332,525
181260,349,527
181276,342,534
181294,329,535
181310,334,536
181326,342,535
181343,339,534
181360,333,537
181377,327,541
181393,336,540
181409,348,537
181427,329,537
181443,333,533
181459,333,530
181476,346,533
181493,332,528
181510,342,529
181526,344,528
181542,328,528
181560,334,530
181576,323,531
181593,338,534
181609,338,530
181626,342,526
181643,335,522
181659,346,523
181676,344,525
181693,339,524
181709,355,522
181726,331,518
181742,348,515
181760,363,518
181776,354,521
181792,355,521
181809,364,520
181826,363,514
181842,355,516
181859,367,531
181875,366,528
181893,345,530
181909,346,529
181925,353,514
181942,346,522
181959,350,517
181976,330,523
181992,323,524
182008,337,518
182026,332,515
182042,318,513
182059,344,513
182075,334,513
182092,331,513
182109,340,510
182125,338,505
182141,344,502
182159,345,502
182175,342,503
182192,340,504
182208,348,503
182225,343,497
182242,342,497
182258,354,498
182275,342,500
182292,343,503
182308,347,501
182325,344,500
182341,344,500
182359,348,500
182375,346,504
182391,346,504
182408,345,502
182425,342,501
182441,350,501
182458,346,502
182474,339,505
182492,356,504
182508,332,500
182524,340,495
182541,337,494
182558,341,499
182575,338,502
182591,335,501
182607,342,496
182625,324,492
182641,343,490
182658,324,493
182674,331,497
182691,328,497
182708,331,500
182724,339,495
182740,345,496
182758,335,499
182774,325,503
182791,339,505
182807,330,503
182824,328,500
182841,333,500
182857,325,504
182874,335,514
182891,338,519
182907,324,518
182924,338,516
182940,329,517
182958,325,519
182974,337,520
182990,340,522
183007,343,517
183024,316,514
183041,324,514
183057,331,515
183073,332,520
183091,336,520
183107,327,515
183123,331,512
183140,328,513
183157,330,515
183174,336,519
183190,341,519
183206,333,516
183224,325,515
183240,335,515
183257,335,517
183273,330,519
183290,326,515
183307,334,512
183323,329,510
183340,329,510
183357,343,511
183373,326,515
183390,336,514
183406,344,510
183424,336,507
183440,334,508
183456,331,511
183473,349,515
183490,338,515
183506,338,512
183523,340,509
183539,337,508
183557,339,512
183573,329,515
183589,339,516
183606,326,516
183623,347,514
183640,344,515
183656,334,516
183672,347,519
183690,350,518
183706,322,516
183723,345,512
183739,342,515
183756,375,518
183773,320,519
183789,343,521
183805,337,518
183823,340,516
183839,347,513
183856,336,510
183872,344,510
183889,341,512
183906,352,507
183922,329,504
183939,347,507
183956,340,508
183972,336,512
183989,341,511
184005,336,509
184023,335,506
184039,345,510
184055,337,510
184072,326,514
184089,332,513
184105,336,509
184122,337,508
184138,325,508
184156,324,512
184172,331,512
184188,332,510
184205,324,509
184222,324,510
184239,337,511
184255,328,515
184271,325,515
184289,332,519
184305,332,510
184322,338,509
184338,338,512
184355,337,516
184372,330,517
184388,326,518
184404,323,513
184422,329,512
184438,331,512
184455,332,512
184471,328,517
184488,328,515
184505,325,512
184521,332,511
184538,338,510
184555,325,515
184571,325,515
184588,331,516
184604,330,510
184622,328,509
184638,336,513
184654,335,513
184671,324,515
184688,334,515
184705,337,511
184721,332,512
184737,336,510
184755,332,511
184771,323,517
184787,346,514
184804,324,512
184821,336,510
184838,330,513
184854,330,514
184870,323,518
184888,319,517
184904,338,510
184921,335,510
184937,329,513
184954,325,516
184971,333,520
184987,333,515
185004,337,511
185021,338,514
185037,331,514
185054,326,516
185070,339,517
185088,328,515
185104,320,515
185120,336,513
185137,320,514
185154,322,518
185170,328,519
185187,339,517
185203,330,517
185221,324,514
185237,330,517
185253,322,518
185270,318,519
185287,332,515
185304,325,512
185320,347,510
185336,322,514
185354,330,516
185370,317,518
185387,323,515
185403,323,511
185420,314,510
185437,327,513
185453,332,513
185469,334,512
185487,318,510
185503,333,508
185520,323,508
185536,324,510
185553,329,513
185570,330,516
185586,321,513
185603,325,510
185620,320,508
185636,328,510
185653,322,512
185669,313,515
185687,325,514
185703,318,512
185719,331,508
185736,329,511
185753,318,515
185769,307,516
185786,334,512
185802,329,509
185820,328,509
185836,324,511
185852,336,514
185869,320,516
185886,324,515
185903,323,513
185919,325,512
185935,334,516
185953,333,516
185969,321,516
185986,320,512
186002,323,510
186019,324,509
186036,325,513
186052,323,519
186068,332,521
186086,346,519
186102,332,518
186119,330,515
186135,334,518
186152,334,522
186169,327,522
186185,332,518
186202,330,516
186219,332,511
186235,333,515
186252,338,515
186268,347,517
186286,346,520
186302,337,512
186318,335,510
186335,351,509
186352,328,509
186369,339,505
186385,339,503
186401,340,500
186419,334,502
186435,335,506
186451,334,508
186468,318,510
186485,336,509
186502,320,505
186518,339,504
186534,338,507
186552,318,510
186568,323,510
186585,341,509
186601,325,505
186618,326,506
186635,319,510
186651,334,512
186668,334,509
186685,342,508
186701,342,509
186718,344,512
186734,341,516
186752,330,521
186768,329,523
186784,343,518
186801,323,515
186818,337,514
186834,335,516
186851,336,520
186867,333,520
186885,330,515
186901,333,513
186917,329,513
186934,324,513
186951,330,518
186968,331,518
186984,326,515
187000,332,510
187018,345,511
187034,345,514
187051,336,515
187067,343,517
187084,360,514
187101,341,512
187117,332,512
187133,353,514
187151,347,518
187167,336,518
187184,340,514
187200,340,510
187217,353,511
187234,341,515
187250,332,516
187267,353,514
187284,332,514
187300,338,510
187317,339,512
187333,344,515
187351,334,518
187367,339,517
187383,355,511
187400,352,505
187417,343,504
187433,355,505
187450,342,507
187466,352,509
187484,340,509
187500,356,506
187516,337,507
187533,338,510
187550,347,512
187567,347,509
187583,342,507
187599,339,507
187617,348,508
187633,319,509
187650,342,515
187666,318,517
187683,332,516
187700,352,517
187716,336,517
187732,338,520
187750,348,523
187766,336,524
187783,326,521
187799,339,517
187816,332,518
187833,336,518
187849,338,523
187866,336,523
187883,346,516
187899,342,514
187916,347,516
187932,346,518
187950,323,519
187966,352,519
187982,330,516
187999,345,511
188016,341,515
188033,341,513
188049,335,511
188065,327,508
188083,343,507
188099,335,503
188115,338,505
188132,337,508
188149,348,513
188166,341,512
188182,339,508
188198,347,506
188216,336,508
188232,336,514
188249,338,516
188265,347,514
188282,337,507
188299,334,502
188315,336,503
188332,347,505
188349,321,505
188365,320,505
188382,328,498
188398,342,497
188416,319,502
188432,333,507
188448,326,511
188465,328,510
188482,325,506
188498,317,506
188515,337,507
188531,323,511
188549,324,506
188565,318,504
188581,309,497
188598,326,499
188615,323,495
188632,313,500
188648,315,501
188664,301,501
188682,323,500
188698,307,499
188715,308,501
188731,296,510
188748,310,513
188765,308,513
188781,306,510
188797,303,512
188815,308,513
188831,305,517
188848,308,519
188864,303,519
188881,300,517
188898,312,510
188914,316,512
188931,310,517
188948,313,518
188964,307,515
188981,324,515
188997,317,510
189015,308,513
189031,328,517
189047,314,518
189064,321,518
189081,327,514
189097,327,513
189114,337,513
189130,320,518
189148,339,524
189164,332,525
189180,351,525
189197,338,523
189214,336,530
189231,350,536
189247,355,538
189263,346,537
189281,347,536
189297,362,534
189314,346,537
189330,368,539
189347,375,539
189364,365,538
189380,366,534
189396,365,529
189414,364,531
189430,376,530
189447,370,530
189463,370,525
189480,368,522
189497,368,521
189513,369,522
189530,368,524
189547,367,523
189563,360,522
189580,356,518
189596,370,515
189614,360,519
189630,357,521
189646,358,520
189663,347,518
189680,355,514
189697,352,513
189713,355,514
189729,343,519
189747,349,522
189763,336,518
189779,358,516
189796,339,515
189813,346,516
189830,348,519
189846,344,517
189862,335,515
189880,340,505
189896,336,503
189913,335,503
189929,332,506
189946,320,503
189963,329,500
189979,324,495
189996,313,494
190013,315,497
190029,308,500
190046,307,500
190062,302,498
190080,316,492
190096,315,497
190112,308,498
190129,313,504
190146,307,505
190162,310,502
190179,312,495
190195,305,499
190213,311,501
190229,309,505
190245,312,507
190262,311,503
190279,334,502
190296,314,502
190312,325,503
190328,314,509
190346,326,507
190362,326,505
190379,322,501
190395,325,501
190412,328,505
190429,329,508
190445,327,509
190461,322,509
190479,331,506
190495,337,505
190512,337,509
190528,337,512
190545,333,515
190562,341,512
190578,324,508
190595,345,508
190612,336,508
190628,349,518
190645,344,519
190661,343,518
190679,352,519
190695,351,520
190711,343,523
190728,350,529
190745,368,532
190761,344,527
190778,365,526
190794,357,526
190812,356,528
190828,349,533
190844,358,532
190861,358,530
190878,360,525
190895,361,522
190911,361,523
190927,360,528
190945,366,527
190961,352,523
190978,348,517
190994,350,519
191011,339,520
191028,344,524
191044,352,521
191060,346,519
191078,336,516
191094,351,517
191111,344,518
191127,337,519
191144,339,518
191161,344,513
191177,339,510
191194,330,512
191211,332,513
191227,334,518
191244,335,517
191260,323,513
191278,327,509
191294,334,509
191310,323,514
191327,324,514
191344,324,517
191361,319,516
191377,327,515
191393,324,518
191411,316,522
191427,314,522
191443,321,521
191460,320,519
191477,322,516
191494,318,515
191510,318,518
191526,323,516
191544,316,514
191560,321,510
191577,321,507
191593,313,507
191610,328,509
191627,306,510
191643,324,510
191660,321,509
191677,328,509
191693,324,508
191710,313,510
191726,320,514
191744,312,515
191760,322,515
191776,307,507
191793,318,503
191810,310,501
191826,313,502
191843,308,499
191859,315,492
191877,305,491
191893,302,490
191909,312,492
191926,310,496
191943,293,496
191960,302,492
191976,296,489
191992,291,490
192010,290,493
192026,278,496
192043,285,497
192059,277,496
192076,286,493
192093,284,499
192109,287,502
192125,288,507
192143,284,506
192159,294,507
192176,288,505
192192,296,509
192209,299,510
192226,303,517
192242,299,517
192259,307,514
192276,307,512
192292,312,514
192309,302,518
192325,320,518
192343,318,519
192359,325,514
192375,322,512
192392,321,515
192409,324,516
192425,326,518
192442,318,519
192458,335,514
192476,340,510
192492,324,514
192508,330,516
192525,341,518
192542,327,520
192559,340,514
192575,334,513
192591,341,512
192609,343,517
192625,331,518
192642,339,517
192658,344,513
192675,347,510
192692,349,512
192708,349,516
192724,345,519
192742,343,520
192758,353,516
192775,344,514
192791,346,513
192808,347,515
192825,354,516
192841,344,514
192858,342,512
192875,355,512
192891,355,513
192908,346,515
192924,333,518
192942,347,517
192958,351,510
192974,343,511
192991,344,512
193008,351,516
193025,341,518
193041,359,518
193057,349,511
193075,348,509
193091,352,511
193107,358,513
193124,349,513
193141,348,516
193158,358,511
193174,349,510
193190,354,509
193208,347,514
193224,359,517
193241,358,515
193257,355,513
193274,354,512
193291,350,512
193307,358,514
193324,355,518
193341,348,516
193357,356,509
193374,347,510
